,ID
0,1
1,3
2,4
3,8
4,10
5,13
6,14
7,18
8,20
9,23
10,25
11,26
12,29
13,31
14,32
15,34
16,36
17,39
18,42
19,43
20,45
21,49
22,51
23,54
24,56
25,60
26,61
27,66
28,68
29,74
30,75
31,77
32,80
33,82
34,83
35,84
36,87
37,88
38,90
39,91
40,92
41,93
42,95
43,101
44,102
45,105
46,106
47,107
48,109
49,111
50,113
51,115
52,118
53,122
54,125
55,127
56,130
57,131
58,132
59,134
60,135
61,136
62,137
63,139
64,140
65,141
66,142
67,143
68,144
69,145
70,146
71,148
72,150
73,151
74,152
75,153
76,154
77,155
78,156
79,157
80,159
81,161
82,162
83,163
84,165
85,166
86,169
87,170
88,171
89,172
90,173
91,175
92,176
93,177
94,178
95,179
96,180
97,182
98,183
99,184
100,186
101,188
102,191
103,192
104,193
105,195
106,196
107,199
108,200
109,202
110,203
111,204
112,206
113,207
114,209
115,210
116,212
117,213
118,214
119,215
120,217
121,218
122,220
123,221
124,222
125,225
126,227
127,228
128,231
129,232
130,233
131,234
132,235
133,236
134,239
135,241
136,242
137,244
138,252
139,253
140,254
141,258
142,259
143,262
144,265
145,266
146,269
147,270
148,271
149,273
150,276
151,279
152,285
153,287
154,288
155,289
156,292
157,294
158,296
159,299
160,301
161,302
162,303
163,306
164,307
165,311
166,314
167,316
168,319
169,320
170,322
171,324
172,332
173,333
174,340
175,342
176,344
177,345
178,347
179,349
180,353
181,354
182,355
183,356
184,359
185,362
186,363
187,369
188,371
189,373
190,374
191,375
192,378
193,382
194,383
195,384
196,387
197,388
198,390
199,394
200,402
201,404
202,407
203,408
204,410
205,412
206,414
207,415
208,416
209,417
210,420
211,421
212,423
213,426
214,428
215,429
216,432
217,433
218,436
219,440
220,441
221,443
222,444
223,445
224,447
225,448
226,449
227,453
228,456
229,457
230,458
231,459
232,460
233,461
234,462
235,466
236,469
237,471
238,474
239,477
240,478
241,480
242,482
243,485
244,488
245,489
246,490
247,492
248,493
249,496
250,500
251,501
252,502
253,513
254,514
255,515
256,517
257,523
258,527
259,530
260,533
261,535
262,537
263,538
264,543
265,544
266,547
267,548
268,549
269,550
270,551
271,553
272,554
273,555
274,558
275,560
276,561
277,564
278,566
279,567
280,568
281,571
282,572
283,573
284,576
285,577
286,578
287,579
288,580
289,581
290,582
291,583
292,584
293,586
294,587
295,588
296,591
297,596
298,598
299,599
300,600
301,602
302,606
303,609
304,611
305,614
306,618
307,622
308,623
309,626
310,627
311,631
312,633
313,635
314,636
315,639
316,640
317,641
318,645
319,647
320,648
321,649
322,650
323,651
324,652
325,653
326,654
327,656
328,657
329,658
330,659
331,661
332,662
333,663
334,667
335,668
336,669
337,673
338,674
339,679
340,681
341,682
342,686
343,687
344,688
345,689
346,690
347,692
348,694
349,695
350,697
351,701
352,702
353,706
354,708
355,710
356,712
357,714
358,715
359,717
360,718
361,720
362,725
363,726
364,730
365,731
366,732
367,734
368,735
369,737
370,738
371,740
372,741
373,746
374,748
375,753
376,754
377,757
378,758
379,759
380,760
381,761
382,767
383,768
384,771
385,772
386,775
387,782
388,783
389,784
390,785
391,787
392,789
393,790
394,791
395,792
396,793
397,795
398,797
399,798
400,799
401,800
402,806
403,807
404,808
405,811
406,812
407,813
408,814
409,815
410,816
411,818
412,820
413,822
414,823
415,827
416,828
417,829
418,834
419,835
420,836
421,838
422,846
423,847
424,849
425,850
426,851
427,852
428,857
429,858
430,859
431,860
432,862
433,863
434,864
435,868
436,869
437,877
438,878
439,881
440,882
441,885
442,887
443,888
444,889
445,891
446,898
447,903
448,904
449,906
450,907
451,908
452,909
453,910
454,911
455,913
456,916
457,920
458,924
459,925
460,927
461,928
462,932
463,933
464,934
465,935
466,936
467,940
468,942
469,943
470,944
471,945
472,948
473,949
474,958
475,959
476,961
477,962
478,964
479,965
480,967
481,968
482,970
483,973
484,974
485,976
486,977
487,978
488,979
489,981
490,984
491,986
492,989
493,990
494,993
495,994
496,997
497,999
498,1000
499,1003
500,1006
501,1007
502,1008
503,1009
504,1017
505,1018
506,1019
507,1020
508,1021
509,1027
510,1030
511,1031
512,1033
513,1035
514,1038
515,1040
516,1041
517,1043
518,1044
519,1047
520,1048
521,1049
522,1051
523,1053
524,1054
525,1056
526,1059
527,1061
528,1069
529,1071
530,1073
531,1074
532,1075
533,1076
534,1080
535,1083
536,1084
537,1085
538,1086
539,1087
540,1088
541,1089
542,1090
543,1091
544,1092
545,1095
546,1096
547,1097
548,1098
549,1099
550,1100
551,1101
552,1104
553,1105
554,1108
555,1109
556,1110
557,1111
558,1115
559,1117
560,1119
561,1122
562,1123
563,1124
564,1125
565,1126
566,1127
567,1129
568,1131
569,1133
570,1134
571,1136
572,1137
573,1140
574,1142
575,1144
576,1145
577,1147
578,1150
579,1154
580,1156
581,1158
582,1159
583,1163
584,1165
585,1166
586,1167
587,1170
588,1171
589,1172
590,1173
591,1175
592,1179
593,1183
594,1184
595,1186
596,1187
597,1188
598,1189
599,1191
600,1192
601,1193
602,1195
603,1197
604,1198
605,1203
606,1204
607,1205
608,1209
609,1210
610,1211
611,1213
612,1214
613,1215
614,1217
615,1218
616,1220
617,1223
618,1224
619,1226
620,1228
621,1229
622,1242
623,1243
624,1246
625,1248
626,1249
627,1252
628,1253
629,1254
630,1255
631,1256
632,1258
633,1260
634,1261
635,1262
636,1263
637,1264
638,1265
639,1269
640,1271
641,1274
642,1275
643,1277
644,1280
645,1281
646,1282
647,1285
648,1287
649,1288
650,1291
651,1295
652,1297
653,1300
654,1302
655,1303
656,1305
657,1307
658,1309
659,1313
660,1314
661,1316
662,1317
663,1321
664,1322
665,1327
666,1328
667,1330
668,1333
669,1334
670,1337
671,1339
672,1341
673,1343
674,1344
675,1346
676,1348
677,1352
678,1353
679,1357
680,1358
681,1360
682,1364
683,1373
684,1377
685,1378
686,1381
687,1382
688,1384
689,1385
690,1386
691,1391
692,1392
693,1393
694,1395
695,1398
696,1401
697,1406
698,1408
699,1410
700,1411
701,1412
702,1414
703,1417
704,1419
705,1420
706,1421
707,1424
708,1426
709,1427
710,1433
711,1437
712,1439
713,1440
714,1441
715,1442
716,1444
717,1447
718,1448
719,1449
720,1450
721,1451
722,1452
723,1454
724,1455
725,1457
726,1464
727,1465
728,1468
729,1472
730,1474
731,1475
732,1478
733,1479
734,1480
735,1483
736,1484
737,1487
738,1488
739,1489
740,1492
741,1495
742,1496
743,1497
744,1498
745,1499
746,1501
747,1502
748,1503
749,1505
750,1507
751,1508
752,1510
753,1511
754,1513
755,1515
756,1516
757,1517
758,1519
759,1521
760,1523
761,1524
762,1527
763,1528
764,1531
765,1534
766,1535
767,1536
768,1538
769,1539
770,1540
771,1541
772,1543
773,1547
774,1548
775,1550
776,1553
777,1554
778,1557
779,1559
780,1564
781,1565
782,1567
783,1569
784,1571
785,1572
786,1573
787,1574
788,1576
789,1578
790,1580
791,1583
792,1584
793,1588
794,1589
795,1590
796,1591
797,1592
798,1594
799,1595
800,1596
801,1598
802,1600
803,1601
804,1602
805,1603
806,1604
807,1605
808,1606
809,1607
810,1610
811,1611
812,1613
813,1614
814,1617
815,1620
816,1621
817,1622
818,1623
819,1626
820,1629
821,1630
822,1631
823,1632
824,1633
825,1634
826,1638
827,1639
828,1641
829,1643
830,1644
831,1646
832,1649
833,1652
834,1658
835,1660
836,1665
837,1666
838,1667
839,1668
840,1669
841,1670
842,1672
843,1675
844,1676
845,1677
846,1679
847,1681
848,1683
849,1684
850,1685
851,1686
852,1688
853,1693
854,1694
855,1695
856,1697
857,1698
858,1699
859,1700
860,1703
861,1704
862,1706
863,1708
864,1709
865,1710
866,1712
867,1713
868,1718
869,1720
870,1721
871,1722
872,1724
873,1727
874,1729
875,1732
876,1733
877,1734
878,1735
879,1737
880,1738
881,1739
882,1740
883,1741
884,1743
885,1744
886,1746
887,1748
888,1755
889,1756
890,1757
891,1762
892,1764
893,1766
894,1770
895,1771
896,1772
897,1773
898,1778
899,1781
900,1782
901,1786
902,1787
903,1788
904,1791
905,1794
906,1797
907,1799
908,1800
909,1801
910,1804
911,1807
912,1808
913,1811
914,1816
915,1822
916,1824
917,1825
918,1828
919,1830
920,1832
921,1835
922,1836
923,1843
924,1848
925,1849
926,1853
927,1854
928,1855
929,1856
930,1857
931,1858
932,1859
933,1861
934,1863
935,1868
936,1869
937,1875
938,1877
939,1880
940,1881
941,1882
942,1883
943,1886
944,1887
945,1889
946,1890
947,1891
948,1892
949,1894
950,1895
951,1896
952,1898
953,1899
954,1900
955,1904
956,1906
957,1909
958,1910
959,1911
960,1912
961,1913
962,1914
963,1915
964,1916
965,1917
966,1918
967,1920
968,1922
969,1923
970,1924
971,1925
972,1927
973,1929
974,1931
975,1932
976,1936
977,1937
978,1938
979,1941
980,1944
981,1947
982,1950
983,1951
984,1954
985,1956
986,1957
987,1958
988,1960
989,1961
990,1962
991,1964
992,1966
993,1971
994,1972
995,1974
996,1975
997,1976
998,1980
999,1981
1000,1982
1001,1983
1002,1984
1003,1985
1004,1986
1005,1987
1006,1989
1007,1990
1008,1992
1009,1993
1010,1995
1011,1999
1012,2001
1013,2003
1014,2005
1015,2006
1016,2009
1017,2013
1018,2014
1019,2016
1020,2017
1021,2020
1022,2021
1023,2022
1024,2025
1025,2027
1026,2030
1027,2032
1028,2035
1029,2036
1030,2041
1031,2043
1032,2044
1033,2046
1034,2047
1035,2051
1036,2052
1037,2053
1038,2054
1039,2055
1040,2056
1041,2058
1042,2059
1043,2060
1044,2062
1045,2064
1046,2065
1047,2066
1048,2068
1049,2071
1050,2074
1051,2077
1052,2078
1053,2079
1054,2080
1055,2083
1056,2087
1057,2089
1058,2090
1059,2091
1060,2095
1061,2097
1062,2098
1063,2099
1064,2100
1065,2101
1066,2105
1067,2106
1068,2107
1069,2110
1070,2112
1071,2114
1072,2115
1073,2122
1074,2123
1075,2128
1076,2129
1077,2130
1078,2132
1079,2135
1080,2138
1081,2140
1082,2141
1083,2142
1084,2143
1085,2147
1086,2148
1087,2154
1088,2155
1089,2156
1090,2160
1091,2162
1092,2164
1093,2165
1094,2167
1095,2168
1096,2170
1097,2172
1098,2173
1099,2174
1100,2175
1101,2176
1102,2178
1103,2180
1104,2181
1105,2183
1106,2191
1107,2192
1108,2193
1109,2197
1110,2202
1111,2204
1112,2205
1113,2206
1114,2207
1115,2212
1116,2217
1117,2219
1118,2220
1119,2221
1120,2223
1121,2225
1122,2226
1123,2227
1124,2228
1125,2231
1126,2232
1127,2233
1128,2236
1129,2238
1130,2240
1131,2246
1132,2247
1133,2249
1134,2250
1135,2252
1136,2255
1137,2256
1138,2258
1139,2259
1140,2260
1141,2263
1142,2264
1143,2265
1144,2267
1145,2268
1146,2270
1147,2271
1148,2272
1149,2273
1150,2274
1151,2276
1152,2277
1153,2280
1154,2281
1155,2282
1156,2288
1157,2292
1158,2294
1159,2295
1160,2296
1161,2297
1162,2298
1163,2299
1164,2309
1165,2310
1166,2312
1167,2314
1168,2317
1169,2319
1170,2320
1171,2321
1172,2324
1173,2326
1174,2331
1175,2335
1176,2336
1177,2339
1178,2340
1179,2342
1180,2343
1181,2346
1182,2352
1183,2353
1184,2354
1185,2355
1186,2356
1187,2357
1188,2360
1189,2362
1190,2365
1191,2367
1192,2368
1193,2371
1194,2372
1195,2374
1196,2376
1197,2378
1198,2379
1199,2380
1200,2381
1201,2382
1202,2383
1203,2389
1204,2390
1205,2391
1206,2398
1207,2399
1208,2402
1209,2404
1210,2405
1211,2406
1212,2409
1213,2411
1214,2412
1215,2413
1216,2415
1217,2417
1218,2418
1219,2419
1220,2420
1221,2424
1222,2426
1223,2427
1224,2428
1225,2429
1226,2431
1227,2432
1228,2435
1229,2436
1230,2441
1231,2443
1232,2445
1233,2446
1234,2447
1235,2448
1236,2450
1237,2451
1238,2452
1239,2453
1240,2454
1241,2455
1242,2457
1243,2459
1244,2460
1245,2461
1246,2467
1247,2468
1248,2469
1249,2471
1250,2472
1251,2473
1252,2474
1253,2475
1254,2477
1255,2479
1256,2480
1257,2481
1258,2485
1259,2486
1260,2489
1261,2490
1262,2491
1263,2492
1264,2496
1265,2497
1266,2498
1267,2500
1268,2502
1269,2505
1270,2506
1271,2508
1272,2510
1273,2513
1274,2514
1275,2518
1276,2519
1277,2520
1278,2522
1279,2523
1280,2524
1281,2526
1282,2532
1283,2534
1284,2535
1285,2536
1286,2540
1287,2547
1288,2550
1289,2551
1290,2552
1291,2553
1292,2554
1293,2557
1294,2559
1295,2560
1296,2562
1297,2564
1298,2565
1299,2568
1300,2569
1301,2570
1302,2571
1303,2575
1304,2576
1305,2577
1306,2579
1307,2583
1308,2584
1309,2585
1310,2587
1311,2590
1312,2592
1313,2593
1314,2598
1315,2602
1316,2603
1317,2604
1318,2605
1319,2606
1320,2607
1321,2608
1322,2609
1323,2610
1324,2612
1325,2620
1326,2621
1327,2622
1328,2623
1329,2624
1330,2625
1331,2627
1332,2628
1333,2629
1334,2631
1335,2633
1336,2634
1337,2635
1338,2637
1339,2638
1340,2640
1341,2641
1342,2643
1343,2645
1344,2646
1345,2650
1346,2653
1347,2654
1348,2655
1349,2657
1350,2659
1351,2660
1352,2661
1353,2662
1354,2663
1355,2665
1356,2666
1357,2668
1358,2674
1359,2675
1360,2676
1361,2677
1362,2680
1363,2681
1364,2683
1365,2686
1366,2688
1367,2690
1368,2691
1369,2692
1370,2693
1371,2694
1372,2695
1373,2696
1374,2697
1375,2698
1376,2699
1377,2703
1378,2705
1379,2706
1380,2708
1381,2709
1382,2711
1383,2712
1384,2714
1385,2717
1386,2718
1387,2719
1388,2720
1389,2721
1390,2722
1391,2723
1392,2725
1393,2729
1394,2732
1395,2734
1396,2735
1397,2738
1398,2742
1399,2743
1400,2744
1401,2746
1402,2748
1403,2750
1404,2753
1405,2754
1406,2755
1407,2756
1408,2757
1409,2758
1410,2761
1411,2762
1412,2763
1413,2765
1414,2767
1415,2768
1416,2770
1417,2771
1418,2775
1419,2777
1420,2778
1421,2780
1422,2781
1423,2784
1424,2785
1425,2786
1426,2787
1427,2790
1428,2792
1429,2795
1430,2797
1431,2798
1432,2799
1433,2800
1434,2802
1435,2807
1436,2810
1437,2811
1438,2813
1439,2818
1440,2820
1441,2823
1442,2824
1443,2826
1444,2828
1445,2832
1446,2834
1447,2835
1448,2836
1449,2837
1450,2840
1451,2841
1452,2842
1453,2844
1454,2846
1455,2847
1456,2848
1457,2851
1458,2853
1459,2854
1460,2855
1461,2856
1462,2857
1463,2858
1464,2860
1465,2864
1466,2868
1467,2870
1468,2875
1469,2878
1470,2879
1471,2883
1472,2884
1473,2887
1474,2890
1475,2894
1476,2895
1477,2896
1478,2900
1479,2902
1480,2907
1481,2909
1482,2911
1483,2912
1484,2916
1485,2923
1486,2924
1487,2931
1488,2932
1489,2933
1490,2934
1491,2935
1492,2937
1493,2938
1494,2939
1495,2940
1496,2941
1497,2942
1498,2943
1499,2945
1500,2946
1501,2947
1502,2948
1503,2953
1504,2954
1505,2956
1506,2958
1507,2962
1508,2964
1509,2965
1510,2971
1511,2977
1512,2978
1513,2979
1514,2981
1515,2982
1516,2985
1517,2987
1518,2992
1519,2993
1520,2996
1521,2998
1522,2999
1523,3004
1524,3006
1525,3010
1526,3013
1527,3014
1528,3016
1529,3018
1530,3020
1531,3021
1532,3023
1533,3024
1534,3026
1535,3029
1536,3032
1537,3034
1538,3038
1539,3040
1540,3042
1541,3043
1542,3044
1543,3045
1544,3049
1545,3052
1546,3054
1547,3057
1548,3059
1549,3061
1550,3066
1551,3068
1552,3071
1553,3075
1554,3076
1555,3077
1556,3078
1557,3081
1558,3082
1559,3085
1560,3086
1561,3087
1562,3088
1563,3090
1564,3091
1565,3092
1566,3095
1567,3097
1568,3099
1569,3103
1570,3107
1571,3108
1572,3112
1573,3114
1574,3117
1575,3118
1576,3119
1577,3121
1578,3123
1579,3125
1580,3126
1581,3127
1582,3131
1583,3134
1584,3136
1585,3137
1586,3141
1587,3142
1588,3144
1589,3145
1590,3147
1591,3151
1592,3156
1593,3157
1594,3158
1595,3160
1596,3161
1597,3165
1598,3169
1599,3170
1600,3174
1601,3175
1602,3176
1603,3178
1604,3179
1605,3180
1606,3182
1607,3184
1608,3187
1609,3188
1610,3189
1611,3191
1612,3196
1613,3198
1614,3199
1615,3202
1616,3203
1617,3204
1618,3205
1619,3209
1620,3212
1621,3213
1622,3215
1623,3220
1624,3221
1625,3222
1626,3225
1627,3226
1628,3228
1629,3233
1630,3235
1631,3236
1632,3237
1633,3238
1634,3239
1635,3240
1636,3243
1637,3245
1638,3247
1639,3251
1640,3256
1641,3258
1642,3259
1643,3261
1644,3262
1645,3263
1646,3265
1647,3269
1648,3272
1649,3273
1650,3277
1651,3279
1652,3280
1653,3281
1654,3283
1655,3285
1656,3286
1657,3290
1658,3295
1659,3297
1660,3299
1661,3300
1662,3301
1663,3305
1664,3308
1665,3313
1666,3314
1667,3317
1668,3318
1669,3319
1670,3321
1671,3323
1672,3327
1673,3328
1674,3330
1675,3333
1676,3335
1677,3338
1678,3342
1679,3343
1680,3344
1681,3346
1682,3347
1683,3349
1684,3351
1685,3353
1686,3358
1687,3359
1688,3368
1689,3369
1690,3370
1691,3371
1692,3373
1693,3379
1694,3383
1695,3384
1696,3387
1697,3388
1698,3392
1699,3395
1700,3396
1701,3397
1702,3398
1703,3399
1704,3400
1705,3402
1706,3405
1707,3408
1708,3409
1709,3412
1710,3413
1711,3415
1712,3417
1713,3420
1714,3425
1715,3428
1716,3430
1717,3432
1718,3434
1719,3439
1720,3440
1721,3441
1722,3443
1723,3445
1724,3446
1725,3448
1726,3449
1727,3452
1728,3453
1729,3457
1730,3458
1731,3462
1732,3464
1733,3466
1734,3467
1735,3471
1736,3474
1737,3477
1738,3480
1739,3482
1740,3486
1741,3487
1742,3491
1743,3492
1744,3493
1745,3495
1746,3496
1747,3497
1748,3499
1749,3500
1750,3502
1751,3504
1752,3505
1753,3508
1754,3513
1755,3515
1756,3516
1757,3518
1758,3520
1759,3523
1760,3525
1761,3528
1762,3530
1763,3531
1764,3532
1765,3533
1766,3535
1767,3537
1768,3538
1769,3546
1770,3550
1771,3551
1772,3552
1773,3554
1774,3559
1775,3560
1776,3561
1777,3562
1778,3563
1779,3567
1780,3570
1781,3572
1782,3573
1783,3575
1784,3577
1785,3578
1786,3580
1787,3581
1788,3584
1789,3587
1790,3592
1791,3595
1792,3599
1793,3604
1794,3605
1795,3607
1796,3608
1797,3609
1798,3613
1799,3615
1800,3616
1801,3620
1802,3623
1803,3625
1804,3626
1805,3629
1806,3630
1807,3631
1808,3632
1809,3633
1810,3635
1811,3636
1812,3639
1813,3640
1814,3641
1815,3642
1816,3645
1817,3647
1818,3649
1819,3650
1820,3653
1821,3655
1822,3657
1823,3660
1824,3662
1825,3666
1826,3667
1827,3672
1828,3675
1829,3677
1830,3680
1831,3681
1832,3682
1833,3686
1834,3688
1835,3689
1836,3690
1837,3691
1838,3692
1839,3694
1840,3695
1841,3697
1842,3699
1843,3701
1844,3703
1845,3704
1846,3705
1847,3708
1848,3709
1849,3710
1850,3711
1851,3712
1852,3713
1853,3714
1854,3715
1855,3717
1856,3718
1857,3719
1858,3722
1859,3724
1860,3727
1861,3728
1862,3729
1863,3730
1864,3731
1865,3732
1866,3733
1867,3738
1868,3741
1869,3742
1870,3744
1871,3745
1872,3747
1873,3748
1874,3750
1875,3751
1876,3752
1877,3753
1878,3755
1879,3758
1880,3760
1881,3761
1882,3764
1883,3765
1884,3767
1885,3768
1886,3771
1887,3772
1888,3773
1889,3774
1890,3775
1891,3779
1892,3780
1893,3782
1894,3784
1895,3785
1896,3786
1897,3789
1898,3790
1899,3796
1900,3798
1901,3799
1902,3801
1903,3803
1904,3806
1905,3808
1906,3810
1907,3812
1908,3813
1909,3814
1910,3817
1911,3818
1912,3820
1913,3826
1914,3828
1915,3832
1916,3834
1917,3835
1918,3836
1919,3837
1920,3839
1921,3840
1922,3841
1923,3843
1924,3846
1925,3847
1926,3850
1927,3852
1928,3853
1929,3854
1930,3857
1931,3860
1932,3861
1933,3863
1934,3864
1935,3867
1936,3868
1937,3870
1938,3871
1939,3872
1940,3874
1941,3875
1942,3879
1943,3880
1944,3881
1945,3882
1946,3884
1947,3885
1948,3888
1949,3889
1950,3891
1951,3892
1952,3893
1953,3895
1954,3896
1955,3897
1956,3900
1957,3905
1958,3906
1959,3907
1960,3908
1961,3910
1962,3912
1963,3913
1964,3915
1965,3920
1966,3923
1967,3924
1968,3925
1969,3927
1970,3930
1971,3931
1972,3934
1973,3935
1974,3937
1975,3939
1976,3941
1977,3943
1978,3945
1979,3947
1980,3950
1981,3952
1982,3956
1983,3957
1984,3958
1985,3961
1986,3962
1987,3966
1988,3970
1989,3971
1990,3972
1991,3973
1992,3976
1993,3977
1994,3978
1995,3979
1996,3982
1997,3983
1998,3985
1999,3987
2000,3988
2001,3990
2002,3995
2003,3998
2004,3999
2005,4000
2006,4004
2007,4006
2008,4007
2009,4008
2010,4010
2011,4012
2012,4013
2013,4015
2014,4017
2015,4019
2016,4020
2017,4023
2018,4026
2019,4028
2020,4029
2021,4030
2022,4038
2023,4039
2024,4043
2025,4045
2026,4051
2027,4053
2028,4054
2029,4056
2030,4057
2031,4059
2032,4062
2033,4064
2034,4065
2035,4066
2036,4067
2037,4069
2038,4070
2039,4072
2040,4074
2041,4077
2042,4078
2043,4080
2044,4081
2045,4082
2046,4084
2047,4085
2048,4088
2049,4090
2050,4091
2051,4094
2052,4095
2053,4097
2054,4099
2055,4101
2056,4103
2057,4104
2058,4105
2059,4107
2060,4109
2061,4115
2062,4117
2063,4118
2064,4120
2065,4122
2066,4125
2067,4127
2068,4129
2069,4130
2070,4131
2071,4132
2072,4134
2073,4137
2074,4139
2075,4140
2076,4142
2077,4143
2078,4145
2079,4146
2080,4147
2081,4149
2082,4150
2083,4151
2084,4155
2085,4156
2086,4160
2087,4163
2088,4168
2089,4169
2090,4180
2091,4182
2092,4183
2093,4186
2094,4187
2095,4197
2096,4198
2097,4201
2098,4203
2099,4205
2100,4208
2101,4209
2102,4210
2103,4218
2104,4219
2105,4222
2106,4224
2107,4225
2108,4226
2109,4227
2110,4229
2111,4230
2112,4232
2113,4237
2114,4238
2115,4239
2116,4242
2117,4243
2118,4244
2119,4245
2120,4246
2121,4250
2122,4251
2123,4253
2124,4254
2125,4257
2126,4259
2127,4262
2128,4263
2129,4264
2130,4266
2131,4267
2132,4271
2133,4272
2134,4275
2135,4279
2136,4282
2137,4283
2138,4284
2139,4285
2140,4287
2141,4288
2142,4292
2143,4294
2144,4295
2145,4296
2146,4297
2147,4298
2148,4299
2149,4301
2150,4305
2151,4307
2152,4309
2153,4310
2154,4311
2155,4312
2156,4313
2157,4315
2158,4317
2159,4318
2160,4319
2161,4322
2162,4325
2163,4328
2164,4332
2165,4338
2166,4342
2167,4343
2168,4344
2169,4345
2170,4346
2171,4347
2172,4349
2173,4352
2174,4357
2175,4360
2176,4365
2177,4367
2178,4368
2179,4371
2180,4377
2181,4378
2182,4381
2183,4384
2184,4387
2185,4390
2186,4392
2187,4394
2188,4395
2189,4397
2190,4398
2191,4399
2192,4403
2193,4404
2194,4405
2195,4406
2196,4408
2197,4410
2198,4411
2199,4412
2200,4413
2201,4415
2202,4419
2203,4424
2204,4425
2205,4428
2206,4433
2207,4435
2208,4438
2209,4439
2210,4441
2211,4447
2212,4448
2213,4450
2214,4451
2215,4452
2216,4455
2217,4456
2218,4457
2219,4461
2220,4462
2221,4463
2222,4464
2223,4465
2224,4467
2225,4468
2226,4469
2227,4471
2228,4474
2229,4475
2230,4476
2231,4479
2232,4485
2233,4487
2234,4488
2235,4491
2236,4493
2237,4497
2238,4499
2239,4500
2240,4505
2241,4509
2242,4511
2243,4512
2244,4513
2245,4518
2246,4519
2247,4520
2248,4521
2249,4523
2250,4524
2251,4525
2252,4526
2253,4527
2254,4530
2255,4532
2256,4533
2257,4534
2258,4536
2259,4537
2260,4538
2261,4539
2262,4540
2263,4545
2264,4547
2265,4548
2266,4551
2267,4552
2268,4554
2269,4555
2270,4557
2271,4558
2272,4560
2273,4563
2274,4564
2275,4569
2276,4574
2277,4575
2278,4578
2279,4579
2280,4580
2281,4581
2282,4583
2283,4586
2284,4589
2285,4591
2286,4594
2287,4595
2288,4606
2289,4607
2290,4608
2291,4609
2292,4611
2293,4612
2294,4613
2295,4614
2296,4615
2297,4618
2298,4619
2299,4620
2300,4622
2301,4623
2302,4624
2303,4628
2304,4629
2305,4630
2306,4631
2307,4632
2308,4633
2309,4635
2310,4637
2311,4639
2312,4641
2313,4644
2314,4645
2315,4646
2316,4647
2317,4648
2318,4649
2319,4653
2320,4654
2321,4656
2322,4658
2323,4659
2324,4660
2325,4663
2326,4664
2327,4665
2328,4667
2329,4668
2330,4672
2331,4673
2332,4675
2333,4677
2334,4680
2335,4681
2336,4683
2337,4684
2338,4687
2339,4688
2340,4692
2341,4695
2342,4696
2343,4697
2344,4700
2345,4701
2346,4703
2347,4707
2348,4708
2349,4709
2350,4710
2351,4711
2352,4718
2353,4723
2354,4724
2355,4728
2356,4731
2357,4733
2358,4734
2359,4736
2360,4739
2361,4743
2362,4744
2363,4745
2364,4747
2365,4748
2366,4749
2367,4750
2368,4752
2369,4754
2370,4757
2371,4758
2372,4759
2373,4762
2374,4765
2375,4766
2376,4767
2377,4769
2378,4770
2379,4771
2380,4772
2381,4774
2382,4775
2383,4776
2384,4777
2385,4779
2386,4780
2387,4781
2388,4785
2389,4786
2390,4787
2391,4789
2392,4790
2393,4795
2394,4796
2395,4801
2396,4804
2397,4805
2398,4806
2399,4810
2400,4811
2401,4814
2402,4816
2403,4817
2404,4818
2405,4819
2406,4820
2407,4821
2408,4823
2409,4824
2410,4825
2411,4830
2412,4831
2413,4832
2414,4838
2415,4839
2416,4840
2417,4841
2418,4842
2419,4843
2420,4844
2421,4849
2422,4850
2423,4855
2424,4860
2425,4862
2426,4863
2427,4864
2428,4865
2429,4871
2430,4874
2431,4876
2432,4877
2433,4879
2434,4882
2435,4883
2436,4884
2437,4885
2438,4890
2439,4892
2440,4893
2441,4894
2442,4895
2443,4897
2444,4901
2445,4905
2446,4906
2447,4907
2448,4912
2449,4913
2450,4916
2451,4917
2452,4918
2453,4920
2454,4921
2455,4923
2456,4924
2457,4925
2458,4926
2459,4928
2460,4929
2461,4930
2462,4931
2463,4933
2464,4935
2465,4939
2466,4940
2467,4943
2468,4944
2469,4947
2470,4948
2471,4950
2472,4952
2473,4954
2474,4955
2475,4957
2476,4960
2477,4962
2478,4963
2479,4966
2480,4969
2481,4970
2482,4971
2483,4972
2484,4974
2485,4975
2486,4977
2487,4978
2488,4982
2489,4987
2490,4991
2491,4994
2492,4995
2493,4998
2494,4999
2495,5000
2496,5003
2497,5004
2498,5008
2499,5010
2500,5012
2501,5013
2502,5014
2503,5015
2504,5016
2505,5017
2506,5018
2507,5019
2508,5022
2509,5025
2510,5026
2511,5027
2512,5029
2513,5030
2514,5032
2515,5038
2516,5040
2517,5041
2518,5043
2519,5046
2520,5047
2521,5048
2522,5052
2523,5057
2524,5058
2525,5062
2526,5064
2527,5066
2528,5067
2529,5068
2530,5070
2531,5072
2532,5075
2533,5076
2534,5077
2535,5078
2536,5079
2537,5083
2538,5086
2539,5087
2540,5088
2541,5089
2542,5093
2543,5094
2544,5095
2545,5097
2546,5098
2547,5100
2548,5101
2549,5107
2550,5109
2551,5110
2552,5111
2553,5113
2554,5114
2555,5115
2556,5117
2557,5118
2558,5121
2559,5122
2560,5123
2561,5124
2562,5126
2563,5127
2564,5129
2565,5130
2566,5131
2567,5133
2568,5136
2569,5140
2570,5141
2571,5143
2572,5153
2573,5154
2574,5155
2575,5157
2576,5158
2577,5160
2578,5163
2579,5164
2580,5166
2581,5167
2582,5168
2583,5169
2584,5171
2585,5176
2586,5179
2587,5180
2588,5181
2589,5182
2590,5183
2591,5186
2592,5187
2593,5190
2594,5193
2595,5196
2596,5197
2597,5202
2598,5203
2599,5204
2600,5207
2601,5209
2602,5210
2603,5211
2604,5215
2605,5216
2606,5218
2607,5220
2608,5221
2609,5223
2610,5224
2611,5228
2612,5229
2613,5233
2614,5234
2615,5239
2616,5240
2617,5241
2618,5242
2619,5243
2620,5244
2621,5247
2622,5249
2623,5251
2624,5255
2625,5256
2626,5258
2627,5259
2628,5260
2629,5262
2630,5263
2631,5264
2632,5265
2633,5266
2634,5268
2635,5270
2636,5271
2637,5274
2638,5276
2639,5277
2640,5282
2641,5284
2642,5285
2643,5288
2644,5289
2645,5290
2646,5293
2647,5295
2648,5296
2649,5297
2650,5298
2651,5299
2652,5301
2653,5302
2654,5305
2655,5308
2656,5309
2657,5312
2658,5314
2659,5316
2660,5318
2661,5320
2662,5322
2663,5323
2664,5324
2665,5325
2666,5326
2667,5327
2668,5328
2669,5330
2670,5333
2671,5334
2672,5338
2673,5339
2674,5342
2675,5346
2676,5347
2677,5348
2678,5351
2679,5355
2680,5360
2681,5361
2682,5362
2683,5364
2684,5365
2685,5368
2686,5369
2687,5370
2688,5371
2689,5372
2690,5375
2691,5376
2692,5380
2693,5382
2694,5383
2695,5384
2696,5385
2697,5387
2698,5388
2699,5390
2700,5391
2701,5392
2702,5393
2703,5394
2704,5396
2705,5399
2706,5400
2707,5401
2708,5403
2709,5405
2710,5406
2711,5407
2712,5408
2713,5413
2714,5415
2715,5416
2716,5417
2717,5418
2718,5420
2719,5421
2720,5422
2721,5423
2722,5425
2723,5426
2724,5427
2725,5428
2726,5433
2727,5434
2728,5435
2729,5437
2730,5439
2731,5440
2732,5441
2733,5442
2734,5450
2735,5451
2736,5452
2737,5453
2738,5455
2739,5456
2740,5458
2741,5460
2742,5463
2743,5464
2744,5466
2745,5467
2746,5468
2747,5469
2748,5473
2749,5475
2750,5476
2751,5477
2752,5481
2753,5483
2754,5484
2755,5486
2756,5489
2757,5490
2758,5491
2759,5493
2760,5495
2761,5498
2762,5500
2763,5502
2764,5506
2765,5512
2766,5516
2767,5518
2768,5519
2769,5521
2770,5522
2771,5523
2772,5525
2773,5528
2774,5529
2775,5530
2776,5531
2777,5533
2778,5536
2779,5539
2780,5542
2781,5545
2782,5546
2783,5549
2784,5551
2785,5552
2786,5555
2787,5556
2788,5561
2789,5562
2790,5563
2791,5565
2792,5570
2793,5571
2794,5572
2795,5573
2796,5576
2797,5579
2798,5580
2799,5582
2800,5584
2801,5589
2802,5591
2803,5594
2804,5595
2805,5596
2806,5597
2807,5600
2808,5601
2809,5608
2810,5609
2811,5612
2812,5615
2813,5621
2814,5625
2815,5628
2816,5631
2817,5632
2818,5636
2819,5638
2820,5639
2821,5641
2822,5643
2823,5645
2824,5648
2825,5649
2826,5650
2827,5651
2828,5652
2829,5655
2830,5657
2831,5658
2832,5659
2833,5665
2834,5666
2835,5669
2836,5670
2837,5672
2838,5675
2839,5678
2840,5683
2841,5685
2842,5687
2843,5689
2844,5693
2845,5694
2846,5695
2847,5697
2848,5698
2849,5701
2850,5703
2851,5704
2852,5705
2853,5706
2854,5708
2855,5713
2856,5716
2857,5718
2858,5719
2859,5720
2860,5721
2861,5723
2862,5724
2863,5728
2864,5729
2865,5730
2866,5731
2867,5733
2868,5735
2869,5736
2870,5739
2871,5742
2872,5743
2873,5744
2874,5745
2875,5746
2876,5748
2877,5749
2878,5751
2879,5752
2880,5753
2881,5762
2882,5766
2883,5771
2884,5772
2885,5773
2886,5774
2887,5775
2888,5776
2889,5777
2890,5778
2891,5779
2892,5780
2893,5781
2894,5783
2895,5786
2896,5788
2897,5789
2898,5794
2899,5795
2900,5796
2901,5799
2902,5800
2903,5801
2904,5808
2905,5809
2906,5811
2907,5813
2908,5814
2909,5821
2910,5822
2911,5823
2912,5824
2913,5826
2914,5830
2915,5831
2916,5833
2917,5835
2918,5838
2919,5840
2920,5842
2921,5843
2922,5844
2923,5845
2924,5846
2925,5848
2926,5850
2927,5854
2928,5856
2929,5858
2930,5860
2931,5861
2932,5864
2933,5865
2934,5866
2935,5868
2936,5875
2937,5877
2938,5878
2939,5880
2940,5884
2941,5885
2942,5886
2943,5887
2944,5891
2945,5893
2946,5894
2947,5895
2948,5897
2949,5899
2950,5900
2951,5901
2952,5909
2953,5910
2954,5911
2955,5912
2956,5914
2957,5918
2958,5919
2959,5920
2960,5922
2961,5924
2962,5926
2963,5927
2964,5929
2965,5933
2966,5935
2967,5938
2968,5940
2969,5944
2970,5951
2971,5952
2972,5954
2973,5957
2974,5958
2975,5961
2976,5963
2977,5971
2978,5972
2979,5974
2980,5976
2981,5978
2982,5979
2983,5987
2984,5988
2985,5989
2986,5990
2987,5991
2988,5996
2989,5999
2990,6001
2991,6003
2992,6005
2993,6006
2994,6008
2995,6011
2996,6012
2997,6013
2998,6018
2999,6019
3000,6020
3001,6025
3002,6026
3003,6027
3004,6032
3005,6033
3006,6036
3007,6037
3008,6038
3009,6041
3010,6046
3011,6049
3012,6050
3013,6053
3014,6056
3015,6060
3016,6061
3017,6063
3018,6066
3019,6071
3020,6072
3021,6073
3022,6080
3023,6083
3024,6084
3025,6087
3026,6089
3027,6093
3028,6095
3029,6096
3030,6097
3031,6098
3032,6099
3033,6100
3034,6103
3035,6105
3036,6107
3037,6108
3038,6109
3039,6110
3040,6111
3041,6113
3042,6114
3043,6115
3044,6116
3045,6120
3046,6121
3047,6122
3048,6123
3049,6124
3050,6125
3051,6128
3052,6130
3053,6137
3054,6138
3055,6141
3056,6143
3057,6146
3058,6147
3059,6149
3060,6151
3061,6156
3062,6159
3063,6160
3064,6164
3065,6166
3066,6169
3067,6170
3068,6171
3069,6174
3070,6177
3071,6180
3072,6181
3073,6182
3074,6185
3075,6186
3076,6187
3077,6188
3078,6190
3079,6191
3080,6193
3081,6195
3082,6204
3083,6207
3084,6209
3085,6210
3086,6211
3087,6213
3088,6214
3089,6216
3090,6219
3091,6220
3092,6223
3093,6226
3094,6228
3095,6229
3096,6231
3097,6235
3098,6236
3099,6239
3100,6241
3101,6242
3102,6244
3103,6246
3104,6249
3105,6251
3106,6253
3107,6254
3108,6256
3109,6259
3110,6261
3111,6262
3112,6263
3113,6267
3114,6272
3115,6273
3116,6274
3117,6275
3118,6277
3119,6278
3120,6281
3121,6282
3122,6285
3123,6286
3124,6290
3125,6294
3126,6299
3127,6300
3128,6305
3129,6306
3130,6307
3131,6309
3132,6310
3133,6311
3134,6317
3135,6318
3136,6319
3137,6320
3138,6321
3139,6322
3140,6323
3141,6325
3142,6326
3143,6328
3144,6330
3145,6331
3146,6333
3147,6335
3148,6339
3149,6340
3150,6344
3151,6345
3152,6347
3153,6350
3154,6352
3155,6353
3156,6354
3157,6355
3158,6357
3159,6358
3160,6359
3161,6360
3162,6362
3163,6365
3164,6366
3165,6369
3166,6371
3167,6373
3168,6374
3169,6375
3170,6376
3171,6377
3172,6382
3173,6383
3174,6384
3175,6385
3176,6386
3177,6387
3178,6389
3179,6390
3180,6392
3181,6394
3182,6402
3183,6404
3184,6405
3185,6408
3186,6412
3187,6414
3188,6415
3189,6418
3190,6420
3191,6421
3192,6423
3193,6425
3194,6427
3195,6428
3196,6430
3197,6431
3198,6433
3199,6434
3200,6436
3201,6438
3202,6442
3203,6443
3204,6444
3205,6449
3206,6451
3207,6457
3208,6458
3209,6460
3210,6461
3211,6463
3212,6464
3213,6465
3214,6468
3215,6469
3216,6470
3217,6471
3218,6472
3219,6475
3220,6477
3221,6478
3222,6480
3223,6481
3224,6482
3225,6483
3226,6484
3227,6488
3228,6489
3229,6491
3230,6492
3231,6494
3232,6495
3233,6501
3234,6504
3235,6507
3236,6508
3237,6509
3238,6510
3239,6511
3240,6512
3241,6515
3242,6517
3243,6520
3244,6521
3245,6523
3246,6524
3247,6525
3248,6526
3249,6528
3250,6531
3251,6532
3252,6533
3253,6534
3254,6536
3255,6537
3256,6539
3257,6540
3258,6543
3259,6544
3260,6545
3261,6546
3262,6548
3263,6556
3264,6557
3265,6558
3266,6560
3267,6563
3268,6565
3269,6568
3270,6571
3271,6572
3272,6576
3273,6579
3274,6580
3275,6581
3276,6582
3277,6583
3278,6584
3279,6589
3280,6590
3281,6592
3282,6593
3283,6595
3284,6596
3285,6598
3286,6599
3287,6601
3288,6602
3289,6604
3290,6606
3291,6607
3292,6608
3293,6609
3294,6610
3295,6611
3296,6617
3297,6618
3298,6619
3299,6620
3300,6621
3301,6622
3302,6623
3303,6625
3304,6627
3305,6628
3306,6629
3307,6631
3308,6634
3309,6635
3310,6636
3311,6638
3312,6639
3313,6642
3314,6645
3315,6646
3316,6647
3317,6649
3318,6650
3319,6653
3320,6656
3321,6658
3322,6659
3323,6661
3324,6662
3325,6663
3326,6665
3327,6666
3328,6670
3329,6671
3330,6673
3331,6674
3332,6676
3333,6678
3334,6680
3335,6681
3336,6686
3337,6687
3338,6688
3339,6689
3340,6691
3341,6692
3342,6695
3343,6697
3344,6698
3345,6699
3346,6700
3347,6701
3348,6705
3349,6707
3350,6717
3351,6720
3352,6721
3353,6723
3354,6725
3355,6729
3356,6731
3357,6733
3358,6734
3359,6735
3360,6736
3361,6738
3362,6739
3363,6740
3364,6742
3365,6744
3366,6747
3367,6748
3368,6749
3369,6754
3370,6755
3371,6756
3372,6757
3373,6760
3374,6761
3375,6765
3376,6766
3377,6767
3378,6768
3379,6770
3380,6773
3381,6774
3382,6778
3383,6780
3384,6781
3385,6782
3386,6783
3387,6786
3388,6787
3389,6790
3390,6791
3391,6792
3392,6793
3393,6794
3394,6798
3395,6800
3396,6802
3397,6804
3398,6805
3399,6808
3400,6811
3401,6815
3402,6817
3403,6820
3404,6821
3405,6825
3406,6829
3407,6831
3408,6833
3409,6835
3410,6839
3411,6841
3412,6842
3413,6846
3414,6847
3415,6849
3416,6851
3417,6852
3418,6855
3419,6858
3420,6859
3421,6860
3422,6861
3423,6867
3424,6869
3425,6870
3426,6871
3427,6872
3428,6873
3429,6876
3430,6879
3431,6880
3432,6882
3433,6883
3434,6884
3435,6887
3436,6890
3437,6891
3438,6892
3439,6894
3440,6895
3441,6898
3442,6900
3443,6903
3444,6907
3445,6912
3446,6917
3447,6919
3448,6921
3449,6922
3450,6923
3451,6926
3452,6927
3453,6928
3454,6929
3455,6932
3456,6933
3457,6934
3458,6936
3459,6938
3460,6940
3461,6942
3462,6946
3463,6947
3464,6948
3465,6949
3466,6950
3467,6951
3468,6952
3469,6956
3470,6957
3471,6960
3472,6962
3473,6963
3474,6965
3475,6966
3476,6967
3477,6971
3478,6972
3479,6975
3480,6976
3481,6977
3482,6978
3483,6980
3484,6982
3485,6983
3486,6984
3487,6985
3488,6986
3489,6987
3490,6988
3491,6989
3492,6990
3493,6993
3494,6994
3495,6996
3496,6998
3497,7003
3498,7004
3499,7005
3500,7006
3501,7008
3502,7009
3503,7011
3504,7013
3505,7014
3506,7019
3507,7020
3508,7021
3509,7022
3510,7026
3511,7028
3512,7030
3513,7031
3514,7032
3515,7037
3516,7038
3517,7039
3518,7043
3519,7045
3520,7047
3521,7048
3522,7049
3523,7051
3524,7053
3525,7056
3526,7057
3527,7058
3528,7060
3529,7061
3530,7062
3531,7064
3532,7065
3533,7066
3534,7067
3535,7068
3536,7069
3537,7070
3538,7071
3539,7075
3540,7076
3541,7079
3542,7080
3543,7082
3544,7083
3545,7085
3546,7088
3547,7089
3548,7094
3549,7096
3550,7100
3551,7101
3552,7102
3553,7104
3554,7106
3555,7108
3556,7111
3557,7112
3558,7117
3559,7119
3560,7120
3561,7123
3562,7124
3563,7126
3564,7128
3565,7130
3566,7131
3567,7134
3568,7139
3569,7142
3570,7143
3571,7146
3572,7150
3573,7151
3574,7152
3575,7156
3576,7157
3577,7158
3578,7160
3579,7161
3580,7162
3581,7163
3582,7165
3583,7166
3584,7169
3585,7170
3586,7174
3587,7176
3588,7177
3589,7178
3590,7182
3591,7183
3592,7185
3593,7190
3594,7195
3595,7197
3596,7198
3597,7199
3598,7201
3599,7203
3600,7206
3601,7208
3602,7209
3603,7210
3604,7211
3605,7212
3606,7215
3607,7216
3608,7218
3609,7219
3610,7226
3611,7228
3612,7229
3613,7230
3614,7232
3615,7234
3616,7237
3617,7243
3618,7244
3619,7248
3620,7250
3621,7251
3622,7252
3623,7258
3624,7263
3625,7265
3626,7268
3627,7269
3628,7270
3629,7271
3630,7273
3631,7277
3632,7279
3633,7286
3634,7287
3635,7291
3636,7292
3637,7294
3638,7295
3639,7298
3640,7301
3641,7304
3642,7305
3643,7306
3644,7307
3645,7308
3646,7309
3647,7311
3648,7313
3649,7316
3650,7317
3651,7322
3652,7323
3653,7324
3654,7326
3655,7327
3656,7328
3657,7329
3658,7333
3659,7338
3660,7339
3661,7340
3662,7342
3663,7343
3664,7344
3665,7346
3666,7348
3667,7349
3668,7353
3669,7356
3670,7357
3671,7358
3672,7360
3673,7363
3674,7364
3675,7371
3676,7374
3677,7384
3678,7385
3679,7387
3680,7388
3681,7393
3682,7396
3683,7398
3684,7401
3685,7403
3686,7404
3687,7406
3688,7407
3689,7408
3690,7409
3691,7411
3692,7413
3693,7415
3694,7416
3695,7417
3696,7418
3697,7424
3698,7425
3699,7428
3700,7434
3701,7435
3702,7437
3703,7444
3704,7445
3705,7446
3706,7447
3707,7448
3708,7449
3709,7450
3710,7453
3711,7454
3712,7455
3713,7457
3714,7462
3715,7468
3716,7469
3717,7470
3718,7471
3719,7473
3720,7475
3721,7476
3722,7478
3723,7479
3724,7480
3725,7482
3726,7485
3727,7486
3728,7490
3729,7491
3730,7492
3731,7493
3732,7494
3733,7497
3734,7501
3735,7503
3736,7505
3737,7507
3738,7509
3739,7511
3740,7514
3741,7519
3742,7520
3743,7522
3744,7523
3745,7524
3746,7525
3747,7526
3748,7530
3749,7533
3750,7534
3751,7536
3752,7537
3753,7539
3754,7540
3755,7541
3756,7542
3757,7543
3758,7545
3759,7546
3760,7547
3761,7549
3762,7550
3763,7551
3764,7553
3765,7554
3766,7558
3767,7559
3768,7561
3769,7562
3770,7565
3771,7566
3772,7567
3773,7569
3774,7570
3775,7571
3776,7572
3777,7574
3778,7576
3779,7579
3780,7584
3781,7586
3782,7587
3783,7589
3784,7590
3785,7592
3786,7594
3787,7597
3788,7598
3789,7603
3790,7607
3791,7608
3792,7609
3793,7614
3794,7615
3795,7618
3796,7622
3797,7624
3798,7625
3799,7626
3800,7631
3801,7632
3802,7633
3803,7634
3804,7635
3805,7638
3806,7640
3807,7642
3808,7643
3809,7648
3810,7649
3811,7650
3812,7651
3813,7652
3814,7653
3815,7654
3816,7655
3817,7658
3818,7659
3819,7660
3820,7662
3821,7664
3822,7666
3823,7667
3824,7668
3825,7671
3826,7673
3827,7675
3828,7677
3829,7679
3830,7682
3831,7683
3832,7687
3833,7689
3834,7691
3835,7693
3836,7695
3837,7697
3838,7699
3839,7700
3840,7701
3841,7703
3842,7704
3843,7705
3844,7707
3845,7709
3846,7711
3847,7713
3848,7716
3849,7717
3850,7721
3851,7722
3852,7723
3853,7724
3854,7728
3855,7730
3856,7731
3857,7732
3858,7734
3859,7739
3860,7742
3861,7743
3862,7744
3863,7745
3864,7750
3865,7752
3866,7753
3867,7754
3868,7758
3869,7759
3870,7760
3871,7761
3872,7762
3873,7763
3874,7765
3875,7767
3876,7768
3877,7769
3878,7776
3879,7777
3880,7778
3881,7779
3882,7780
3883,7781
3884,7782
3885,7783
3886,7784
3887,7786
3888,7791
3889,7792
3890,7797
3891,7801
3892,7802
3893,7803
3894,7804
3895,7805
3896,7807
3897,7809
3898,7810
3899,7814
3900,7815
3901,7816
3902,7817
3903,7819
3904,7820
3905,7822
3906,7824
3907,7826
3908,7829
3909,7832
3910,7834
3911,7835
3912,7837
3913,7839
3914,7841
3915,7843
3916,7846
3917,7847
3918,7853
3919,7857
3920,7858
3921,7861
3922,7862
3923,7863
3924,7864
3925,7865
3926,7867
3927,7871
3928,7872
3929,7873
3930,7874
3931,7876
3932,7877
3933,7878
3934,7881
3935,7882
3936,7883
3937,7888
3938,7889
3939,7891
3940,7895
3941,7896
3942,7900
3943,7901
3944,7902
3945,7904
3946,7908
3947,7910
3948,7913
3949,7917
3950,7918
3951,7920
3952,7921
3953,7922
3954,7925
3955,7927
3956,7928
3957,7929
3958,7930
3959,7939
3960,7941
3961,7945
3962,7946
3963,7947
3964,7948
3965,7949
3966,7953
3967,7954
3968,7956
3969,7957
3970,7958
3971,7959
3972,7960
3973,7961
3974,7965
3975,7967
3976,7968
3977,7970
3978,7971
3979,7973
3980,7974
3981,7975
3982,7977
3983,7981
3984,7983
3985,7985
3986,7989
3987,7991
3988,7994
3989,7995
3990,7998
3991,7999
3992,8003
3993,8004
3994,8007
3995,8008
3996,8009
3997,8010
3998,8015
3999,8017
4000,8018
4001,8019
4002,8020
4003,8022
4004,8026
4005,8028
4006,8029
4007,8031
4008,8033
4009,8038
4010,8039
4011,8040
4012,8041
4013,8042
4014,8043
4015,8045
4016,8047
4017,8048
4018,8050
4019,8051
4020,8057
4021,8058
4022,8059
4023,8060
4024,8062
4025,8063
4026,8064
4027,8066
4028,8067
4029,8072
4030,8073
4031,8075
4032,8078
4033,8083
4034,8084
4035,8085
4036,8086
4037,8088
4038,8089
4039,8090
4040,8093
4041,8094
4042,8097
4043,8101
4044,8103
4045,8107
4046,8110
4047,8111
4048,8114
4049,8117
4050,8118
4051,8123
4052,8124
4053,8125
4054,8128
4055,8129
4056,8132
4057,8136
4058,8137
4059,8139
4060,8140
4061,8141
4062,8145
4063,8146
4064,8148
4065,8149
4066,8151
4067,8154
4068,8156
4069,8157
4070,8159
4071,8161
4072,8163
4073,8165
4074,8166
4075,8169
4076,8170
4077,8171
4078,8172
4079,8173
4080,8174
4081,8176
4082,8177
4083,8178
4084,8180
4085,8183
4086,8184
4087,8188
4088,8189
4089,8190
4090,8196
4091,8197
4092,8198
4093,8200
4094,8203
4095,8205
4096,8206
4097,8207
4098,8210
4099,8214
4100,8215
4101,8216
4102,8217
4103,8225
4104,8227
4105,8228
4106,8230
4107,8232
4108,8234
4109,8237
4110,8238
4111,8239
4112,8240
4113,8241
4114,8243
4115,8244
4116,8246
4117,8247
4118,8256
4119,8259
4120,8261
4121,8263
4122,8266
4123,8269
4124,8270
4125,8272
4126,8275
4127,8278
4128,8279
4129,8280
4130,8281
4131,8287
4132,8293
4133,8298
4134,8301
4135,8307
4136,8308
4137,8309
4138,8311
4139,8312
4140,8317
4141,8320
4142,8321
4143,8326
4144,8327
4145,8328
4146,8329
4147,8331
4148,8332
4149,8333
4150,8335
4151,8336
4152,8338
4153,8339
4154,8342
4155,8345
4156,8348
4157,8352
4158,8355
4159,8356
4160,8357
4161,8358
4162,8359
4163,8362
4164,8363
4165,8365
4166,8366
4167,8367
4168,8368
4169,8373
4170,8374
4171,8376
4172,8381
4173,8385
4174,8388
4175,8389
4176,8390
4177,8396
4178,8397
4179,8398
4180,8401
4181,8403
4182,8404
4183,8405
4184,8406
4185,8408
4186,8409
4187,8411
4188,8413
4189,8414
4190,8415
4191,8417
4192,8418
4193,8420
4194,8422
4195,8424
4196,8428
4197,8430
4198,8432
4199,8433
4200,8434
4201,8436
4202,8438
4203,8439
4204,8441
4205,8443
4206,8444
4207,8446
4208,8447
4209,8448
4210,8449
4211,8450
4212,8451
4213,8452
4214,8454
4215,8461
4216,8465
4217,8466
4218,8467
4219,8474
4220,8476
4221,8478
4222,8482
4223,8483
4224,8484
4225,8486
4226,8487
4227,8489
4228,8494
4229,8495
4230,8496
4231,8497
4232,8500
4233,8502
4234,8503
4235,8504
4236,8505
4237,8506
4238,8509
4239,8511
4240,8512
4241,8513
4242,8514
4243,8515
4244,8518
4245,8520
4246,8521
4247,8526
4248,8527
4249,8528
4250,8529
4251,8532
4252,8533
4253,8534
4254,8536
4255,8539
4256,8542
4257,8544
4258,8546
4259,8548
4260,8551
4261,8553
4262,8556
4263,8557
4264,8558
4265,8559
4266,8566
4267,8568
4268,8569
4269,8570
4270,8572
4271,8573
4272,8579
4273,8580
4274,8584
4275,8586
4276,8589
4277,8595
4278,8596
4279,8598
4280,8600
4281,8603
4282,8607
4283,8608
4284,8615
4285,8616
4286,8617
4287,8621
4288,8622
4289,8626
4290,8628
4291,8631
4292,8633
4293,8634
4294,8635
4295,8637
4296,8641
4297,8642
4298,8643
4299,8644
4300,8646
4301,8647
4302,8649
4303,8650
4304,8651
4305,8652
4306,8653
4307,8657
4308,8661
4309,8662
4310,8664
4311,8667
4312,8668
4313,8669
4314,8674
4315,8676
4316,8678
4317,8679
4318,8682
4319,8683
4320,8684
4321,8685
4322,8686
4323,8688
4324,8689
4325,8691
4326,8693
4327,8694
4328,8695
4329,8697
4330,8698
4331,8699
4332,8703
4333,8704
4334,8707
4335,8708
4336,8710
4337,8714
4338,8716
4339,8717
4340,8720
4341,8724
4342,8730
4343,8731
4344,8732
4345,8734
4346,8736
4347,8738
4348,8739
4349,8740
4350,8741
4351,8745
4352,8749
4353,8750
4354,8751
4355,8753
4356,8755
4357,8756
4358,8758
4359,8759
4360,8760
4361,8761
4362,8764
4363,8765
4364,8767
4365,8768
4366,8773
4367,8774
4368,8775
4369,8776
4370,8778
4371,8779
4372,8781
4373,8783
4374,8784
4375,8787
4376,8788
4377,8790
4378,8796
4379,8798
4380,8799
4381,8800
4382,8804
4383,8805
4384,8808
4385,8809
4386,8810
4387,8811
4388,8812
4389,8813
4390,8814
4391,8815
4392,8820
4393,8821
4394,8822
4395,8823
4396,8824
4397,8825
4398,8826
4399,8828
4400,8829
4401,8830
4402,8835
4403,8837
4404,8839
4405,8841
4406,8847
4407,8853
4408,8854
4409,8856
4410,8857
4411,8859
4412,8860
4413,8861
4414,8862
4415,8863
4416,8867
4417,8869
4418,8872
4419,8874
4420,8876
4421,8877
4422,8879
4423,8884
4424,8887
4425,8889
4426,8892
4427,8894
4428,8896
4429,8897
4430,8899
4431,8903
4432,8905
4433,8907
4434,8909
4435,8914
4436,8915
4437,8916
4438,8917
4439,8919
4440,8921
4441,8922
4442,8923
4443,8927
4444,8928
4445,8929
4446,8932
4447,8933
4448,8934
4449,8940
4450,8943
4451,8944
4452,8945
4453,8946
4454,8949
4455,8951
4456,8954
4457,8955
4458,8957
4459,8959
4460,8960
4461,8961
4462,8962
4463,8966
4464,8967
4465,8969
4466,8970
4467,8971
4468,8972
4469,8973
4470,8976
4471,8977
4472,8978
4473,8979
4474,8981
4475,8983
4476,8984
4477,8986
4478,8993
4479,8995
4480,8997
4481,8998
4482,8999
4483,9000
4484,9001
4485,9002
4486,9003
4487,9004
4488,9005
4489,9006
4490,9007
4491,9010
4492,9012
4493,9013
4494,9016
4495,9017
4496,9018
4497,9019
4498,9021
4499,9024
4500,9025
4501,9027
4502,9031
4503,9035
4504,9039
4505,9040
4506,9041
4507,9042
4508,9043
4509,9045
4510,9051
4511,9052
4512,9054
4513,9055
4514,9056
4515,9058
4516,9060
4517,9061
4518,9064
4519,9065
4520,9066
4521,9070
4522,9071
4523,9072
4524,9073
4525,9074
4526,9075
4527,9077
4528,9079
4529,9080
4530,9083
4531,9084
4532,9085
4533,9086
4534,9087
4535,9089
4536,9090
4537,9094
4538,9095
4539,9096
4540,9097
4541,9100
4542,9103
4543,9106
4544,9108
4545,9111
4546,9113
4547,9114
4548,9116
4549,9117
4550,9118
4551,9119
4552,9120
4553,9121
4554,9124
4555,9126
4556,9128
4557,9131
4558,9132
4559,9133
4560,9134
4561,9135
4562,9136
4563,9137
4564,9143
4565,9144
4566,9145
4567,9146
4568,9147
4569,9148
4570,9150
4571,9151
4572,9154
4573,9155
4574,9157
4575,9158
4576,9159
4577,9160
4578,9161
4579,9162
4580,9164
4581,9165
4582,9166
4583,9167
4584,9168
4585,9172
4586,9173
4587,9174
4588,9175
4589,9178
4590,9182
4591,9185
4592,9186
4593,9189
4594,9192
4595,9194
4596,9196
4597,9198
4598,9202
4599,9203
4600,9206
4601,9209
4602,9212
4603,9213
4604,9215
4605,9217
4606,9220
4607,9222
4608,9224
4609,9225
4610,9226
4611,9228
4612,9232
4613,9237
4614,9238
4615,9241
4616,9242
4617,9243
4618,9244
4619,9245
4620,9246
4621,9247
4622,9249
4623,9254
4624,9255
4625,9258
4626,9259
4627,9263
4628,9264
4629,9268
4630,9269
4631,9270
4632,9271
4633,9274
4634,9275
4635,9276
4636,9279
4637,9280
4638,9281
4639,9283
4640,9284
4641,9287
4642,9290
4643,9294
4644,9295
4645,9296
4646,9298
4647,9299
4648,9304
4649,9305
4650,9308
4651,9309
4652,9310
4653,9317
4654,9319
4655,9322
4656,9324
4657,9326
4658,9327
4659,9328
4660,9329
4661,9330
4662,9332
4663,9333
4664,9336
4665,9338
4666,9339
4667,9340
4668,9344
4669,9346
4670,9349
4671,9350
4672,9351
4673,9352
4674,9354
4675,9355
4676,9357
4677,9358
4678,9359
4679,9360
4680,9361
4681,9362
4682,9365
4683,9366
4684,9367
4685,9368
4686,9373
4687,9375
4688,9376
4689,9379
4690,9381
4691,9384
4692,9386
4693,9387
4694,9388
4695,9389
4696,9391
4697,9392
4698,9394
4699,9395
4700,9398
4701,9402
4702,9403
4703,9406
4704,9407
4705,9409
4706,9412
4707,9414
4708,9420
4709,9421
4710,9422
4711,9424
4712,9425
4713,9426
4714,9428
4715,9434
4716,9435
4717,9436
4718,9438
4719,9439
4720,9441
4721,9444
4722,9447
4723,9449
4724,9454
4725,9457
4726,9458
4727,9460
4728,9462
4729,9463
4730,9464
4731,9466
4732,9468
4733,9469
4734,9472
4735,9474
4736,9475
4737,9480
4738,9481
4739,9482
4740,9484
4741,9486
4742,9489
4743,9493
4744,9494
4745,9496
4746,9497
4747,9500
4748,9501
4749,9502
4750,9503
4751,9507
4752,9509
4753,9510
4754,9511
4755,9512
4756,9513
4757,9514
4758,9521
4759,9525
4760,9526
4761,9528
4762,9529
4763,9531
4764,9532
4765,9533
4766,9535
4767,9537
4768,9538
4769,9539
4770,9540
4771,9542
4772,9543
4773,9546
4774,9548
4775,9549
4776,9550
4777,9551
4778,9554
4779,9557
4780,9558
4781,9559
4782,9561
4783,9562
4784,9564
4785,9565
4786,9566
4787,9569
4788,9571
4789,9575
4790,9577
4791,9578
4792,9580
4793,9581
4794,9582
4795,9583
4796,9584
4797,9586
4798,9587
4799,9591
4800,9592
4801,9594
4802,9598
4803,9606
4804,9607
4805,9609
4806,9610
4807,9613
4808,9615
4809,9619
4810,9620
4811,9623
4812,9625
4813,9626
4814,9627
4815,9628
4816,9629
4817,9630
4818,9639
4819,9641
4820,9642
4821,9650
4822,9651
4823,9653
4824,9655
4825,9656
4826,9661
4827,9664
4828,9665
4829,9666
4830,9669
4831,9672
4832,9675
4833,9677
4834,9678
4835,9679
4836,9681
4837,9683
4838,9684
4839,9686
4840,9687
4841,9688
4842,9689
4843,9692
4844,9695
4845,9697
4846,9700
4847,9702
4848,9703
4849,9704
4850,9706
4851,9708
4852,9710
4853,9711
4854,9712
4855,9713
4856,9717
4857,9719
4858,9720
4859,9723
4860,9724
4861,9725
4862,9727
4863,9729
4864,9730
4865,9733
4866,9735
4867,9739
4868,9741
4869,9743
4870,9744
4871,9745
4872,9748
4873,9749
4874,9751
4875,9753
4876,9754
4877,9755
4878,9756
4879,9757
4880,9761
4881,9763
4882,9764
4883,9766
4884,9767
4885,9768
4886,9774
4887,9775
4888,9776
4889,9778
4890,9779
4891,9780
4892,9781
4893,9783
4894,9785
4895,9787
4896,9792
4897,9793
4898,9795
4899,9796
4900,9797
4901,9798
4902,9799
4903,9803
4904,9805
4905,9807
4906,9808
4907,9811
4908,9812
4909,9813
4910,9816
4911,9817
4912,9818
4913,9820
4914,9822
4915,9828
4916,9829
4917,9832
4918,9833
4919,9834
4920,9835
4921,9836
4922,9837
4923,9841
4924,9842
4925,9845
4926,9846
4927,9847
4928,9852
4929,9860
4930,9861
4931,9862
4932,9865
4933,9868
4934,9869
4935,9870
4936,9872
4937,9877
4938,9878
4939,9879
4940,9880
4941,9883
4942,9885
4943,9887
4944,9888
4945,9889
4946,9891
4947,9893
4948,9894
4949,9895
4950,9898
4951,9901
4952,9905
4953,9908
4954,9909
4955,9911
4956,9913
4957,9914
4958,9916
4959,9920
4960,9921
4961,9923
4962,9924
4963,9925
4964,9926
4965,9928
4966,9930
4967,9931
4968,9933
4969,9934
4970,9935
4971,9937
4972,9938
4973,9940
4974,9942
4975,9944
4976,9945
4977,9946
4978,9948
4979,9950
4980,9951
4981,9952
4982,9953
4983,9956
4984,9958
4985,9960
4986,9962
4987,9963
4988,9964
4989,9966
4990,9969
4991,9970
4992,9972
4993,9973
4994,9977
4995,9978
4996,9979
4997,9981
4998,9985
4999,9986
5000,9988
5001,9990
5002,9991
5003,9994
5004,9997
5005,9998
5006,10000
5007,10002
5008,10003
5009,10005
5010,10006
5011,10008
5012,10009
5013,10011
5014,10012
5015,10013
5016,10015
5017,10016
5018,10017
5019,10021
5020,10023
5021,10024
5022,10027
5023,10028
5024,10031
5025,10032
5026,10033
5027,10035
5028,10036
5029,10039
5030,10044
5031,10045
5032,10048
5033,10049
5034,10051
5035,10052
5036,10054
5037,10055
5038,10060
5039,10062
5040,10063
5041,10065
5042,10066
5043,10067
5044,10069
5045,10070
5046,10071
5047,10077
5048,10079
5049,10083
5050,10084
5051,10090
5052,10092
5053,10093
5054,10094
5055,10097
5056,10099
5057,10100
5058,10101
5059,10104
5060,10107
5061,10108
5062,10109
5063,10110
5064,10114
5065,10115
5066,10117
5067,10120
5068,10122
5069,10123
5070,10125
5071,10128
5072,10130
5073,10135
5074,10140
5075,10142
5076,10144
5077,10146
5078,10148
5079,10149
5080,10150
5081,10154
5082,10156
5083,10157
5084,10159
5085,10164
5086,10167
5087,10170
5088,10171
5089,10179
5090,10180
5091,10181
5092,10182
5093,10184
5094,10188
5095,10189
5096,10191
5097,10197
5098,10198
5099,10199
5100,10202
5101,10203
5102,10204
5103,10207
5104,10208
5105,10211
5106,10212
5107,10213
5108,10215
5109,10219
5110,10223
5111,10224
5112,10226
5113,10228
5114,10230
5115,10231
5116,10232
5117,10233
5118,10238
5119,10241
5120,10242
5121,10244
5122,10246
5123,10251
5124,10252
5125,10254
5126,10255
5127,10257
5128,10258
5129,10260
5130,10262
5131,10263
5132,10264
5133,10268
5134,10273
5135,10276
5136,10277
5137,10278
5138,10280
5139,10285
5140,10286
5141,10287
5142,10288
5143,10290
5144,10291
5145,10292
5146,10293
5147,10294
5148,10296
5149,10298
5150,10299
5151,10300
5152,10304
5153,10305
5154,10306
5155,10308
5156,10310
5157,10315
5158,10319
5159,10321
5160,10322
5161,10323
5162,10326
5163,10329
5164,10331
5165,10332
5166,10334
5167,10335
5168,10336
5169,10337
5170,10340
5171,10341
5172,10342
5173,10343
5174,10349
5175,10351
5176,10360
5177,10361
5178,10363
5179,10366
5180,10367
5181,10372
5182,10374
5183,10375
5184,10378
5185,10379
5186,10381
5187,10384
5188,10385
5189,10389
5190,10390
5191,10394
5192,10395
5193,10397
5194,10398
5195,10399
5196,10401
5197,10403
5198,10404
5199,10405
5200,10408
5201,10411
5202,10414
5203,10416
5204,10417
5205,10418
5206,10421
5207,10430
5208,10433
5209,10434
5210,10437
5211,10438
5212,10439
5213,10440
5214,10442
5215,10443
5216,10444
5217,10445
5218,10451
5219,10453
5220,10454
5221,10455
5222,10459
5223,10460
5224,10463
5225,10465
5226,10468
5227,10471
5228,10472
5229,10475
5230,10476
5231,10477
5232,10479
5233,10481
5234,10482
5235,10483
5236,10484
5237,10485
5238,10487
5239,10490
5240,10491
5241,10494
5242,10495
5243,10500
5244,10501
5245,10503
5246,10505
5247,10506
5248,10509
5249,10515
5250,10516
5251,10517
5252,10518
5253,10519
5254,10520
5255,10521
5256,10523
5257,10524
5258,10525
5259,10529
5260,10530
5261,10532
5262,10535
5263,10536
5264,10541
5265,10543
5266,10544
5267,10546
5268,10547
5269,10552
5270,10553
5271,10554
5272,10555
5273,10557
5274,10560
5275,10563
5276,10564
5277,10565
5278,10566
5279,10569
5280,10574
5281,10579
5282,10580
5283,10582
5284,10583
5285,10584
5286,10586
5287,10587
5288,10588
5289,10591
5290,10594
5291,10595
5292,10597
5293,10598
5294,10600
5295,10602
5296,10603
5297,10606
5298,10607
5299,10612
5300,10613
5301,10616
5302,10620
5303,10621
5304,10622
5305,10623
5306,10624
5307,10626
5308,10627
5309,10630
5310,10632
5311,10634
5312,10635
5313,10636
5314,10637
5315,10638
5316,10639
5317,10641
5318,10642
5319,10643
5320,10644
5321,10650
5322,10653
5323,10660
5324,10663
5325,10664
5326,10665
5327,10667
5328,10668
5329,10669
5330,10671
5331,10673
5332,10676
5333,10677
5334,10679
5335,10683
5336,10684
5337,10687
5338,10688
5339,10689
5340,10690
5341,10691
5342,10693
5343,10695
5344,10701
5345,10703
5346,10704
5347,10707
5348,10710
5349,10712
5350,10715
5351,10718
5352,10719
5353,10721
5354,10727
5355,10730
5356,10731
5357,10733
5358,10735
5359,10736
5360,10737
5361,10738
5362,10740
5363,10742
5364,10744
5365,10746
5366,10749
5367,10750
5368,10761
5369,10765
5370,10768
5371,10770
5372,10772
5373,10773
5374,10776
5375,10778
5376,10780
5377,10781
5378,10783
5379,10784
5380,10796
5381,10799
5382,10800
5383,10801
5384,10803
5385,10804
5386,10806
5387,10810
5388,10811
5389,10812
5390,10815
5391,10816
5392,10819
5393,10820
5394,10821
5395,10822
5396,10824
5397,10827
5398,10832
5399,10833
5400,10836
5401,10838
5402,10839
5403,10841
5404,10842
5405,10843
5406,10844
5407,10847
5408,10850
5409,10852
5410,10853
5411,10857
5412,10859
5413,10860
5414,10861
5415,10863
5416,10865
5417,10866
5418,10869
5419,10871
5420,10873
5421,10877
5422,10878
5423,10881
5424,10884
5425,10885
5426,10886
5427,10887
5428,10888
5429,10889
5430,10891
5431,10892
5432,10896
5433,10898
5434,10900
5435,10901
5436,10903
5437,10904
5438,10905
5439,10907
5440,10909
5441,10910
5442,10911
5443,10913
5444,10914
5445,10915
5446,10917
5447,10918
5448,10920
5449,10922
5450,10925
5451,10926
5452,10927
5453,10934
5454,10936
5455,10937
5456,10938
5457,10944
5458,10946
5459,10947
5460,10949
5461,10951
5462,10953
5463,10956
5464,10957
5465,10958
5466,10961
5467,10962
5468,10963
5469,10964
5470,10965
5471,10966
5472,10967
5473,10970
5474,10975
5475,10976
5476,10977
5477,10978
5478,10980
5479,10981
5480,10982
5481,10983
5482,10984
5483,10987
5484,10989
5485,10990
5486,10992
5487,10993
5488,10995
5489,10997
5490,10999
5491,11001
5492,11002
5493,11003
5494,11004
5495,11005
5496,11006
5497,11009
5498,11010
5499,11013
5500,11015
5501,11016
5502,11017
5503,11021
5504,11022
5505,11029
5506,11030
5507,11031
5508,11033
5509,11037
5510,11041
5511,11044
5512,11045
5513,11046
5514,11047
5515,11048
5516,11050
5517,11051
5518,11052
5519,11054
5520,11056
5521,11057
5522,11060
5523,11061
5524,11067
5525,11068
5526,11070
5527,11072
5528,11073
5529,11075
5530,11076
5531,11077
5532,11079
5533,11080
5534,11081
5535,11082
5536,11083
5537,11084
5538,11087
5539,11089
5540,11091
5541,11092
5542,11093
5543,11096
5544,11098
5545,11100
5546,11101
5547,11102
5548,11103
5549,11104
5550,11105
5551,11106
5552,11108
5553,11114
5554,11116
5555,11117
5556,11118
5557,11120
5558,11122
5559,11123
5560,11124
5561,11127
5562,11128
5563,11129
5564,11134
5565,11136
5566,11138
5567,11139
5568,11146
5569,11147
5570,11150
5571,11153
5572,11154
5573,11155
5574,11157
5575,11158
5576,11163
5577,11166
5578,11170
5579,11173
5580,11174
5581,11181
5582,11184
5583,11185
5584,11186
5585,11187
5586,11188
5587,11191
5588,11192
5589,11195
5590,11196
5591,11197
5592,11199
5593,11201
5594,11211
5595,11214
5596,11215
5597,11216
5598,11219
5599,11222
5600,11231
5601,11233
5602,11234
5603,11236
5604,11237
5605,11242
5606,11243
5607,11244
5608,11246
5609,11249
5610,11250
5611,11254
5612,11257
5613,11258
5614,11260
5615,11262
5616,11263
5617,11264
5618,11266
5619,11268
5620,11271
5621,11272
5622,11273
5623,11274
5624,11276
5625,11280
5626,11282
5627,11286
5628,11289
5629,11293
5630,11295
5631,11297
5632,11298
5633,11299
5634,11303
5635,11305
5636,11306
5637,11309
5638,11310
5639,11316
5640,11317
5641,11318
5642,11319
5643,11320
5644,11321
5645,11322
5646,11324
5647,11326
5648,11329
5649,11331
5650,11332
5651,11335
5652,11336
5653,11337
5654,11340
5655,11341
5656,11343
5657,11344
5658,11351
5659,11352
5660,11353
5661,11356
5662,11358
5663,11360
5664,11364
5665,11365
5666,11368
5667,11369
5668,11370
5669,11371
5670,11375
5671,11376
5672,11378
5673,11379
5674,11383
5675,11384
5676,11385
5677,11392
5678,11395
5679,11396
5680,11397
5681,11398
5682,11399
5683,11400
5684,11402
5685,11406
5686,11409
5687,11410
5688,11413
5689,11415
5690,11417
5691,11418
5692,11419
5693,11424
5694,11426
5695,11427
5696,11428
5697,11430
5698,11437
5699,11440
5700,11441
5701,11442
5702,11443
5703,11444
5704,11445
5705,11448
5706,11449
5707,11452
5708,11457
5709,11460
5710,11461
5711,11463
5712,11465
5713,11466
5714,11467
5715,11470
5716,11472
5717,11473
5718,11474
5719,11476
5720,11478
5721,11479
5722,11482
5723,11484
5724,11485
5725,11487
5726,11488
5727,11491
5728,11493
5729,11494
5730,11496
5731,11497
5732,11498
5733,11501
5734,11502
5735,11508
5736,11509
5737,11511
5738,11512
5739,11513
5740,11515
5741,11517
5742,11521
5743,11524
5744,11525
5745,11527
5746,11531
5747,11532
5748,11533
5749,11536
5750,11538
5751,11540
5752,11541
5753,11543
5754,11544
5755,11547
5756,11548
5757,11551
5758,11552
5759,11553
5760,11556
5761,11557
5762,11561
5763,11566
5764,11567
5765,11568
5766,11570
5767,11571
5768,11574
5769,11576
5770,11577
5771,11579
5772,11580
5773,11582
5774,11585
5775,11588
5776,11589
5777,11590
5778,11591
5779,11592
5780,11593
5781,11595
5782,11596
5783,11597
5784,11598
5785,11599
5786,11601
5787,11605
5788,11606
5789,11607
5790,11608
5791,11611
5792,11613
5793,11614
5794,11617
5795,11620
5796,11623
5797,11624
5798,11625
5799,11628
5800,11630
5801,11634
5802,11635
5803,11636
5804,11638
5805,11640
5806,11641
5807,11645
5808,11646
5809,11647
5810,11648
5811,11649
5812,11651
5813,11659
5814,11660
5815,11662
5816,11663
5817,11666
5818,11668
5819,11670
5820,11671
5821,11672
5822,11673
5823,11676
5824,11677
5825,11679
5826,11681
5827,11682
5828,11683
5829,11689
5830,11690
5831,11691
5832,11692
5833,11693
5834,11694
5835,11697
5836,11698
5837,11702
5838,11705
5839,11706
5840,11708
5841,11709
5842,11716
5843,11722
5844,11723
5845,11724
5846,11725
5847,11731
5848,11733
5849,11734
5850,11740
5851,11743
5852,11744
5853,11745
5854,11746
5855,11747
5856,11748
5857,11751
5858,11755
5859,11760
5860,11762
5861,11768
5862,11773
5863,11775
5864,11776
5865,11778
5866,11779
5867,11780
5868,11782
5869,11783
5870,11787
5871,11788
5872,11796
5873,11797
5874,11799
5875,11801
5876,11802
5877,11803
5878,11804
5879,11806
5880,11807
5881,11808
5882,11809
5883,11810
5884,11811
5885,11814
5886,11815
5887,11817
5888,11819
5889,11823
5890,11824
5891,11825
5892,11826
5893,11827
5894,11829
5895,11833
5896,11834
5897,11835
5898,11836
5899,11837
5900,11840
5901,11842
5902,11845
5903,11849
5904,11850
5905,11851
5906,11854
5907,11855
5908,11856
5909,11857
5910,11858
5911,11859
5912,11861
5913,11862
5914,11864
5915,11865
5916,11872
5917,11874
5918,11876
5919,11877
5920,11878
5921,11879
5922,11881
5923,11883
5924,11885
5925,11886
5926,11887
5927,11888
5928,11892
5929,11893
5930,11894
5931,11895
5932,11896
5933,11897
5934,11901
5935,11902
5936,11904
5937,11905
5938,11906
5939,11908
5940,11909
5941,11911
5942,11912
5943,11914
5944,11916
5945,11918
5946,11919
5947,11921
5948,11924
5949,11928
5950,11932
5951,11935
5952,11936
5953,11939
5954,11941
5955,11944
5956,11948
5957,11949
5958,11951
5959,11954
5960,11957
5961,11959
5962,11963
5963,11966
5964,11967
5965,11969
5966,11973
5967,11975
5968,11976
5969,11978
5970,11979
5971,11982
5972,11985
5973,11986
5974,11990
5975,11991
5976,11992
5977,11993
5978,11996
5979,11997
5980,11999
5981,12000
5982,12004
5983,12010
5984,12011
5985,12013
5986,12014
5987,12015
5988,12017
5989,12020
5990,12024
5991,12025
5992,12030
5993,12032
5994,12036
5995,12040
5996,12041
5997,12044
5998,12047
5999,12050
6000,12055
6001,12056
6002,12057
6003,12059
6004,12061
6005,12065
6006,12067
6007,12068
6008,12071
6009,12073
6010,12074
6011,12075
6012,12082
6013,12084
6014,12085
6015,12086
6016,12087
6017,12091
6018,12094
6019,12096
6020,12098
6021,12099
6022,12102
6023,12103
6024,12106
6025,12107
6026,12108
6027,12112
6028,12114
6029,12116
6030,12119
6031,12120
6032,12123
6033,12125
6034,12126
6035,12128
6036,12130
6037,12132
6038,12134
6039,12136
6040,12138
6041,12141
6042,12144
6043,12146
6044,12147
6045,12149
6046,12150
6047,12152
6048,12153
6049,12154
6050,12155
6051,12161
6052,12165
6053,12166
6054,12167
6055,12170
6056,12172
6057,12173
6058,12174
6059,12176
6060,12177
6061,12179
6062,12181
6063,12182
6064,12184
6065,12186
6066,12188
6067,12190
6068,12191
6069,12192
6070,12193
6071,12197
6072,12198
6073,12199
6074,12200
6075,12201
6076,12203
6077,12207
6078,12209
6079,12210
6080,12211
6081,12212
6082,12216
6083,12218
6084,12219
6085,12220
6086,12222
6087,12224
6088,12227
6089,12229
6090,12230
6091,12231
6092,12233
6093,12234
6094,12236
6095,12237
6096,12238
6097,12245
6098,12249
6099,12251
6100,12255
6101,12256
6102,12257
6103,12258
6104,12260
6105,12261
6106,12263
6107,12264
6108,12265
6109,12266
6110,12267
6111,12274
6112,12277
6113,12281
6114,12283
6115,12284
6116,12285
6117,12286
6118,12287
6119,12289
6120,12290
6121,12291
6122,12293
6123,12295
6124,12296
6125,12301
6126,12303
6127,12314
6128,12316
6129,12318
6130,12321
6131,12322
6132,12326
6133,12328
6134,12332
6135,12337
6136,12339
6137,12340
6138,12342
6139,12344
6140,12345
6141,12346
6142,12347
6143,12352
6144,12354
6145,12355
6146,12358
6147,12360
6148,12361
6149,12362
6150,12364
6151,12366
6152,12367
6153,12369
6154,12370
6155,12378
6156,12380
6157,12383
6158,12384
6159,12387
6160,12388
6161,12390
6162,12391
6163,12392
6164,12393
6165,12399
6166,12400
6167,12401
6168,12403
6169,12407
6170,12408
6171,12409
6172,12411
6173,12412
6174,12413
6175,12414
6176,12416
6177,12418
6178,12419
6179,12422
6180,12423
6181,12426
6182,12434
6183,12436
6184,12441
6185,12442
6186,12443
6187,12444
6188,12445
6189,12446
6190,12448
6191,12451
6192,12453
6193,12454
6194,12457
6195,12458
6196,12460
6197,12463
6198,12464
6199,12465
6200,12468
6201,12471
6202,12473
6203,12474
6204,12476
6205,12477
6206,12479
6207,12480
6208,12482
6209,12483
6210,12484
6211,12485
6212,12486
6213,12488
6214,12489
6215,12492
6216,12494
6217,12495
6218,12496
6219,12498
6220,12501
6221,12502
6222,12503
6223,12505
6224,12506
6225,12509
6226,12513
6227,12517
6228,12519
6229,12521
6230,12523
6231,12525
6232,12526
6233,12534
6234,12537
6235,12539
6236,12540
6237,12541
6238,12543
6239,12544
6240,12547
6241,12548
6242,12550
6243,12551
6244,12553
6245,12555
6246,12556
6247,12559
6248,12560
6249,12561
6250,12562
6251,12563
6252,12568
6253,12569
6254,12570
6255,12571
6256,12573
6257,12577
6258,12579
6259,12580
6260,12584
6261,12585
6262,12587
6263,12590
6264,12592
6265,12597
6266,12600
6267,12603
6268,12604
6269,12607
6270,12609
6271,12612
6272,12613
6273,12615
6274,12616
6275,12618
6276,12620
6277,12621
6278,12622
6279,12623
6280,12624
6281,12625
6282,12626
6283,12628
6284,12631
6285,12632
6286,12633
6287,12634
6288,12635
6289,12636
6290,12637
6291,12639
6292,12643
6293,12646
6294,12648
6295,12649
6296,12650
6297,12651
6298,12652
6299,12654
6300,12658
6301,12662
6302,12663
6303,12664
6304,12665
6305,12672
6306,12675
6307,12676
6308,12677
6309,12681
6310,12682
6311,12683
6312,12685
6313,12687
6314,12689
6315,12692
6316,12693
6317,12701
6318,12703
6319,12707
6320,12708
6321,12710
6322,12711
6323,12713
6324,12714
6325,12715
6326,12716
6327,12717
6328,12718
6329,12720
6330,12721
6331,12722
6332,12723
6333,12724
6334,12729
6335,12730
6336,12731
6337,12734
6338,12735
6339,12736
6340,12737
6341,12738
6342,12739
6343,12742
6344,12745
6345,12746
6346,12748
6347,12749
6348,12751
6349,12754
6350,12755
6351,12756
6352,12759
6353,12760
6354,12762
6355,12764
6356,12769
6357,12770
6358,12773
6359,12774
6360,12775
6361,12776
6362,12777
6363,12781
6364,12782
6365,12783
6366,12785
6367,12786
6368,12787
6369,12789
6370,12790
6371,12791
6372,12793
6373,12795
6374,12797
6375,12801
6376,12811
6377,12813
6378,12818
6379,12822
6380,12823
6381,12825
6382,12826
6383,12829
6384,12830
6385,12831
6386,12832
6387,12833
6388,12835
6389,12840
6390,12841
6391,12843
6392,12844
6393,12847
6394,12849
6395,12850
6396,12851
6397,12855
6398,12856
6399,12858
6400,12859
6401,12860
6402,12861
6403,12864
6404,12869
6405,12870
6406,12872
6407,12875
6408,12876
6409,12878
6410,12879
6411,12884
6412,12885
6413,12886
6414,12893
6415,12894
6416,12895
6417,12896
6418,12898
6419,12902
6420,12905
6421,12907
6422,12908
6423,12909
6424,12910
6425,12912
6426,12914
6427,12915
6428,12916
6429,12918
6430,12920
6431,12925
6432,12926
6433,12927
6434,12931
6435,12933
6436,12934
6437,12936
6438,12937
6439,12939
6440,12941
6441,12942
6442,12945
6443,12947
6444,12949
6445,12950
6446,12954
6447,12957
6448,12958
6449,12962
6450,12963
6451,12966
6452,12967
6453,12968
6454,12969
6455,12970
6456,12971
6457,12972
6458,12974
6459,12975
6460,12980
6461,12981
6462,12982
6463,12989
6464,12992
6465,12993
6466,12994
6467,12995
6468,12996
6469,12999
6470,13006
6471,13007
6472,13010
6473,13012
6474,13013
6475,13014
6476,13015
6477,13023
6478,13024
6479,13027
6480,13028
6481,13029
6482,13030
6483,13031
6484,13032
6485,13033
6486,13034
6487,13035
6488,13036
6489,13039
6490,13040
6491,13041
6492,13045
6493,13050
6494,13051
6495,13052
6496,13053
6497,13057
6498,13058
6499,13059
6500,13060
6501,13065
6502,13066
6503,13067
6504,13068
6505,13073
6506,13074
6507,13078
6508,13080
6509,13082
6510,13083
6511,13086
6512,13089
6513,13094
6514,13095
6515,13096
6516,13097
6517,13098
6518,13099
6519,13101
6520,13104
6521,13106
6522,13109
6523,13110
6524,13112
6525,13114
6526,13116
6527,13117
6528,13120
6529,13121
6530,13127
6531,13128
6532,13129
6533,13130
6534,13131
6535,13134
6536,13136
6537,13137
6538,13139
6539,13141
6540,13142
6541,13143
6542,13145
6543,13146
6544,13147
6545,13153
6546,13154
6547,13155
6548,13157
6549,13158
6550,13164
6551,13165
6552,13166
6553,13170
6554,13171
6555,13174
6556,13175
6557,13177
6558,13181
6559,13183
6560,13186
6561,13188
6562,13190
6563,13191
6564,13193
6565,13195
6566,13196
6567,13198
6568,13202
6569,13204
6570,13206
6571,13209
6572,13210
6573,13213
6574,13214
6575,13215
6576,13216
6577,13217
6578,13225
6579,13226
6580,13227
6581,13228
6582,13231
6583,13232
6584,13234
6585,13237
6586,13239
6587,13241
6588,13242
6589,13244
6590,13247
6591,13249
6592,13253
6593,13255
6594,13256
6595,13257
6596,13259
6597,13262
6598,13263
6599,13265
6600,13266
6601,13267
6602,13269
6603,13271
6604,13275
6605,13277
6606,13278
6607,13280
6608,13282
6609,13283
6610,13284
6611,13285
6612,13287
6613,13289
6614,13292
6615,13293
6616,13294
6617,13295
6618,13297
6619,13298
6620,13300
6621,13301
6622,13303
6623,13304
6624,13305
6625,13306
6626,13308
6627,13309
6628,13310
6629,13311
6630,13312
6631,13315
6632,13316
6633,13317
6634,13319
6635,13320
6636,13322
6637,13323
6638,13324
6639,13325
6640,13332
6641,13333
6642,13335
6643,13336
6644,13337
6645,13341
6646,13342
6647,13343
6648,13345
6649,13348
6650,13350
6651,13353
6652,13355
6653,13356
6654,13358
6655,13359
6656,13363
6657,13365
6658,13366
6659,13370
6660,13371
6661,13373
6662,13374
6663,13379
6664,13380
6665,13383
6666,13385
6667,13387
6668,13388
6669,13391
6670,13394
6671,13397
6672,13399
6673,13400
6674,13401
6675,13402
6676,13403
6677,13407
6678,13408
6679,13409
6680,13410
6681,13413
6682,13414
6683,13415
6684,13416
6685,13417
6686,13418
6687,13421
6688,13422
6689,13424
6690,13425
6691,13427
6692,13430
6693,13431
6694,13432
6695,13434
6696,13437
6697,13438
6698,13440
6699,13447
6700,13452
6701,13455
6702,13457
6703,13458
6704,13461
6705,13462
6706,13463
6707,13465
6708,13468
6709,13471
6710,13474
6711,13477
6712,13481
6713,13482
6714,13488
6715,13489
6716,13490
6717,13491
6718,13495
6719,13497
6720,13499
6721,13501
6722,13502
6723,13503
6724,13505
6725,13506
6726,13507
6727,13508
6728,13509
6729,13511
6730,13514
6731,13515
6732,13522
6733,13523
6734,13524
6735,13525
6736,13531
6737,13532
6738,13533
6739,13536
6740,13537
6741,13539
6742,13541
6743,13543
6744,13545
6745,13548
6746,13549
6747,13552
6748,13553
6749,13554
6750,13555
6751,13556
6752,13557
6753,13558
6754,13560
6755,13566
6756,13567
6757,13573
6758,13574
6759,13576
6760,13580
6761,13581
6762,13582
6763,13583
6764,13584
6765,13585
6766,13586
6767,13589
6768,13590
6769,13591
6770,13595
6771,13596
6772,13597
6773,13600
6774,13601
6775,13602
6776,13603
6777,13606
6778,13610
6779,13611
6780,13613
6781,13614
6782,13616
6783,13618
6784,13621
6785,13622
6786,13623
6787,13624
6788,13626
6789,13628
6790,13629
6791,13630
6792,13632
6793,13633
6794,13634
6795,13636
6796,13638
6797,13639
6798,13640
6799,13645
6800,13646
6801,13648
6802,13649
6803,13650
6804,13651
6805,13653
6806,13656
6807,13658
6808,13661
6809,13662
6810,13668
6811,13670
6812,13672
6813,13674
6814,13678
6815,13679
6816,13680
6817,13681
6818,13683
6819,13684
6820,13688
6821,13690
6822,13693
6823,13696
6824,13697
6825,13699
6826,13700
6827,13701
6828,13703
6829,13706
6830,13708
6831,13712
6832,13716
6833,13717
6834,13718
6835,13720
6836,13722
6837,13726
6838,13728
6839,13732
6840,13733
6841,13739
6842,13740
6843,13741
6844,13743
6845,13745
6846,13746
6847,13747
6848,13751
6849,13752
6850,13753
6851,13754
6852,13757
6853,13760
6854,13761
6855,13764
6856,13765
6857,13766
6858,13768
6859,13769
6860,13771
6861,13772
6862,13776
6863,13779
6864,13781
6865,13783
6866,13784
6867,13785
6868,13786
6869,13787
6870,13788
6871,13789
6872,13790
6873,13791
6874,13792
6875,13793
6876,13795
6877,13796
6878,13797
6879,13798
6880,13799
6881,13801
6882,13803
6883,13804
6884,13806
6885,13807
6886,13808
6887,13809
6888,13810
6889,13811
6890,13812
6891,13816
6892,13818
6893,13819
6894,13820
6895,13821
6896,13826
6897,13830
6898,13835
6899,13836
6900,13837
6901,13839
6902,13840
6903,13841
6904,13842
6905,13843
6906,13844
6907,13846
6908,13849
6909,13851
6910,13855
6911,13856
6912,13857
6913,13858
6914,13866
6915,13868
6916,13869
6917,13870
6918,13872
6919,13874
6920,13875
6921,13876
6922,13877
6923,13880
6924,13881
6925,13884
6926,13885
6927,13886
6928,13888
6929,13892
6930,13893
6931,13894
6932,13896
6933,13900
6934,13902
6935,13903
6936,13904
6937,13907
6938,13909
6939,13911
6940,13913
6941,13914
6942,13915
6943,13916
6944,13923
6945,13924
6946,13925
6947,13927
6948,13928
6949,13930
6950,13933
6951,13937
6952,13938
6953,13939
6954,13940
6955,13942
6956,13943
6957,13945
6958,13946
6959,13949
6960,13950
6961,13951
6962,13953
6963,13955
6964,13956
6965,13957
6966,13958
6967,13960
6968,13961
6969,13963
6970,13964
6971,13969
6972,13973
6973,13975
6974,13976
6975,13977
6976,13978
6977,13980
6978,13983
6979,13984
6980,13986
6981,13988
6982,13992
6983,13993
6984,13996
6985,13997
6986,13998
6987,13999
6988,14000
6989,14001
6990,14002
6991,14004
6992,14006
6993,14007
6994,14008
6995,14011
6996,14013
6997,14016
6998,14017
6999,14018
7000,14019
7001,14020
7002,14022
7003,14024
7004,14028
7005,14030
7006,14031
7007,14032
7008,14037
7009,14041
7010,14042
7011,14045
7012,14046
7013,14047
7014,14048
7015,14052
7016,14053
7017,14054
7018,14056
7019,14057
7020,14058
7021,14060
7022,14062
7023,14071
7024,14075
7025,14076
7026,14079
7027,14080
7028,14084
7029,14087
7030,14089
7031,14090
7032,14092
7033,14095
7034,14096
7035,14098
7036,14100
7037,14102
7038,14104
7039,14105
7040,14106
7041,14110
7042,14111
7043,14118
7044,14120
7045,14124
7046,14126
7047,14128
7048,14131
7049,14133
7050,14135
7051,14136
7052,14141
7053,14142
7054,14144
7055,14145
7056,14147
7057,14149
7058,14154
7059,14157
7060,14158
7061,14159
7062,14161
7063,14167
7064,14168
7065,14169
7066,14170
7067,14171
7068,14177
7069,14179
7070,14180
7071,14181
7072,14182
7073,14184
7074,14185
7075,14187
7076,14191
7077,14196
7078,14197
7079,14199
7080,14202
7081,14204
7082,14205
7083,14206
7084,14207
7085,14209
7086,14212
7087,14213
7088,14221
7089,14222
7090,14224
7091,14226
7092,14227
7093,14228
7094,14229
7095,14230
7096,14233
7097,14239
7098,14241
7099,14242
7100,14246
7101,14250
7102,14252
7103,14253
7104,14258
7105,14261
7106,14266
7107,14268
7108,14272
7109,14273
7110,14277
7111,14279
7112,14281
7113,14283
7114,14285
7115,14286
7116,14287
7117,14294
7118,14295
7119,14296
7120,14299
7121,14300
7122,14301
7123,14302
7124,14304
7125,14306
7126,14307
7127,14310
7128,14311
7129,14314
7130,14317
7131,14318
7132,14320
7133,14325
7134,14326
7135,14328
7136,14329
7137,14330
7138,14331
7139,14333
7140,14335
7141,14336
7142,14338
7143,14344
7144,14345
7145,14346
7146,14347
7147,14348
7148,14350
7149,14357
7150,14359
7151,14361
7152,14364
7153,14365
7154,14367
7155,14368
7156,14371
7157,14372
7158,14374
7159,14377
7160,14378
7161,14379
7162,14380
7163,14382
7164,14386
7165,14388
7166,14389
7167,14390
7168,14391
7169,14392
7170,14393
7171,14394
7172,14395
7173,14398
7174,14399
7175,14402
7176,14404
7177,14405
7178,14407
7179,14410
7180,14411
7181,14413
7182,14417
7183,14421
7184,14423
7185,14425
7186,14426
7187,14427
7188,14428
7189,14429
7190,14431
7191,14432
7192,14433
7193,14435
7194,14437
7195,14442
7196,14444
7197,14447
7198,14449
7199,14450
7200,14451
7201,14454
7202,14456
7203,14457
7204,14458
7205,14460
7206,14461
7207,14463
7208,14465
7209,14467
7210,14468
7211,14469
7212,14470
7213,14471
7214,14473
7215,14475
7216,14478
7217,14480
7218,14481
7219,14484
7220,14485
7221,14487
7222,14488
7223,14490
7224,14491
7225,14495
7226,14496
7227,14501
7228,14505
7229,14507
7230,14509
7231,14512
7232,14513
7233,14514
7234,14515
7235,14517
7236,14518
7237,14520
7238,14524
7239,14526
7240,14528
7241,14531
7242,14532
7243,14534
7244,14535
7245,14536
7246,14541
7247,14543
7248,14545
7249,14546
7250,14547
7251,14548
7252,14549
7253,14550
7254,14551
7255,14552
7256,14554
7257,14555
7258,14559
7259,14560
7260,14563
7261,14565
7262,14567
7263,14570
7264,14571
7265,14572
7266,14576
7267,14577
7268,14582
7269,14584
7270,14585
7271,14586
7272,14589
7273,14590
7274,14591
7275,14592
7276,14593
7277,14595
7278,14598
7279,14599
7280,14602
7281,14604
7282,14605
7283,14609
7284,14613
7285,14614
7286,14615
7287,14617
7288,14618
7289,14619
7290,14620
7291,14621
7292,14622
7293,14629
7294,14630
7295,14634
7296,14635
7297,14638
7298,14639
7299,14643
7300,14644
7301,14646
7302,14649
7303,14656
7304,14657
7305,14658
7306,14659
7307,14662
7308,14663
7309,14664
7310,14665
7311,14666
7312,14667
7313,14672
7314,14673
7315,14674
7316,14675
7317,14676
7318,14678
7319,14680
7320,14681
7321,14684
7322,14685
7323,14686
7324,14688
7325,14689
7326,14691
7327,14692
7328,14695
7329,14698
7330,14701
7331,14702
7332,14710
7333,14713
7334,14714
7335,14715
7336,14717
7337,14718
7338,14722
7339,14723
7340,14726
7341,14727
7342,14728
7343,14732
7344,14733
7345,14741
7346,14742
7347,14747
7348,14748
7349,14751
7350,14754
7351,14755
7352,14757
7353,14761
7354,14762
7355,14763
7356,14764
7357,14765
7358,14767
7359,14769
7360,14770
7361,14771
7362,14772
7363,14773
7364,14774
7365,14776
7366,14778
7367,14780
7368,14782
7369,14786
7370,14789
7371,14790
7372,14791
7373,14792
7374,14794
7375,14795
7376,14796
7377,14797
7378,14800
7379,14801
7380,14802
7381,14803
7382,14804
7383,14805
7384,14806
7385,14807
7386,14810
7387,14811
7388,14812
7389,14813
7390,14814
7391,14815
7392,14817
7393,14818
7394,14819
7395,14820
7396,14822
7397,14823
7398,14824
7399,14825
7400,14826
7401,14827
7402,14829
7403,14830
7404,14831
7405,14833
7406,14834
7407,14836
7408,14839
7409,14840
7410,14842
7411,14844
7412,14845
7413,14851
7414,14854
7415,14857
7416,14860
7417,14862
7418,14863
7419,14865
7420,14866
7421,14867
7422,14869
7423,14871
7424,14872
7425,14873
7426,14875
7427,14876
7428,14877
7429,14878
7430,14880
7431,14881
7432,14885
7433,14886
7434,14890
7435,14892
7436,14893
7437,14895
7438,14898
7439,14900
7440,14902
7441,14904
7442,14906
7443,14907
7444,14908
7445,14909
7446,14910
7447,14914
7448,14916
7449,14917
7450,14918
7451,14923
7452,14929
7453,14930
7454,14932
7455,14934
7456,14938
7457,14940
7458,14941
7459,14942
7460,14943
7461,14944
7462,14945
7463,14946
7464,14947
7465,14951
7466,14952
7467,14955
7468,14956
7469,14963
7470,14966
7471,14968
7472,14969
7473,14974
7474,14975
7475,14977
7476,14979
7477,14984
7478,14985
7479,14988
7480,14989
7481,14992
7482,14995
7483,14996
7484,14997
7485,14999
7486,15002
7487,15003
7488,15005
7489,15006
7490,15010
7491,15015
7492,15016
7493,15017
7494,15018
7495,15020
7496,15022
7497,15023
7498,15025
7499,15026
7500,15027
7501,15030
7502,15031
7503,15033
7504,15034
7505,15036
7506,15038
7507,15042
7508,15046
7509,15047
7510,15049
7511,15050
7512,15059
7513,15060
7514,15061
7515,15062
7516,15063
7517,15064
7518,15066
7519,15067
7520,15071
7521,15072
7522,15073
7523,15074
7524,15076
7525,15082
7526,15083
7527,15093
7528,15096
7529,15097
7530,15098
7531,15101
7532,15102
7533,15103
7534,15104
7535,15107
7536,15109
7537,15114
7538,15122
7539,15124
7540,15125
7541,15127
7542,15129
7543,15130
7544,15131
7545,15135
7546,15136
7547,15142
7548,15143
7549,15150
7550,15156
7551,15157
7552,15159
7553,15162
7554,15163
7555,15167
7556,15169
7557,15173
7558,15174
7559,15175
7560,15176
7561,15177
7562,15179
7563,15180
7564,15181
7565,15186
7566,15188
7567,15191
7568,15194
7569,15195
7570,15197
7571,15200
7572,15202
7573,15203
7574,15204
7575,15205
7576,15207
7577,15210
7578,15212
7579,15215
7580,15218
7581,15227
7582,15229
7583,15235
7584,15240
7585,15242
7586,15243
7587,15244
7588,15245
7589,15246
7590,15250
7591,15251
7592,15254
7593,15255
7594,15257
7595,15258
7596,15259
7597,15260
7598,15261
7599,15262
7600,15263
7601,15264
7602,15265
7603,15267
7604,15268
7605,15269
7606,15272
7607,15273
7608,15275
7609,15276
7610,15277
7611,15278
7612,15280
7613,15287
7614,15289
7615,15293
7616,15295
7617,15297
7618,15301
7619,15304
7620,15309
7621,15310
7622,15311
7623,15313
7624,15315
7625,15316
7626,15317
7627,15318
7628,15321
7629,15323
7630,15326
7631,15329
7632,15330
7633,15331
7634,15332
7635,15333
7636,15336
7637,15337
7638,15338
7639,15341
7640,15344
7641,15345
7642,15349
7643,15351
7644,15353
7645,15354
7646,15355
7647,15356
7648,15358
7649,15360
7650,15362
7651,15364
7652,15366
7653,15367
7654,15369
7655,15371
7656,15372
7657,15373
7658,15375
7659,15377
7660,15378
7661,15381
7662,15383
7663,15384
7664,15385
7665,15386
7666,15389
7667,15392
7668,15396
7669,15404
7670,15405
7671,15406
7672,15412
7673,15414
7674,15416
7675,15423
7676,15424
7677,15425
7678,15426
7679,15429
7680,15430
7681,15431
7682,15437
7683,15438
7684,15439
7685,15441
7686,15442
7687,15443
7688,15445
7689,15446
7690,15447
7691,15449
7692,15451
7693,15453
7694,15456
7695,15457
7696,15458
7697,15460
7698,15463
7699,15464
7700,15466
7701,15467
7702,15472
7703,15474
7704,15477
7705,15480
7706,15482
7707,15485
7708,15488
7709,15491
7710,15492
7711,15496
7712,15499
7713,15503
7714,15508
7715,15511
7716,15514
7717,15521
7718,15527
7719,15528
7720,15530
7721,15532
7722,15535
7723,15538
7724,15541
7725,15545
7726,15547
7727,15549
7728,15551
7729,15552
7730,15553
7731,15555
7732,15557
7733,15558
7734,15561
7735,15563
7736,15568
7737,15571
7738,15572
7739,15573
7740,15574
7741,15582
7742,15583
7743,15586
7744,15588
7745,15590
7746,15591
7747,15592
7748,15593
7749,15594
7750,15595
7751,15596
7752,15597
7753,15603
7754,15604
7755,15605
7756,15606
7757,15609
7758,15610
7759,15611
7760,15617
7761,15618
7762,15623
7763,15628
7764,15629
7765,15631
7766,15634
7767,15635
7768,15640
7769,15645
7770,15646
7771,15647
7772,15648
7773,15650
7774,15652
7775,15653
7776,15655
7777,15659
7778,15660
7779,15661
7780,15662
7781,15668
7782,15669
7783,15670
7784,15671
7785,15673
7786,15675
7787,15679
7788,15680
7789,15681
7790,15687
7791,15688
7792,15689
7793,15690
7794,15692
7795,15693
7796,15695
7797,15697
7798,15698
7799,15700
7800,15702
7801,15704
7802,15707
7803,15708
7804,15709
7805,15710
7806,15712
7807,15714
7808,15716
7809,15720
7810,15721
7811,15722
7812,15723
7813,15725
7814,15728
7815,15731
7816,15735
7817,15736
7818,15737
7819,15738
7820,15739
7821,15741
7822,15742
7823,15744
7824,15745
7825,15746
7826,15747
7827,15749
7828,15751
7829,15753
7830,15757
7831,15758
7832,15759
7833,15760
7834,15766
7835,15767
7836,15770
7837,15773
7838,15774
7839,15775
7840,15778
7841,15779
7842,15780
7843,15781
7844,15783
7845,15784
7846,15789
7847,15791
7848,15793
7849,15798
7850,15799
7851,15801
7852,15802
7853,15804
7854,15810
7855,15811
7856,15813
7857,15816
7858,15817
7859,15820
7860,15823
7861,15824
7862,15826
7863,15827
7864,15830
7865,15840
7866,15842
7867,15843
7868,15844
7869,15846
7870,15847
7871,15849
7872,15850
7873,15852
7874,15853
7875,15855
7876,15856
7877,15866
7878,15868
7879,15870
7880,15873
7881,15874
7882,15877
7883,15882
7884,15884
7885,15885
7886,15887
7887,15889
7888,15893
7889,15895
7890,15896
7891,15901
7892,15905
7893,15906
7894,15910
7895,15912
7896,15913
7897,15914
7898,15918
7899,15919
7900,15921
7901,15928
7902,15929
7903,15930
7904,15931
7905,15932
7906,15934
7907,15935
7908,15936
7909,15937
7910,15945
7911,15947
7912,15949
7913,15950
7914,15951
7915,15954
7916,15956
7917,15957
7918,15959
7919,15962
7920,15964
7921,15966
7922,15967
7923,15968
7924,15969
7925,15975
7926,15978
7927,15979
7928,15982
7929,15983
7930,15984
7931,15986
7932,15987
7933,15988
7934,15989
7935,15990
7936,15991
7937,15996
7938,15998
7939,16000
7940,16001
7941,16002
7942,16004
7943,16007
7944,16008
7945,16010
7946,16011
7947,16013
7948,16014
7949,16019
7950,16020
7951,16026
7952,16029
7953,16030
7954,16031
7955,16032
7956,16033
7957,16034
7958,16036
7959,16039
7960,16043
7961,16044
7962,16045
7963,16048
7964,16050
7965,16051
7966,16052
7967,16061
7968,16062
7969,16063
7970,16069
7971,16071
7972,16073
7973,16074
7974,16078
7975,16081
7976,16083
7977,16084
7978,16087
7979,16089
7980,16090
7981,16093
7982,16094
7983,16096
7984,16097
7985,16098
7986,16099
7987,16103
7988,16104
7989,16107
7990,16112
7991,16115
7992,16118
7993,16119
7994,16120
7995,16121
7996,16122
7997,16123
7998,16127
7999,16129
8000,16134
8001,16135
8002,16136
8003,16137
8004,16138
8005,16141
8006,16142
8007,16143
8008,16145
8009,16147
8010,16148
8011,16149
8012,16150
8013,16151
8014,16153
8015,16156
8016,16157
8017,16163
8018,16166
8019,16167
8020,16168
8021,16169
8022,16174
8023,16177
8024,16180
8025,16181
8026,16184
8027,16185
8028,16186
8029,16188
8030,16191
8031,16192
8032,16193
8033,16195
8034,16197
8035,16198
8036,16199
8037,16201
8038,16202
8039,16208
8040,16209
8041,16210
8042,16212
8043,16216
8044,16217
8045,16219
8046,16220
8047,16221
8048,16223
8049,16225
8050,16226
8051,16235
8052,16237
8053,16238
8054,16240
8055,16241
8056,16243
8057,16244
8058,16248
8059,16252
8060,16256
8061,16258
8062,16261
8063,16263
8064,16266
8065,16267
8066,16269
8067,16272
8068,16274
8069,16276
8070,16277
8071,16278
8072,16281
8073,16283
8074,16288
8075,16290
8076,16292
8077,16293
8078,16297
8079,16298
8080,16299
8081,16302
8082,16309
8083,16310
8084,16311
8085,16312
8086,16314
8087,16317
8088,16318
8089,16319
8090,16320
8091,16323
8092,16325
8093,16327
8094,16328
8095,16330
8096,16340
8097,16341
8098,16342
8099,16343
8100,16349
8101,16350
8102,16351
8103,16352
8104,16353
8105,16354
8106,16355
8107,16359
8108,16363
8109,16365
8110,16367
8111,16369
8112,16370
8113,16372
8114,16373
8115,16376
8116,16377
8117,16378
8118,16379
8119,16380
8120,16381
8121,16382
8122,16384
8123,16385
8124,16387
8125,16388
8126,16389
8127,16391
8128,16392
8129,16394
8130,16397
8131,16399
8132,16401
8133,16402
8134,16404
8135,16406
8136,16409
8137,16410
8138,16412
8139,16413
8140,16414
8141,16417
8142,16421
8143,16423
8144,16426
8145,16427
8146,16428
8147,16432
8148,16434
8149,16436
8150,16440
8151,16441
8152,16442
8153,16444
8154,16445
8155,16446
8156,16447
8157,16452
8158,16455
8159,16456
8160,16459
8161,16464
8162,16465
8163,16466
8164,16467
8165,16469
8166,16470
8167,16474
8168,16478
8169,16479
8170,16483
8171,16486
8172,16487
8173,16488
8174,16489
8175,16490
8176,16491
8177,16492
8178,16493
8179,16495
8180,16496
8181,16497
8182,16499
8183,16500
8184,16504
8185,16505
8186,16507
8187,16509
8188,16512
8189,16513
8190,16514
8191,16516
8192,16517
8193,16519
8194,16520
8195,16522
8196,16524
8197,16526
8198,16529
8199,16531
8200,16532
8201,16534
8202,16536
8203,16537
8204,16538
8205,16539
8206,16541
8207,16542
8208,16543
8209,16544
8210,16545
8211,16547
8212,16549
8213,16551
8214,16554
8215,16562
8216,16563
8217,16565
8218,16566
8219,16570
8220,16573
8221,16574
8222,16575
8223,16577
8224,16578
8225,16579
8226,16580
8227,16581
8228,16582
8229,16583
8230,16584
8231,16586
8232,16587
8233,16589
8234,16591
8235,16593
8236,16594
8237,16597
8238,16599
8239,16601
8240,16602
8241,16605
8242,16606
8243,16607
8244,16609
8245,16610
8246,16611
8247,16612
8248,16614
8249,16618
8250,16620
8251,16622
8252,16625
8253,16626
8254,16627
8255,16629
8256,16631
8257,16632
8258,16633
8259,16635
8260,16637
8261,16645
8262,16648
8263,16649
8264,16651
8265,16652
8266,16658
8267,16659
8268,16660
8269,16661
8270,16664
8271,16668
8272,16669
8273,16671
8274,16673
8275,16674
8276,16675
8277,16676
8278,16680
8279,16681
8280,16682
8281,16684
8282,16685
8283,16686
8284,16690
8285,16692
8286,16694
8287,16697
8288,16706
8289,16710
8290,16716
8291,16719
8292,16722
8293,16723
8294,16725
8295,16726
8296,16727
8297,16730
8298,16731
8299,16733
8300,16734
8301,16735
8302,16736
8303,16738
8304,16739
8305,16740
8306,16741
8307,16742
8308,16752
8309,16754
8310,16756
8311,16757
8312,16763
8313,16768
8314,16770
8315,16771
8316,16773
8317,16776
8318,16779
8319,16780
8320,16781
8321,16783
8322,16784
8323,16786
8324,16787
8325,16788
8326,16790
8327,16791
8328,16792
8329,16793
8330,16794
8331,16798
8332,16800
8333,16801
8334,16802
8335,16803
8336,16805
8337,16806
8338,16807
8339,16808
8340,16809
8341,16810
8342,16812
8343,16813
8344,16814
8345,16815
8346,16816
8347,16817
8348,16819
8349,16824
8350,16828
8351,16833
8352,16834
8353,16837
8354,16838
8355,16840
8356,16841
8357,16843
8358,16846
8359,16848
8360,16850
8361,16851
8362,16852
8363,16853
8364,16856
8365,16858
8366,16859
8367,16860
8368,16862
8369,16865
8370,16866
8371,16868
8372,16870
8373,16871
8374,16873
8375,16874
8376,16876
8377,16878
8378,16882
8379,16883
8380,16884
8381,16888
8382,16892
8383,16894
8384,16895
8385,16897
8386,16904
8387,16906
8388,16907
8389,16915
8390,16916
8391,16919
8392,16920
8393,16921
8394,16923
8395,16925
8396,16926
8397,16927
8398,16928
8399,16931
8400,16933
8401,16934
8402,16940
8403,16943
8404,16944
8405,16950
8406,16951
8407,16952
8408,16954
8409,16955
8410,16956
8411,16957
8412,16958
8413,16960
8414,16963
8415,16964
8416,16968
8417,16971
8418,16972
8419,16973
8420,16975
8421,16977
8422,16978
8423,16980
8424,16983
8425,16985
8426,16986
8427,16989
8428,16990
8429,16994
8430,16995
8431,17005
8432,17007
8433,17008
8434,17011
8435,17012
8436,17013
8437,17014
8438,17015
8439,17017
8440,17020
8441,17025
8442,17027
8443,17028
8444,17032
8445,17033
8446,17035
8447,17036
8448,17037
8449,17038
8450,17041
8451,17042
8452,17043
8453,17045
8454,17046
8455,17047
8456,17048
8457,17049
8458,17051
8459,17052
8460,17054
8461,17058
8462,17060
8463,17061
8464,17062
8465,17063
8466,17064
8467,17065
8468,17066
8469,17067
8470,17070
8471,17072
8472,17073
8473,17074
8474,17076
8475,17077
8476,17078
8477,17079
8478,17081
8479,17082
8480,17083
8481,17084
8482,17086
8483,17088
8484,17092
8485,17095
8486,17097
8487,17098
8488,17099
8489,17101
8490,17102
8491,17105
8492,17107
8493,17113
8494,17114
8495,17115
8496,17116
8497,17117
8498,17118
8499,17120
8500,17125
8501,17127
8502,17130
8503,17133
8504,17134
8505,17136
8506,17138
8507,17143
8508,17145
8509,17148
8510,17152
8511,17153
8512,17154
8513,17155
8514,17157
8515,17158
8516,17160
8517,17162
8518,17165
8519,17166
8520,17168
8521,17171
8522,17172
8523,17173
8524,17174
8525,17176
8526,17178
8527,17179
8528,17180
8529,17181
8530,17183
8531,17184
8532,17186
8533,17188
8534,17189
8535,17191
8536,17195
8537,17196
8538,17198
8539,17199
8540,17203
8541,17205
8542,17206
8543,17207
8544,17208
8545,17210
8546,17211
8547,17214
8548,17218
8549,17219
8550,17222
8551,17228
8552,17229
8553,17230
8554,17233
8555,17236
8556,17238
8557,17239
8558,17244
8559,17245
8560,17250
8561,17252
8562,17253
8563,17256
8564,17257
8565,17258
8566,17260
8567,17263
8568,17264
8569,17265
8570,17268
8571,17270
8572,17271
8573,17273
8574,17274
8575,17275
8576,17277
8577,17278
8578,17280
8579,17282
8580,17283
8581,17284
8582,17285
8583,17286
8584,17287
8585,17288
8586,17292
8587,17295
8588,17296
8589,17298
8590,17299
8591,17302
8592,17305
8593,17306
8594,17308
8595,17309
8596,17312
8597,17314
8598,17315
8599,17316
8600,17317
8601,17320
8602,17321
8603,17323
8604,17325
8605,17327
8606,17328
8607,17329
8608,17330
8609,17331
8610,17332
8611,17336
8612,17337
8613,17341
8614,17342
8615,17344
8616,17345
8617,17347
8618,17348
8619,17349
8620,17350
8621,17352
8622,17355
8623,17358
8624,17360
8625,17361
8626,17364
8627,17365
8628,17366
8629,17368
8630,17372
8631,17374
8632,17376
8633,17378
8634,17385
8635,17394
8636,17397
8637,17398
8638,17403
8639,17405
8640,17406
8641,17407
8642,17409
8643,17410
8644,17411
8645,17412
8646,17413
8647,17414
8648,17415
8649,17416
8650,17418
8651,17419
8652,17424
8653,17430
8654,17433
8655,17436
8656,17437
8657,17438
8658,17439
8659,17441
8660,17442
8661,17445
8662,17447
8663,17448
8664,17449
8665,17451
8666,17452
8667,17455
8668,17458
8669,17459
8670,17460
8671,17462
8672,17463
8673,17466
8674,17467
8675,17468
8676,17469
8677,17471
8678,17477
8679,17478
8680,17481
8681,17482
8682,17484
8683,17487
8684,17489
8685,17490
8686,17491
8687,17492
8688,17494
8689,17495
8690,17496
8691,17497
8692,17498
8693,17499
8694,17500
8695,17502
8696,17503
8697,17505
8698,17506
8699,17509
8700,17510
8701,17512
8702,17514
8703,17517
8704,17522
8705,17523
8706,17524
8707,17526
8708,17529
8709,17531
8710,17534
8711,17540
8712,17543
8713,17545
8714,17547
8715,17550
8716,17554
8717,17557
8718,17558
8719,17559
8720,17560
8721,17561
8722,17563
8723,17564
8724,17565
8725,17568
8726,17569
8727,17570
8728,17572
8729,17575
8730,17577
8731,17579
8732,17580
8733,17582
8734,17583
8735,17585
8736,17589
8737,17593
8738,17596
8739,17597
8740,17600
8741,17604
8742,17606
8743,17609
8744,17613
8745,17614
8746,17616
8747,17618
8748,17619
8749,17620
8750,17621
8751,17622
8752,17624
8753,17626
8754,17628
8755,17630
8756,17632
8757,17633
8758,17634
8759,17635
8760,17641
8761,17644
8762,17645
8763,17646
8764,17649
8765,17650
8766,17651
8767,17652
8768,17653
8769,17657
8770,17658
8771,17659
8772,17660
8773,17662
8774,17665
8775,17669
8776,17671
8777,17674
8778,17677
8779,17678
8780,17685
8781,17690
8782,17694
8783,17695
8784,17696
8785,17698
8786,17699
8787,17700
8788,17702
8789,17705
8790,17708
8791,17714
8792,17715
8793,17717
8794,17719
8795,17722
8796,17725
8797,17727
8798,17728
8799,17729
8800,17732
8801,17733
8802,17734
8803,17735
8804,17736
8805,17737
8806,17738
8807,17741
8808,17745
8809,17748
8810,17751
8811,17753
8812,17758
8813,17759
8814,17760
8815,17762
8816,17763
8817,17766
8818,17770
8819,17771
8820,17773
8821,17776
8822,17777
8823,17779
8824,17780
8825,17783
8826,17784
8827,17785
8828,17787
8829,17789
8830,17790
8831,17791
8832,17793
8833,17794
8834,17795
8835,17796
8836,17803
8837,17804
8838,17805
8839,17806
8840,17812
8841,17814
8842,17816
8843,17818
8844,17820
8845,17822
8846,17823
8847,17826
8848,17827
8849,17829
8850,17831
8851,17833
8852,17835
8853,17836
8854,17837
8855,17838
8856,17840
8857,17841
8858,17842
8859,17843
8860,17844
8861,17846
8862,17848
8863,17849
8864,17850
8865,17851
8866,17852
8867,17856
8868,17858
8869,17859
8870,17860
8871,17861
8872,17862
8873,17864
8874,17865
8875,17867
8876,17868
8877,17870
8878,17871
8879,17874
8880,17875
8881,17878
8882,17879
8883,17880
8884,17881
8885,17882
8886,17883
8887,17884
8888,17885
8889,17886
8890,17890
8891,17891
8892,17897
8893,17898
8894,17899
8895,17901
8896,17902
8897,17903
8898,17904
8899,17905
8900,17906
8901,17907
8902,17908
8903,17909
8904,17912
8905,17913
8906,17914
8907,17916
8908,17918
8909,17922
8910,17923
8911,17929
8912,17930
8913,17935
8914,17936
8915,17937
8916,17938
8917,17939
8918,17943
8919,17944
8920,17945
8921,17946
8922,17947
8923,17948
8924,17953
8925,17954
8926,17956
8927,17958
8928,17959
8929,17962
8930,17963
8931,17967
8932,17968
8933,17971
8934,17973
8935,17974
8936,17975
8937,17976
8938,17977
8939,17978
8940,17979
8941,17982
8942,17983
8943,17984
8944,17985
8945,17987
8946,17990
8947,17991
8948,17992
8949,17999
8950,18003
8951,18005
8952,18006
8953,18009
8954,18010
8955,18011
8956,18012
8957,18013
8958,18014
8959,18015
8960,18020
8961,18021
8962,18022
8963,18024
8964,18025
8965,18026
8966,18029
8967,18030
8968,18032
8969,18033
8970,18038
8971,18043
8972,18050
8973,18052
8974,18053
8975,18054
8976,18055
8977,18056
8978,18058
8979,18060
8980,18061
8981,18065
8982,18066
8983,18067
8984,18068
8985,18072
8986,18073
8987,18075
8988,18076
8989,18079
8990,18080
8991,18083
8992,18084
8993,18086
8994,18087
8995,18088
8996,18089
8997,18091
8998,18092
8999,18099
9000,18100
9001,18104
9002,18105
9003,18107
9004,18110
9005,18112
9006,18114
9007,18119
9008,18122
9009,18123
9010,18126
9011,18128
9012,18129
9013,18132
9014,18137
9015,18140
9016,18142
9017,18143
9018,18150
9019,18151
9020,18154
9021,18155
9022,18160
9023,18161
9024,18163
9025,18165
9026,18167
9027,18168
9028,18170
9029,18171
9030,18173
9031,18181
9032,18182
9033,18183
9034,18185
9035,18187
9036,18188
9037,18189
9038,18190
9039,18192
9040,18193
9041,18195
9042,18199
9043,18202
9044,18203
9045,18204
9046,18205
9047,18206
9048,18210
9049,18211
9050,18214
9051,18215
9052,18217
9053,18218
9054,18221
9055,18225
9056,18230
9057,18231
9058,18235
9059,18237
9060,18238
9061,18243
9062,18245
9063,18246
9064,18247
9065,18250
9066,18251
9067,18252
9068,18257
9069,18258
9070,18259
9071,18260
9072,18261
9073,18263
9074,18264
9075,18265
9076,18268
9077,18269
9078,18271
9079,18272
9080,18274
9081,18277
9082,18279
9083,18281
9084,18282
9085,18283
9086,18284
9087,18285
9088,18287
9089,18288
9090,18290
9091,18291
9092,18292
9093,18294
9094,18296
9095,18298
9096,18300
9097,18306
9098,18307
9099,18308
9100,18310
9101,18314
9102,18315
9103,18317
9104,18318
9105,18323
9106,18324
9107,18325
9108,18326
9109,18327
9110,18329
9111,18332
9112,18333
9113,18335
9114,18336
9115,18338
9116,18339
9117,18341
9118,18342
9119,18345
9120,18350
9121,18351
9122,18352
9123,18363
9124,18368
9125,18370
9126,18371
9127,18373
9128,18375
9129,18376
9130,18377
9131,18380
9132,18381
9133,18383
9134,18386
9135,18387
9136,18390
9137,18391
9138,18392
9139,18393
9140,18397
9141,18398
9142,18399
9143,18403
9144,18404
9145,18405
9146,18407
9147,18410
9148,18413
9149,18419
9150,18420
9151,18421
9152,18424
9153,18425
9154,18426
9155,18428
9156,18431
9157,18436
9158,18437
9159,18443
9160,18444
9161,18445
9162,18446
9163,18449
9164,18450
9165,18451
9166,18453
9167,18454
9168,18455
9169,18457
9170,18460
9171,18462
9172,18465
9173,18466
9174,18467
9175,18468
9176,18472
9177,18473
9178,18474
9179,18475
9180,18478
9181,18479
9182,18480
9183,18481
9184,18482
9185,18485
9186,18486
9187,18488
9188,18490
9189,18491
9190,18492
9191,18496
9192,18497
9193,18498
9194,18499
9195,18501
9196,18503
9197,18504
9198,18506
9199,18508
9200,18510
9201,18512
9202,18513
9203,18514
9204,18519
9205,18521
9206,18522
9207,18523
9208,18524
9209,18525
9210,18527
9211,18528
9212,18534
9213,18536
9214,18539
9215,18540
9216,18541
9217,18544
9218,18545
9219,18552
9220,18554
9221,18555
9222,18558
9223,18561
9224,18563
9225,18564
9226,18567
9227,18572
9228,18573
9229,18574
9230,18575
9231,18577
9232,18578
9233,18579
9234,18581
9235,18582
9236,18583
9237,18585
9238,18586
9239,18589
9240,18590
9241,18593
9242,18596
9243,18598
9244,18601
9245,18604
9246,18606
9247,18607
9248,18608
9249,18611
9250,18614
9251,18616
9252,18617
9253,18618
9254,18619
9255,18620
9256,18621
9257,18627
9258,18631
9259,18635
9260,18637
9261,18638
9262,18639
9263,18643
9264,18644
9265,18646
9266,18647
9267,18649
9268,18650
9269,18651
9270,18652
9271,18656
9272,18657
9273,18659
9274,18661
9275,18662
9276,18663
9277,18664
9278,18665
9279,18666
9280,18667
9281,18669
9282,18670
9283,18671
9284,18675
9285,18677
9286,18685
9287,18687
9288,18688
9289,18690
9290,18692
9291,18693
9292,18695
9293,18697
9294,18699
9295,18701
9296,18703
9297,18708
9298,18709
9299,18710
9300,18711
9301,18712
9302,18715
9303,18716
9304,18721
9305,18724
9306,18725
9307,18726
9308,18727
9309,18731
9310,18732
9311,18733
9312,18735
9313,18737
9314,18743
9315,18744
9316,18745
9317,18747
9318,18754
9319,18755
9320,18756
9321,18757
9322,18760
9323,18762
9324,18764
9325,18765
9326,18771
9327,18773
9328,18774
9329,18775
9330,18777
9331,18779
9332,18780
9333,18781
9334,18782
9335,18784
9336,18786
9337,18787
9338,18788
9339,18789
9340,18790
9341,18794
9342,18796
9343,18797
9344,18799
9345,18801
9346,18808
9347,18809
9348,18811
9349,18812
9350,18814
9351,18815
9352,18816
9353,18817
9354,18818
9355,18819
9356,18820
9357,18821
9358,18822
9359,18823
9360,18824
9361,18825
9362,18827
9363,18828
9364,18829
9365,18830
9366,18831
9367,18832
9368,18833
9369,18835
9370,18836
9371,18837
9372,18840
9373,18844
9374,18847
9375,18848
9376,18849
9377,18851
9378,18852
9379,18853
9380,18857
9381,18861
9382,18863
9383,18864
9384,18866
9385,18868
9386,18872
9387,18875
9388,18876
9389,18877
9390,18878
9391,18879
9392,18880
9393,18881
9394,18882
9395,18884
9396,18885
9397,18886
9398,18891
9399,18896
9400,18898
9401,18901
9402,18903
9403,18909
9404,18911
9405,18912
9406,18914
9407,18915
9408,18919
9409,18921
9410,18924
9411,18926
9412,18931
9413,18932
9414,18933
9415,18936
9416,18939
9417,18941
9418,18944
9419,18945
9420,18946
9421,18947
9422,18948
9423,18949
9424,18950
9425,18951
9426,18952
9427,18953
9428,18955
9429,18958
9430,18960
9431,18962
9432,18967
9433,18969
9434,18972
9435,18974
9436,18975
9437,18977
9438,18978
9439,18982
9440,18983
9441,18986
9442,18987
9443,18992
9444,18993
9445,18995
9446,18997
9447,18998
9448,19001
9449,19003
9450,19004
9451,19005
9452,19009
9453,19010
9454,19011
9455,19012
9456,19013
9457,19015
9458,19018
9459,19020
9460,19021
9461,19022
9462,19023
9463,19024
9464,19026
9465,19027
9466,19028
9467,19029
9468,19035
9469,19036
9470,19039
9471,19041
9472,19042
9473,19043
9474,19045
9475,19048
9476,19049
9477,19055
9478,19058
9479,19061
9480,19063
9481,19064
9482,19065
9483,19066
9484,19067
9485,19068
9486,19069
9487,19076
9488,19077
9489,19078
9490,19079
9491,19080
9492,19083
9493,19084
9494,19085
9495,19088
9496,19089
9497,19092
9498,19093
9499,19094
9500,19096
9501,19097
9502,19102
9503,19106
9504,19110
9505,19111
9506,19115
9507,19116
9508,19119
9509,19120
9510,19121
9511,19123
9512,19125
9513,19126
9514,19128
9515,19129
9516,19131
9517,19134
9518,19135
9519,19137
9520,19138
9521,19139
9522,19141
9523,19142
9524,19143
9525,19148
9526,19149
9527,19153
9528,19157
9529,19158
9530,19159
9531,19160
9532,19161
9533,19162
9534,19164
9535,19165
9536,19167
9537,19168
9538,19169
9539,19171
9540,19172
9541,19177
9542,19180
9543,19181
9544,19183
9545,19185
9546,19187
9547,19190
9548,19193
9549,19195
9550,19197
9551,19201
9552,19202
9553,19203
9554,19204
9555,19205
9556,19210
9557,19211
9558,19212
9559,19213
9560,19214
9561,19215
9562,19216
9563,19217
9564,19220
9565,19221
9566,19222
9567,19224
9568,19225
9569,19226
9570,19227
9571,19228
9572,19232
9573,19233
9574,19235
9575,19236
9576,19237
9577,19238
9578,19241
9579,19244
9580,19245
9581,19246
9582,19247
9583,19251
9584,19254
9585,19256
9586,19257
9587,19259
9588,19264
9589,19265
9590,19267
9591,19269
9592,19270
9593,19271
9594,19272
9595,19274
9596,19275
9597,19276
9598,19277
9599,19281
9600,19282
9601,19285
9602,19286
9603,19287
9604,19291
9605,19292
9606,19293
9607,19299
9608,19300
9609,19301
9610,19305
9611,19306
9612,19308
9613,19309
9614,19311
9615,19313
9616,19314
9617,19315
9618,19317
9619,19318
9620,19319
9621,19320
9622,19326
9623,19327
9624,19328
9625,19332
9626,19333
9627,19335
9628,19337
9629,19338
9630,19339
9631,19341
9632,19344
9633,19345
9634,19350
9635,19351
9636,19352
9637,19353
9638,19357
9639,19360
9640,19361
9641,19364
9642,19366
9643,19367
9644,19368
9645,19373
9646,19374
9647,19377
9648,19378
9649,19380
9650,19382
9651,19384
9652,19385
9653,19387
9654,19388
9655,19390
9656,19395
9657,19403
9658,19407
9659,19410
9660,19411
9661,19412
9662,19416
9663,19420
9664,19421
9665,19423
9666,19427
9667,19428
9668,19429
9669,19430
9670,19432
9671,19436
9672,19439
9673,19440
9674,19441
9675,19444
9676,19446
9677,19447
9678,19452
9679,19453
9680,19454
9681,19455
9682,19459
9683,19461
9684,19465
9685,19469
9686,19470
9687,19471
9688,19472
9689,19474
9690,19475
9691,19476
9692,19479
9693,19480
9694,19481
9695,19482
9696,19483
9697,19485
9698,19486
9699,19487
9700,19488
9701,19489
9702,19491
9703,19493
9704,19494
9705,19495
9706,19496
9707,19498
9708,19502
9709,19503
9710,19505
9711,19506
9712,19507
9713,19509
9714,19510
9715,19511
9716,19512
9717,19514
9718,19515
9719,19518
9720,19520
9721,19523
9722,19528
9723,19529
9724,19530
9725,19531
9726,19532
9727,19533
9728,19536
9729,19537
9730,19539
9731,19541
9732,19545
9733,19547
9734,19550
9735,19551
9736,19555
9737,19557
9738,19558
9739,19561
9740,19562
9741,19563
9742,19566
9743,19567
9744,19572
9745,19574
9746,19577
9747,19581
9748,19583
9749,19584
9750,19585
9751,19588
9752,19589
9753,19593
9754,19595
9755,19601
9756,19605
9757,19606
9758,19609
9759,19610
9760,19611
9761,19615
9762,19617
9763,19619
9764,19620
9765,19627
9766,19629
9767,19630
9768,19632
9769,19633
9770,19634
9771,19640
9772,19644
9773,19645
9774,19651
9775,19654
9776,19655
9777,19656
9778,19658
9779,19660
9780,19662
9781,19663
9782,19664
9783,19665
9784,19666
9785,19668
9786,19670
9787,19672
9788,19674
9789,19675
9790,19676
9791,19679
9792,19680
9793,19682
9794,19685
9795,19688
9796,19689
9797,19690
9798,19691
9799,19692
9800,19700
9801,19702
9802,19706
9803,19709
9804,19710
9805,19712
9806,19715
9807,19716
9808,19717
9809,19719
9810,19720
9811,19721
9812,19722
9813,19723
9814,19726
9815,19727
9816,19731
9817,19732
9818,19733
9819,19737
9820,19738
9821,19743
9822,19747
9823,19749
9824,19751
9825,19753
9826,19755
9827,19757
9828,19761
9829,19763
9830,19766
9831,19767
9832,19769
9833,19770
9834,19771
9835,19777
9836,19779
9837,19780
9838,19781
9839,19784
9840,19786
9841,19789
9842,19790
9843,19793
9844,19795
9845,19796
9846,19797
9847,19799
9848,19800
9849,19802
9850,19804
9851,19805
9852,19808
9853,19809
9854,19811
9855,19813
9856,19814
9857,19815
9858,19816
9859,19818
9860,19820
9861,19821
9862,19822
9863,19823
9864,19829
9865,19830
9866,19831
9867,19833
9868,19834
9869,19835
9870,19837
9871,19838
9872,19840
9873,19841
9874,19843
9875,19846
9876,19847
9877,19850
9878,19852
9879,19856
9880,19857
9881,19858
9882,19859
9883,19861
9884,19863
9885,19864
9886,19866
9887,19872
9888,19878
9889,19879
9890,19882
9891,19883
9892,19884
9893,19885
9894,19888
9895,19889
9896,19890
9897,19891
9898,19895
9899,19897
9900,19900
9901,19905
9902,19907
9903,19908
9904,19909
9905,19910
9906,19912
9907,19914
9908,19915
9909,19916
9910,19917
9911,19918
9912,19920
9913,19922
9914,19923
9915,19924
9916,19925
9917,19927
9918,19928
9919,19931
9920,19932
9921,19933
9922,19934
9923,19935
9924,19936
9925,19937
9926,19938
9927,19941
9928,19942
9929,19943
9930,19944
9931,19946
9932,19948
9933,19950
9934,19952
9935,19953
9936,19954
9937,19955
9938,19956
9939,19957
9940,19958
9941,19959
9942,19960
9943,19961
9944,19962
9945,19963
9946,19966
9947,19973
9948,19977
9949,19978
9950,19979
9951,19980
9952,19981
9953,19984
9954,19986
9955,19987
9956,19988
9957,19991
9958,19993
9959,19994
9960,19996
9961,20004
9962,20005
9963,20006
9964,20008
9965,20010
9966,20012
9967,20015
9968,20016
9969,20019
9970,20021
9971,20023
9972,20024
9973,20025
9974,20027
9975,20030
9976,20033
9977,20035
9978,20036
9979,20037
9980,20039
9981,20040
9982,20042
9983,20044
9984,20046
9985,20048
9986,20049
9987,20050
9988,20052
9989,20053
9990,20055
9991,20057
9992,20060
9993,20063
9994,20064
9995,20069
9996,20070
9997,20071
9998,20072
9999,20074
10000,20077
10001,20078
10002,20081
10003,20084
10004,20086
10005,20087
10006,20088
10007,20091
10008,20093
10009,20094
10010,20095
10011,20096
10012,20097
10013,20099
10014,20100
10015,20101
10016,20103
10017,20105
10018,20106
10019,20111
10020,20112
10021,20115
10022,20116
10023,20117
10024,20118
10025,20119
10026,20121
10027,20124
10028,20125
10029,20127
10030,20128
10031,20129
10032,20132
10033,20133
10034,20134
10035,20135
10036,20139
10037,20141
10038,20148
10039,20150
10040,20151
10041,20154
10042,20159
10043,20160
10044,20161
10045,20162
10046,20163
10047,20164
10048,20165
10049,20166
10050,20169
10051,20174
10052,20177
10053,20178
10054,20179
10055,20180
10056,20181
10057,20182
10058,20184
10059,20186
10060,20187
10061,20193
10062,20194
10063,20195
10064,20196
10065,20197
10066,20198
10067,20200
10068,20203
10069,20204
10070,20207
10071,20208
10072,20210
10073,20212
10074,20213
10075,20215
10076,20217
10077,20219
10078,20220
10079,20221
10080,20224
10081,20226
10082,20229
10083,20231
10084,20232
10085,20234
10086,20237
10087,20238
10088,20240
10089,20241
10090,20244
10091,20245
10092,20249
10093,20251
10094,20253
10095,20257
10096,20260
10097,20262
10098,20263
10099,20264
10100,20267
10101,20270
10102,20271
10103,20277
10104,20278
10105,20279
10106,20283
10107,20284
10108,20286
10109,20288
10110,20289
10111,20290
10112,20293
10113,20294
10114,20295
10115,20296
10116,20297
10117,20298
10118,20303
10119,20304
10120,20306
10121,20309
10122,20312
10123,20313
10124,20314
10125,20316
10126,20317
10127,20318
10128,20320
10129,20321
10130,20323
10131,20324
10132,20325
10133,20331
10134,20333
10135,20334
10136,20335
10137,20337
10138,20338
10139,20339
10140,20340
10141,20341
10142,20343
10143,20346
10144,20348
10145,20349
10146,20353
10147,20357
10148,20358
10149,20359
10150,20360
10151,20365
10152,20366
10153,20367
10154,20369
10155,20370
10156,20371
10157,20372
10158,20373
10159,20374
10160,20375
10161,20376
10162,20377
10163,20378
10164,20379
10165,20380
10166,20381
10167,20383
10168,20384
10169,20386
10170,20391
10171,20392
10172,20393
10173,20395
10174,20398
10175,20399
10176,20401
10177,20402
10178,20403
10179,20408
10180,20409
10181,20410
10182,20411
10183,20412
10184,20414
10185,20416
10186,20423
10187,20424
10188,20427
10189,20429
10190,20431
10191,20433
10192,20438
10193,20440
10194,20441
10195,20443
10196,20444
10197,20446
10198,20449
10199,20450
10200,20451
10201,20452
10202,20453
10203,20454
10204,20455
10205,20456
10206,20457
10207,20458
10208,20459
10209,20463
10210,20465
10211,20467
10212,20468
10213,20470
10214,20472
10215,20474
10216,20476
10217,20477
10218,20480
10219,20483
10220,20484
10221,20487
10222,20490
10223,20491
10224,20497
10225,20498
10226,20499
10227,20500
10228,20502
10229,20503
10230,20505
10231,20508
10232,20510
10233,20511
10234,20516
10235,20520
10236,20521
10237,20522
10238,20524
10239,20527
10240,20529
10241,20530
10242,20532
10243,20533
10244,20534
10245,20535
10246,20537
10247,20538
10248,20539
10249,20542
10250,20543
10251,20547
10252,20549
10253,20550
10254,20551
10255,20552
10256,20554
10257,20556
10258,20557
10259,20560
10260,20563
10261,20566
10262,20567
10263,20571
10264,20574
10265,20577
10266,20578
10267,20579
10268,20581
10269,20583
10270,20585
10271,20586
10272,20587
10273,20589
10274,20591
10275,20592
10276,20598
10277,20599
10278,20600
10279,20601
10280,20609
10281,20611
10282,20614
10283,20615
10284,20616
10285,20617
10286,20618
10287,20619
10288,20621
10289,20623
10290,20624
10291,20625
10292,20630
10293,20631
10294,20632
10295,20634
10296,20636
10297,20640
10298,20642
10299,20646
10300,20647
10301,20648
10302,20650
10303,20652
10304,20653
10305,20655
10306,20656
10307,20661
10308,20663
10309,20666
10310,20667
10311,20673
10312,20676
10313,20678
10314,20684
10315,20689
10316,20690
10317,20692
10318,20695
10319,20697
10320,20700
10321,20701
10322,20703
10323,20707
10324,20708
10325,20711
10326,20717
10327,20720
10328,20723
10329,20724
10330,20726
10331,20730
10332,20731
10333,20733
10334,20737
10335,20738
10336,20739
10337,20741
10338,20743
10339,20744
10340,20746
10341,20750
10342,20753
10343,20755
10344,20756
10345,20758
10346,20760
10347,20762
10348,20763
10349,20765
10350,20766
10351,20769
10352,20771
10353,20776
10354,20777
10355,20778
10356,20780
10357,20782
10358,20786
10359,20787
10360,20788
10361,20790
10362,20792
10363,20793
10364,20795
10365,20797
10366,20799
10367,20800
10368,20808
10369,20809
10370,20810
10371,20811
10372,20812
10373,20813
10374,20814
10375,20815
10376,20817
10377,20818
10378,20820
10379,20821
10380,20823
10381,20824
10382,20826
10383,20830
10384,20831
10385,20833
10386,20835
10387,20836
10388,20837
10389,20839
10390,20840
10391,20841
10392,20843
10393,20846
10394,20847
10395,20850
10396,20851
10397,20853
10398,20855
10399,20856
10400,20858
10401,20859
10402,20861
10403,20862
10404,20866
10405,20869
10406,20871
10407,20877
10408,20878
10409,20881
10410,20884
10411,20885
10412,20890
10413,20891
10414,20895
10415,20896
10416,20898
10417,20904
10418,20905
10419,20908
10420,20909
10421,20913
10422,20914
10423,20915
10424,20917
10425,20918
10426,20920
10427,20922
10428,20923
10429,20924
10430,20928
10431,20930
10432,20931
10433,20933
10434,20934
10435,20936
10436,20937
10437,20938
10438,20940
10439,20941
10440,20945
10441,20946
10442,20948
10443,20949
10444,20950
10445,20951
10446,20954
10447,20955
10448,20956
10449,20958
10450,20961
10451,20963
10452,20965
10453,20966
10454,20967
10455,20968
10456,20969
10457,20970
10458,20971
10459,20973
10460,20975
10461,20976
10462,20978
10463,20979
10464,20981
10465,20982
10466,20985
10467,20990
10468,20991
10469,20992
10470,20994
10471,20999
10472,21005
10473,21006
10474,21007
10475,21009
10476,21012
10477,21014
10478,21015
10479,21016
10480,21017
10481,21019
10482,21020
10483,21022
10484,21023
10485,21025
10486,21027
10487,21029
10488,21030
10489,21031
10490,21033
10491,21034
10492,21037
10493,21040
10494,21042
10495,21043
10496,21049
10497,21050
10498,21051
10499,21053
10500,21055
10501,21056
10502,21058
10503,21059
10504,21060
10505,21062
10506,21068
10507,21069
10508,21071
10509,21073
10510,21081
10511,21083
10512,21086
10513,21087
10514,21088
10515,21089
10516,21091
10517,21092
10518,21093
10519,21095
10520,21097
10521,21099
10522,21101
10523,21102
10524,21105
10525,21107
10526,21110
10527,21112
10528,21114
10529,21115
10530,21116
10531,21117
10532,21119
10533,21123
10534,21124
10535,21126
10536,21128
10537,21130
10538,21132
10539,21133
10540,21134
10541,21135
10542,21137
10543,21138
10544,21140
10545,21142
10546,21147
10547,21150
10548,21154
10549,21155
10550,21157
10551,21159
10552,21161
10553,21163
10554,21166
10555,21168
10556,21170
10557,21172
10558,21180
10559,21182
10560,21183
10561,21184
10562,21189
10563,21190
10564,21195
10565,21196
10566,21200
10567,21201
10568,21202
10569,21203
10570,21207
10571,21208
10572,21209
10573,21211
10574,21212
10575,21213
10576,21215
10577,21216
10578,21217
10579,21220
10580,21221
10581,21222
10582,21226
10583,21228
10584,21230
10585,21231
10586,21232
10587,21233
10588,21236
10589,21237
10590,21238
10591,21239
10592,21241
10593,21242
10594,21243
10595,21244
10596,21245
10597,21247
10598,21249
10599,21250
10600,21254
10601,21256
10602,21258
10603,21261
10604,21262
10605,21263
10606,21264
10607,21266
10608,21269
10609,21270
10610,21273
10611,21274
10612,21276
10613,21277
10614,21278
10615,21279
10616,21280
10617,21281
10618,21282
10619,21292
10620,21293
10621,21294
10622,21295
10623,21298
10624,21299
10625,21302
10626,21304
10627,21306
10628,21308
10629,21310
10630,21312
10631,21313
10632,21314
10633,21315
10634,21318
10635,21320
10636,21321
10637,21323
10638,21324
10639,21332
10640,21333
10641,21335
10642,21336
10643,21338
10644,21341
10645,21343
10646,21344
10647,21346
10648,21348
10649,21351
10650,21353
10651,21354
10652,21358
10653,21359
10654,21360
10655,21361
10656,21362
10657,21365
10658,21368
10659,21371
10660,21372
10661,21373
10662,21374
10663,21376
10664,21377
10665,21382
10666,21384
10667,21388
10668,21389
10669,21390
10670,21391
10671,21393
10672,21396
10673,21400
10674,21407
10675,21408
10676,21412
10677,21413
10678,21415
10679,21418
10680,21419
10681,21421
10682,21425
10683,21426
10684,21427
10685,21432
10686,21436
10687,21438
10688,21439
10689,21440
10690,21441
10691,21442
10692,21443
10693,21444
10694,21445
10695,21447
10696,21448
10697,21449
10698,21450
10699,21452
10700,21454
10701,21455
10702,21456
10703,21457
10704,21459
10705,21460
10706,21461
10707,21462
10708,21463
10709,21464
10710,21465
10711,21470
10712,21474
10713,21475
10714,21477
10715,21478
10716,21479
10717,21481
10718,21482
10719,21484
10720,21485
10721,21486
10722,21488
10723,21489
10724,21490
10725,21491
10726,21492
10727,21500
10728,21501
10729,21502
10730,21503
10731,21504
10732,21506
10733,21507
10734,21508
10735,21509
10736,21514
10737,21515
10738,21516
10739,21517
10740,21518
10741,21519
10742,21520
10743,21522
10744,21524
10745,21526
10746,21527
10747,21529
10748,21535
10749,21536
10750,21539
10751,21540
10752,21541
10753,21549
10754,21550
10755,21552
10756,21559
10757,21562
10758,21564
10759,21566
10760,21567
10761,21569
10762,21570
10763,21572
10764,21576
10765,21577
10766,21578
10767,21579
10768,21582
10769,21584
10770,21586
10771,21588
10772,21590
10773,21592
10774,21593
10775,21595
10776,21598
10777,21599
10778,21603
10779,21610
10780,21613
10781,21614
10782,21617
10783,21618
10784,21619
10785,21620
10786,21622
10787,21623
10788,21626
10789,21628
10790,21629
10791,21630
10792,21632
10793,21634
10794,21636
10795,21638
10796,21641
10797,21648
10798,21651
10799,21653
10800,21654
10801,21657
10802,21658
10803,21659
10804,21660
10805,21663
10806,21664
10807,21666
10808,21668
10809,21669
10810,21671
10811,21672
10812,21674
10813,21679
10814,21680
10815,21682
10816,21683
10817,21684
10818,21685
10819,21687
10820,21688
10821,21692
10822,21693
10823,21694
10824,21697
10825,21698
10826,21700
10827,21701
10828,21702
10829,21704
10830,21706
10831,21709
10832,21710
10833,21711
10834,21712
10835,21714
10836,21715
10837,21716
10838,21717
10839,21720
10840,21721
10841,21725
10842,21726
10843,21730
10844,21733
10845,21734
10846,21735
10847,21736
10848,21738
10849,21739
10850,21740
10851,21742
10852,21746
10853,21749
10854,21750
10855,21753
10856,21756
10857,21757
10858,21760
10859,21761
10860,21764
10861,21765
10862,21766
10863,21769
10864,21770
10865,21776
10866,21780
10867,21783
10868,21786
10869,21788
10870,21789
10871,21790
10872,21791
10873,21792
10874,21794
10875,21797
10876,21799
10877,21800
10878,21801
10879,21806
10880,21808
10881,21809
10882,21811
10883,21812
10884,21813
10885,21814
10886,21815
10887,21816
10888,21817
10889,21818
10890,21820
10891,21822
10892,21823
10893,21824
10894,21826
10895,21827
10896,21828
10897,21834
10898,21838
10899,21839
10900,21842
10901,21844
10902,21845
10903,21847
10904,21850
10905,21853
10906,21855
10907,21857
10908,21858
10909,21859
10910,21861
10911,21862
10912,21863
10913,21864
10914,21867
10915,21870
10916,21872
10917,21875
10918,21877
10919,21880
10920,21885
10921,21886
10922,21887
10923,21888
10924,21893
10925,21897
10926,21898
10927,21903
10928,21905
10929,21906
10930,21909
10931,21910
10932,21912
10933,21913
10934,21918
10935,21919
10936,21921
10937,21926
10938,21929
10939,21930
10940,21932
10941,21934
10942,21937
10943,21939
10944,21940
10945,21942
10946,21943
10947,21945
10948,21946
10949,21947
10950,21948
10951,21952
10952,21953
10953,21955
10954,21957
10955,21958
10956,21959
10957,21960
10958,21961
10959,21964
10960,21967
10961,21968
10962,21969
10963,21971
10964,21973
10965,21976
10966,21981
10967,21982
10968,21984
10969,21985
10970,21987
10971,21988
10972,21989
10973,21990
10974,21991
10975,21992
10976,21995
10977,21996
10978,21999
10979,22003
10980,22005
10981,22006
10982,22008
10983,22009
10984,22010
10985,22011
10986,22013
10987,22016
10988,22018
10989,22025
10990,22027
10991,22028
10992,22033
10993,22036
10994,22037
10995,22038
10996,22039
10997,22040
10998,22044
10999,22046
11000,22050
11001,22051
11002,22054
11003,22055
11004,22057
11005,22059
11006,22060
11007,22062
11008,22063
11009,22064
11010,22065
11011,22066
11012,22069
11013,22070
11014,22071
11015,22073
11016,22074
11017,22075
11018,22076
11019,22078
11020,22079
11021,22080
11022,22081
11023,22083
11024,22085
11025,22086
11026,22087
11027,22089
11028,22090
11029,22092
11030,22093
11031,22094
11032,22095
11033,22100
11034,22103
11035,22106
11036,22107
11037,22108
11038,22110
11039,22111
11040,22113
11041,22114
11042,22115
11043,22116
11044,22117
11045,22124
11046,22125
11047,22129
11048,22130
11049,22131
11050,22132
11051,22133
11052,22135
11053,22137
11054,22141
11055,22144
11056,22147
11057,22149
11058,22151
11059,22152
11060,22153
11061,22154
11062,22156
11063,22159
11064,22171
11065,22172
11066,22173
11067,22174
11068,22175
11069,22177
11070,22182
11071,22185
11072,22188
11073,22189
11074,22190
11075,22191
11076,22192
11077,22194
11078,22198
11079,22201
11080,22204
11081,22205
11082,22210
11083,22211
11084,22212
11085,22215
11086,22221
11087,22222
11088,22223
11089,22225
11090,22226
11091,22232
11092,22234
11093,22235
11094,22238
11095,22239
11096,22240
11097,22242
11098,22245
11099,22249
11100,22253
11101,22255
11102,22256
11103,22257
11104,22260
11105,22261
11106,22269
11107,22272
11108,22275
11109,22276
11110,22277
11111,22278
11112,22279
11113,22280
11114,22282
11115,22284
11116,22290
11117,22291
11118,22292
11119,22293
11120,22294
11121,22295
11122,22296
11123,22297
11124,22298
11125,22299
11126,22300
11127,22302
11128,22304
11129,22307
11130,22309
11131,22314
11132,22319
11133,22320
11134,22322
11135,22323
11136,22324
11137,22325
11138,22326
11139,22327
11140,22333
11141,22334
11142,22337
11143,22338
11144,22339
11145,22346
11146,22351
11147,22352
11148,22357
11149,22360
11150,22364
11151,22366
11152,22368
11153,22369
11154,22371
11155,22373
11156,22374
11157,22376
11158,22379
11159,22383
11160,22385
11161,22386
11162,22389
11163,22392
11164,22393
11165,22395
11166,22396
11167,22397
11168,22398
11169,22399
11170,22400
11171,22401
11172,22402
11173,22405
11174,22408
11175,22409
11176,22410
11177,22411
11178,22414
11179,22416
11180,22417
11181,22419
11182,22422
11183,22424
11184,22427
11185,22429
11186,22430
11187,22432
11188,22433
11189,22435
11190,22437
11191,22438
11192,22439
11193,22441
11194,22442
11195,22443
11196,22444
11197,22445
11198,22448
11199,22449
11200,22451
11201,22462
11202,22464
11203,22466
11204,22468
11205,22470
11206,22471
11207,22473
11208,22474
11209,22475
11210,22476
11211,22477
11212,22480
11213,22481
11214,22482
11215,22484
11216,22488
11217,22489
11218,22491
11219,22492
11220,22495
11221,22496
11222,22499
11223,22500
11224,22504
11225,22505
11226,22507
11227,22509
11228,22510
11229,22511
11230,22512
11231,22515
11232,22516
11233,22517
11234,22519
11235,22520
11236,22523
11237,22525
11238,22527
11239,22529
11240,22530
11241,22531
11242,22532
11243,22533
11244,22534
11245,22538
11246,22539
11247,22540
11248,22549
11249,22551
11250,22553
11251,22555
11252,22558
11253,22562
11254,22564
11255,22567
11256,22569
11257,22573
11258,22574
11259,22579
11260,22580
11261,22583
11262,22586
11263,22587
11264,22589
11265,22590
11266,22597
11267,22601
11268,22604
11269,22605
11270,22606
11271,22608
11272,22609
11273,22610
11274,22612
11275,22622
11276,22625
11277,22629
11278,22630
11279,22631
11280,22634
11281,22636
11282,22639
11283,22644
11284,22645
11285,22646
11286,22648
11287,22651
11288,22654
11289,22655
11290,22656
11291,22657
11292,22660
11293,22661
11294,22662
11295,22663
11296,22664
11297,22666
11298,22667
11299,22670
11300,22671
11301,22672
11302,22673
11303,22675
11304,22679
11305,22680
11306,22682
11307,22683
11308,22684
11309,22685
11310,22687
11311,22690
11312,22696
11313,22697
11314,22698
11315,22703
11316,22704
11317,22706
11318,22709
11319,22710
11320,22713
11321,22714
11322,22715
11323,22718
11324,22719
11325,22725
11326,22727
11327,22728
11328,22729
11329,22730
11330,22733
11331,22737
11332,22739
11333,22742
11334,22743
11335,22745
11336,22746
11337,22750
11338,22753
11339,22755
11340,22757
11341,22761
11342,22765
11343,22769
11344,22770
11345,22772
11346,22774
11347,22777
11348,22778
11349,22779
11350,22780
11351,22781
11352,22782
11353,22783
11354,22785
11355,22787
11356,22788
11357,22791
11358,22793
11359,22795
11360,22796
11361,22797
11362,22798
11363,22801
11364,22802
11365,22803
11366,22804
11367,22807
11368,22808
11369,22811
11370,22812
11371,22813
11372,22814
11373,22815
11374,22816
11375,22818
11376,22821
11377,22825
11378,22826
11379,22827
11380,22828
11381,22829
11382,22832
11383,22833
11384,22834
11385,22835
11386,22836
11387,22837
11388,22839
11389,22841
11390,22842
11391,22844
11392,22845
11393,22850
11394,22851
11395,22852
11396,22853
11397,22854
11398,22859
11399,22860
11400,22861
11401,22862
11402,22864
11403,22865
11404,22869
11405,22872
11406,22873
11407,22876
11408,22877
11409,22879
11410,22880
11411,22881
11412,22882
11413,22883
11414,22885
11415,22886
11416,22887
11417,22888
11418,22889
11419,22890
11420,22894
11421,22899
11422,22901
11423,22907
11424,22908
11425,22911
11426,22914
11427,22918
11428,22920
11429,22921
11430,22922
11431,22923
11432,22924
11433,22926
11434,22927
11435,22929
11436,22931
11437,22935
11438,22937
11439,22938
11440,22940
11441,22942
11442,22943
11443,22945
11444,22947
11445,22948
11446,22950
11447,22952
11448,22953
11449,22956
11450,22961
11451,22963
11452,22964
11453,22966
11454,22968
11455,22969
11456,22970
11457,22971
11458,22973
11459,22974
11460,22979
11461,22980
11462,22981
11463,22982
11464,22985
11465,22986
11466,22987
11467,22988
11468,22989
11469,22991
11470,22992
11471,22993
11472,22995
11473,22997
11474,23000
11475,23001
11476,23002
11477,23006
11478,23007
11479,23012
11480,23013
11481,23014
11482,23015
11483,23016
11484,23019
11485,23020
11486,23022
11487,23026
11488,23031
11489,23032
11490,23034
11491,23036
11492,23037
11493,23038
11494,23039
11495,23041
11496,23046
11497,23048
11498,23049
11499,23050
11500,23051
11501,23053
11502,23058
11503,23059
11504,23060
11505,23061
11506,23063
11507,23064
11508,23065
11509,23067
11510,23068
11511,23069
11512,23071
11513,23072
11514,23073
11515,23077
11516,23078
11517,23084
11518,23087
11519,23089
11520,23090
11521,23091
11522,23092
11523,23095
11524,23099
11525,23101
11526,23102
11527,23103
11528,23105
11529,23107
11530,23108
11531,23109
11532,23110
11533,23111
11534,23112
11535,23115
11536,23117
11537,23119
11538,23122
11539,23123
11540,23124
11541,23125
11542,23129
11543,23130
11544,23134
11545,23135
11546,23136
11547,23140
11548,23145
11549,23146
11550,23148
11551,23149
11552,23150
11553,23151
11554,23152
11555,23154
11556,23155
11557,23156
11558,23158
11559,23159
11560,23160
11561,23162
11562,23165
11563,23166
11564,23168
11565,23170
11566,23172
11567,23174
11568,23176
11569,23180
11570,23181
11571,23182
11572,23189
11573,23193
11574,23195
11575,23197
11576,23199
11577,23202
11578,23203
11579,23204
11580,23206
11581,23211
11582,23214
11583,23215
11584,23219
11585,23220
11586,23226
11587,23228
11588,23230
11589,23231
11590,23232
11591,23233
11592,23235
11593,23236
11594,23237
11595,23239
11596,23241
11597,23242
11598,23243
11599,23244
11600,23245
11601,23248
11602,23249
11603,23252
11604,23262
11605,23263
11606,23269
11607,23272
11608,23273
11609,23274
11610,23275
11611,23278
11612,23282
11613,23283
11614,23284
11615,23286
11616,23287
11617,23289
11618,23295
11619,23296
11620,23298
11621,23301
11622,23302
11623,23305
11624,23307
11625,23312
11626,23313
11627,23314
11628,23315
11629,23316
11630,23318
11631,23319
11632,23320
11633,23321
11634,23327
11635,23328
11636,23329
11637,23330
11638,23332
11639,23333
11640,23340
11641,23345
11642,23349
11643,23350
11644,23352
11645,23353
11646,23354
11647,23357
11648,23359
11649,23360
11650,23363
11651,23365
11652,23366
11653,23367
11654,23369
11655,23371
11656,23373
11657,23374
11658,23376
11659,23377
11660,23380
11661,23381
11662,23383
11663,23384
11664,23388
11665,23389
11666,23392
11667,23395
11668,23396
11669,23397
11670,23400
11671,23402
11672,23403
11673,23404
11674,23407
11675,23409
11676,23411
11677,23412
11678,23416
11679,23417
11680,23419
11681,23421
11682,23423
11683,23424
11684,23426
11685,23431
11686,23439
11687,23440
11688,23442
11689,23444
11690,23445
11691,23446
11692,23447
11693,23448
11694,23451
11695,23457
11696,23459
11697,23460
11698,23464
11699,23466
11700,23467
11701,23468
11702,23471
11703,23473
11704,23474
11705,23475
11706,23476
11707,23477
11708,23479
11709,23481
11710,23482
11711,23483
11712,23487
11713,23490
11714,23491
11715,23498
11716,23499
11717,23503
11718,23505
11719,23509
11720,23510
11721,23511
11722,23512
11723,23516
11724,23517
11725,23518
11726,23519
11727,23520
11728,23523
11729,23526
11730,23528
11731,23529
11732,23530
11733,23531
11734,23533
11735,23534
11736,23535
11737,23538
11738,23543
11739,23544
11740,23545
11741,23546
11742,23547
11743,23550
11744,23553
11745,23557
11746,23558
11747,23562
11748,23565
11749,23566
11750,23567
11751,23568
11752,23569
11753,23572
11754,23573
11755,23576
11756,23578
11757,23579
11758,23581
11759,23582
11760,23583
11761,23585
11762,23587
11763,23589
11764,23590
11765,23591
11766,23597
11767,23599
11768,23600
11769,23602
11770,23605
11771,23606
11772,23607
11773,23610
11774,23611
11775,23612
11776,23613
11777,23615
11778,23618
11779,23619
11780,23621
11781,23626
11782,23627
11783,23628
11784,23630
11785,23631
11786,23634
11787,23635
11788,23636
11789,23640
11790,23641
11791,23642
11792,23643
11793,23644
11794,23646
11795,23647
11796,23648
11797,23651
11798,23652
11799,23655
11800,23657
11801,23660
11802,23661
11803,23662
11804,23664
11805,23666
11806,23668
11807,23669
11808,23670
11809,23672
11810,23673
11811,23674
11812,23676
11813,23678
11814,23684
11815,23688
11816,23689
11817,23691
11818,23694
11819,23695
11820,23699
11821,23709
11822,23710
11823,23711
11824,23714
11825,23716
11826,23717
11827,23718
11828,23719
11829,23723
11830,23726
11831,23730
11832,23732
11833,23733
11834,23734
11835,23736
11836,23737
11837,23738
11838,23739
11839,23741
11840,23744
11841,23747
11842,23749
11843,23752
11844,23753
11845,23754
11846,23756
11847,23757
11848,23758
11849,23763
11850,23770
11851,23774
11852,23776
11853,23778
11854,23781
11855,23786
11856,23788
11857,23793
11858,23795
11859,23796
11860,23797
11861,23798
11862,23801
11863,23802
11864,23806
11865,23807
11866,23808
11867,23810
11868,23812
11869,23815
11870,23817
11871,23819
11872,23820
11873,23823
11874,23824
11875,23825
11876,23826
11877,23828
11878,23830
11879,23832
11880,23835
11881,23836
11882,23837
11883,23838
11884,23841
11885,23842
11886,23844
11887,23847
11888,23848
11889,23851
11890,23852
11891,23853
11892,23855
11893,23856
11894,23858
11895,23862
11896,23864
11897,23865
11898,23866
11899,23870
11900,23872
11901,23874
11902,23875
11903,23876
11904,23880
11905,23882
11906,23884
11907,23888
11908,23892
11909,23893
11910,23894
11911,23897
11912,23901
11913,23903
11914,23905
11915,23907
11916,23909
11917,23911
11918,23912
11919,23913
11920,23914
11921,23916
11922,23919
11923,23920
11924,23921
11925,23923
11926,23925
11927,23927
11928,23928
11929,23930
11930,23931
11931,23932
11932,23933
11933,23935
11934,23937
11935,23938
11936,23939
11937,23940
11938,23943
11939,23946
11940,23949
11941,23950
11942,23952
11943,23954
11944,23956
11945,23958
11946,23960
11947,23961
11948,23964
11949,23965
11950,23967
11951,23968
11952,23969
11953,23973
11954,23974
11955,23975
11956,23977
11957,23979
11958,23980
11959,23982
11960,23987
11961,23989
11962,23998
11963,23999
11964,24002
11965,24003
11966,24004
11967,24006
11968,24008
11969,24009
11970,24011
11971,24012
11972,24013
11973,24016
11974,24018
11975,24021
11976,24024
11977,24029
11978,24031
11979,24032
11980,24035
11981,24037
11982,24038
11983,24041
11984,24042
11985,24045
11986,24046
11987,24049
11988,24050
11989,24051
11990,24053
11991,24055
11992,24057
11993,24059
11994,24062
11995,24063
11996,24064
11997,24065
11998,24066
11999,24069
12000,24070
12001,24071
12002,24074
12003,24077
12004,24078
12005,24079
12006,24084
12007,24087
12008,24088
12009,24089
12010,24090
12011,24092
12012,24093
12013,24096
12014,24097
12015,24101
12016,24102
12017,24103
12018,24107
12019,24108
12020,24109
12021,24110
12022,24112
12023,24114
12024,24116
12025,24118
12026,24123
12027,24124
12028,24125
12029,24126
12030,24129
12031,24130
12032,24131
12033,24132
12034,24133
12035,24134
12036,24135
12037,24136
12038,24137
12039,24138
12040,24139
12041,24141
12042,24142
12043,24143
12044,24144
12045,24146
12046,24147
12047,24148
12048,24152
12049,24154
12050,24160
12051,24161
12052,24162
12053,24164
12054,24165
12055,24167
12056,24168
12057,24170
12058,24171
12059,24172
12060,24175
12061,24176
12062,24177
12063,24179
12064,24181
12065,24182
12066,24184
12067,24185
12068,24186
12069,24188
12070,24190
12071,24191
12072,24194
12073,24195
12074,24196
12075,24202
12076,24204
12077,24206
12078,24209
12079,24210
12080,24211
12081,24212
12082,24213
12083,24214
12084,24215
12085,24216
12086,24217
12087,24219
12088,24221
12089,24222
12090,24223
12091,24225
12092,24227
12093,24228
12094,24229
12095,24231
12096,24233
12097,24234
12098,24235
12099,24239
12100,24240
12101,24241
12102,24243
12103,24244
12104,24245
12105,24246
12106,24247
12107,24248
12108,24252
12109,24253
12110,24254
12111,24257
12112,24259
12113,24260
12114,24261
12115,24262
12116,24267
12117,24269
12118,24270
12119,24271
12120,24276
12121,24277
12122,24278
12123,24281
12124,24282
12125,24285
12126,24286
12127,24290
12128,24292
12129,24295
12130,24296
12131,24300
12132,24307
12133,24312
12134,24314
12135,24317
12136,24320
12137,24321
12138,24322
12139,24324
12140,24333
12141,24334
12142,24335
12143,24336
12144,24337
12145,24338
12146,24346
12147,24347
12148,24348
12149,24350
12150,24352
12151,24353
12152,24354
12153,24355
12154,24356
12155,24357
12156,24359
12157,24361
12158,24362
12159,24364
12160,24365
12161,24366
12162,24368
12163,24372
12164,24375
12165,24376
12166,24377
12167,24378
12168,24382
12169,24384
12170,24390
12171,24401
12172,24402
12173,24408
12174,24410
12175,24414
12176,24416
12177,24417
12178,24420
12179,24421
12180,24426
12181,24427
12182,24431
12183,24435
12184,24442
12185,24445
12186,24447
12187,24452
12188,24453
12189,24454
12190,24455
12191,24456
12192,24459
12193,24461
12194,24462
12195,24465
12196,24468
12197,24470
12198,24471
12199,24473
12200,24475
12201,24476
12202,24479
12203,24483
12204,24484
12205,24486
12206,24488
12207,24489
12208,24492
12209,24495
12210,24496
12211,24499
12212,24501
12213,24505
12214,24508
12215,24509
12216,24510
12217,24512
12218,24513
12219,24514
12220,24515
12221,24516
12222,24517
12223,24518
12224,24519
12225,24521
12226,24522
12227,24523
12228,24524
12229,24526
12230,24529
12231,24531
12232,24533
12233,24534
12234,24535
12235,24536
12236,24540
12237,24542
12238,24543
12239,24545
12240,24546
12241,24548
12242,24549
12243,24550
12244,24551
12245,24552
12246,24553
12247,24557
12248,24558
12249,24560
12250,24561
12251,24562
12252,24564
12253,24567
12254,24569
12255,24570
12256,24572
12257,24573
12258,24574
12259,24579
12260,24581
12261,24582
12262,24586
12263,24587
12264,24589
12265,24591
12266,24593
12267,24594
12268,24596
12269,24598
12270,24599
12271,24603
12272,24604
12273,24605
12274,24606
12275,24608
12276,24609
12277,24610
12278,24611
12279,24612
12280,24614
12281,24616
12282,24618
12283,24619
12284,24621
12285,24622
12286,24623
12287,24625
12288,24628
12289,24630
12290,24631
12291,24633
12292,24634
12293,24635
12294,24636
12295,24637
12296,24638
12297,24639
12298,24642
12299,24645
12300,24649
12301,24650
12302,24651
12303,24653
12304,24654
12305,24656
12306,24658
12307,24660
12308,24661
12309,24663
12310,24665
12311,24666
12312,24667
12313,24669
12314,24670
12315,24672
12316,24676
12317,24678
12318,24680
12319,24681
12320,24684
12321,24687
12322,24689
12323,24692
12324,24693
12325,24696
12326,24698
12327,24709
12328,24710
12329,24716
12330,24720
12331,24724
12332,24725
12333,24728
12334,24730
12335,24731
12336,24736
12337,24738
12338,24740
12339,24741
12340,24742
12341,24743
12342,24747
12343,24749
12344,24750
12345,24754
12346,24757
12347,24761
12348,24762
12349,24765
12350,24767
12351,24769
12352,24774
12353,24775
12354,24776
12355,24779
12356,24780
12357,24781
12358,24783
12359,24784
12360,24786
12361,24787
12362,24788
12363,24789
12364,24790
12365,24791
12366,24794
12367,24795
12368,24796
12369,24797
12370,24801
12371,24805
12372,24809
12373,24811
12374,24814
12375,24815
12376,24818
12377,24820
12378,24821
12379,24823
12380,24824
12381,24825
12382,24827
12383,24830
12384,24831
12385,24836
12386,24837
12387,24838
12388,24840
12389,24842
12390,24843
12391,24853
12392,24854
12393,24855
12394,24856
12395,24859
12396,24860
12397,24864
12398,24866
12399,24868
12400,24870
12401,24872
12402,24874
12403,24875
12404,24883
12405,24884
12406,24889
12407,24890
12408,24894
12409,24895
12410,24899
12411,24900
12412,24902
12413,24903
12414,24905
12415,24908
12416,24910
12417,24911
12418,24913
12419,24920
12420,24922
12421,24923
12422,24924
12423,24925
12424,24926
12425,24927
12426,24929
12427,24931
12428,24934
12429,24936
12430,24939
12431,24940
12432,24943
12433,24944
12434,24947
12435,24949
12436,24951
12437,24952
12438,24954
12439,24955
12440,24956
12441,24957
12442,24961
12443,24962
12444,24964
12445,24966
12446,24969
12447,24970
12448,24972
12449,24973
12450,24977
12451,24979
12452,24980
12453,24984
12454,24985
12455,24986
12456,24987
12457,24989
12458,24994
12459,24995
12460,24997
12461,25001
12462,25002
12463,25004
12464,25007
12465,25009
12466,25013
12467,25015
12468,25018
12469,25019
12470,25020
12471,25021
12472,25022
12473,25026
12474,25027
12475,25028
12476,25029
12477,25030
12478,25034
12479,25036
12480,25037
12481,25041
12482,25043
12483,25047
12484,25048
12485,25049
12486,25050
12487,25052
12488,25053
12489,25055
12490,25060
12491,25061
12492,25062
12493,25064
12494,25065
12495,25066
12496,25067
12497,25069
12498,25070
12499,25071
12500,25072
12501,25073
12502,25074
12503,25076
12504,25078
12505,25079
12506,25080
12507,25081
12508,25082
12509,25083
12510,25084
12511,25085
12512,25086
12513,25088
12514,25090
12515,25095
12516,25097
12517,25100
12518,25101
12519,25102
12520,25103
12521,25106
12522,25108
12523,25109
12524,25110
12525,25112
12526,25113
12527,25115
12528,25118
12529,25119
12530,25120
12531,25124
12532,25125
12533,25126
12534,25127
12535,25128
12536,25130
12537,25134
12538,25135
12539,25139
12540,25140
12541,25142
12542,25143
12543,25144
12544,25149
12545,25151
12546,25154
12547,25155
12548,25157
12549,25158
12550,25161
12551,25163
12552,25169
12553,25174
12554,25176
12555,25178
12556,25179
12557,25180
12558,25181
12559,25182
12560,25185
12561,25186
12562,25187
12563,25188
12564,25191
12565,25192
12566,25194
12567,25196
12568,25197
12569,25199
12570,25201
12571,25202
12572,25203
12573,25205
12574,25206
12575,25207
12576,25209
12577,25210
12578,25211
12579,25212
12580,25213
12581,25214
12582,25215
12583,25221
12584,25222
12585,25225
12586,25226
12587,25230
12588,25231
12589,25233
12590,25237
12591,25239
12592,25240
12593,25247
12594,25248
12595,25250
12596,25252
12597,25255
12598,25256
12599,25259
12600,25260
12601,25261
12602,25262
12603,25263
12604,25265
12605,25266
12606,25267
12607,25268
12608,25270
12609,25274
12610,25277
12611,25281
12612,25283
12613,25284
12614,25285
12615,25286
12616,25287
12617,25291
12618,25293
12619,25298
12620,25300
12621,25301
12622,25303
12623,25305
12624,25307
12625,25308
12626,25311
12627,25317
12628,25319
12629,25320
12630,25324
12631,25326
12632,25327
12633,25330
12634,25334
12635,25335
12636,25337
12637,25338
12638,25341
12639,25342
12640,25344
12641,25345
12642,25346
12643,25348
12644,25351
12645,25352
12646,25353
12647,25356
12648,25357
12649,25358
12650,25361
12651,25363
12652,25364
12653,25365
12654,25367
12655,25368
12656,25370
12657,25371
12658,25372
12659,25373
12660,25374
12661,25375
12662,25376
12663,25380
12664,25385
12665,25387
12666,25389
12667,25391
12668,25403
12669,25406
12670,25411
12671,25414
12672,25417
12673,25419
12674,25422
12675,25424
12676,25427
12677,25428
12678,25431
12679,25432
12680,25433
12681,25434
12682,25435
12683,25436
12684,25438
12685,25439
12686,25440
12687,25441
12688,25442
12689,25443
12690,25444
12691,25445
12692,25446
12693,25448
12694,25451
12695,25453
12696,25456
12697,25460
12698,25465
12699,25467
12700,25468
12701,25469
12702,25471
12703,25473
12704,25474
12705,25476
12706,25477
12707,25479
12708,25480
12709,25483
12710,25487
12711,25488
12712,25489
12713,25492
12714,25495
12715,25497
12716,25498
12717,25499
12718,25501
12719,25502
12720,25503
12721,25505
12722,25509
12723,25510
12724,25513
12725,25515
12726,25516
12727,25519
12728,25521
12729,25522
12730,25523
12731,25524
12732,25525
12733,25527
12734,25528
12735,25531
12736,25532
12737,25533
12738,25535
12739,25540
12740,25546
12741,25547
12742,25549
12743,25555
12744,25557
12745,25558
12746,25559
12747,25561
12748,25562
12749,25565
12750,25566
12751,25569
12752,25570
12753,25571
12754,25572
12755,25573
12756,25575
12757,25577
12758,25578
12759,25579
12760,25580
12761,25583
12762,25584
12763,25586
12764,25587
12765,25589
12766,25590
12767,25593
12768,25594
12769,25596
12770,25598
12771,25599
12772,25601
12773,25602
12774,25604
12775,25605
12776,25608
12777,25615
12778,25616
12779,25617
12780,25620
12781,25622
12782,25623
12783,25627
12784,25629
12785,25632
12786,25633
12787,25634
12788,25636
12789,25637
12790,25639
12791,25640
12792,25641
12793,25644
12794,25645
12795,25646
12796,25647
12797,25648
12798,25649
12799,25650
12800,25656
12801,25657
12802,25658
12803,25660
12804,25661
12805,25662
12806,25664
12807,25665
12808,25666
12809,25669
12810,25673
12811,25674
12812,25676
12813,25677
12814,25678
12815,25681
12816,25682
12817,25683
12818,25684
12819,25685
12820,25687
12821,25688
12822,25689
12823,25691
12824,25693
12825,25694
12826,25695
12827,25697
12828,25699
12829,25701
12830,25704
12831,25705
12832,25708
12833,25710
12834,25711
12835,25714
12836,25715
12837,25717
12838,25719
12839,25720
12840,25723
12841,25724
12842,25729
12843,25731
12844,25735
12845,25736
12846,25737
12847,25738
12848,25741
12849,25743
12850,25744
12851,25745
12852,25751
12853,25752
12854,25755
12855,25761
12856,25762
12857,25765
12858,25766
12859,25767
12860,25769
12861,25774
12862,25776
12863,25777
12864,25779
12865,25781
12866,25785
12867,25786
12868,25787
12869,25789
12870,25790
12871,25793
12872,25794
12873,25795
12874,25799
12875,25803
12876,25807
12877,25808
12878,25810
12879,25812
12880,25816
12881,25817
12882,25819
12883,25820
12884,25822
12885,25825
12886,25831
12887,25832
12888,25834
12889,25838
12890,25839
12891,25841
12892,25847
12893,25849
12894,25850
12895,25851
12896,25853
12897,25855
12898,25856
12899,25859
12900,25862
12901,25863
12902,25864
12903,25867
12904,25868
12905,25872
12906,25874
12907,25875
12908,25877
12909,25878
12910,25879
12911,25880
12912,25881
12913,25884
12914,25885
12915,25887
12916,25888
12917,25889
12918,25890
12919,25891
12920,25898
12921,25899
12922,25900
12923,25903
12924,25904
12925,25911
12926,25919
12927,25920
12928,25923
12929,25926
12930,25928
12931,25929
12932,25930
12933,25931
12934,25933
12935,25934
12936,25935
12937,25937
12938,25941
12939,25942
12940,25943
12941,25945
12942,25946
12943,25947
12944,25948
12945,25951
12946,25953
12947,25958
12948,25959
12949,25960
12950,25961
12951,25963
12952,25967
12953,25968
12954,25969
12955,25971
12956,25973
12957,25974
12958,25975
12959,25977
12960,25979
12961,25980
12962,25981
12963,25982
12964,25983
12965,25984
12966,25987
12967,25989
12968,25991
12969,25995
12970,25998
12971,26000
12972,26001
12973,26002
12974,26010
12975,26011
12976,26013
12977,26014
12978,26017
12979,26022
12980,26024
12981,26028
12982,26029
12983,26032
12984,26033
12985,26034
12986,26036
12987,26037
12988,26038
12989,26041
12990,26044
12991,26045
12992,26046
12993,26047
12994,26049
12995,26050
12996,26051
12997,26054
12998,26055
12999,26057
13000,26058
13001,26060
13002,26061
13003,26064
13004,26066
13005,26068
13006,26070
13007,26071
13008,26072
13009,26073
13010,26079
13011,26080
13012,26082
13013,26085
13014,26087
13015,26092
13016,26093
13017,26095
13018,26097
13019,26099
13020,26103
13021,26104
13022,26105
13023,26108
13024,26110
13025,26111
13026,26112
13027,26117
13028,26118
13029,26119
13030,26120
13031,26122
13032,26125
13033,26128
13034,26129
13035,26130
13036,26133
13037,26135
13038,26137
13039,26138
13040,26143
13041,26147
13042,26149
13043,26150
13044,26151
13045,26152
13046,26153
13047,26154
13048,26156
13049,26162
13050,26164
13051,26165
13052,26167
13053,26168
13054,26169
13055,26171
13056,26172
13057,26174
13058,26175
13059,26177
13060,26180
13061,26181
13062,26182
13063,26183
13064,26184
13065,26189
13066,26190
13067,26191
13068,26193
13069,26197
13070,26198
13071,26201
13072,26202
13073,26203
13074,26204
13075,26205
13076,26209
13077,26211
13078,26212
13079,26216
13080,26219
13081,26220
13082,26221
13083,26223
13084,26224
13085,26227
13086,26230
13087,26231
13088,26232
13089,26236
13090,26237
13091,26238
13092,26240
13093,26245
13094,26246
13095,26250
13096,26251
13097,26252
13098,26257
13099,26258
13100,26260
13101,26263
13102,26269
13103,26271
13104,26272
13105,26274
13106,26276
13107,26277
13108,26280
13109,26282
13110,26283
13111,26285
13112,26286
13113,26289
13114,26290
13115,26291
13116,26292
13117,26293
13118,26294
13119,26296
13120,26297
13121,26302
13122,26304
13123,26306
13124,26307
13125,26309
13126,26311
13127,26315
13128,26318
13129,26320
13130,26321
13131,26324
13132,26325
13133,26326
13134,26327
13135,26328
13136,26330
13137,26331
13138,26332
13139,26333
13140,26336
13141,26337
13142,26339
13143,26340
13144,26341
13145,26342
13146,26343
13147,26347
13148,26350
13149,26353
13150,26356
13151,26357
13152,26358
13153,26360
13154,26362
13155,26366
13156,26367
13157,26368
13158,26370
13159,26372
13160,26373
13161,26375
13162,26377
13163,26379
13164,26385
13165,26386
13166,26389
13167,26392
13168,26404
13169,26406
13170,26411
13171,26416
13172,26418
13173,26424
13174,26426
13175,26430
13176,26431
13177,26435
13178,26436
13179,26437
13180,26439
13181,26443
13182,26445
13183,26446
13184,26448
13185,26451
13186,26452
13187,26454
13188,26455
13189,26456
13190,26457
13191,26458
13192,26463
13193,26466
13194,26468
13195,26469
13196,26470
13197,26471
13198,26472
13199,26473
13200,26474
13201,26475
13202,26476
13203,26478
13204,26480
13205,26481
13206,26482
13207,26484
13208,26490
13209,26493
13210,26494
13211,26500
13212,26502
13213,26503
13214,26504
13215,26505
13216,26506
13217,26507
13218,26513
13219,26514
13220,26516
13221,26518
13222,26520
13223,26523
13224,26528
13225,26529
13226,26532
13227,26533
13228,26534
13229,26535
13230,26536
13231,26539
13232,26541
13233,26542
13234,26544
13235,26548
13236,26550
13237,26553
13238,26554
13239,26557
13240,26558
13241,26559
13242,26560
13243,26561
13244,26562
13245,26566
13246,26568
13247,26571
13248,26573
13249,26574
13250,26575
13251,26576
13252,26578
13253,26580
13254,26583
13255,26585
13256,26586
13257,26587
13258,26589
13259,26590
13260,26594
13261,26597
13262,26598
13263,26601
13264,26602
13265,26603
13266,26604
13267,26606
13268,26608
13269,26609
13270,26611
13271,26612
13272,26613
13273,26618
13274,26619
13275,26620
13276,26623
13277,26626
13278,26627
13279,26630
13280,26632
13281,26633
13282,26634
13283,26635
13284,26637
13285,26638
13286,26642
13287,26646
13288,26647
13289,26650
13290,26651
13291,26653
13292,26655
13293,26656
13294,26658
13295,26660
13296,26661
13297,26663
13298,26666
13299,26667
13300,26669
13301,26671
13302,26672
13303,26675
13304,26678
13305,26680
13306,26681
13307,26682
13308,26686
13309,26687
13310,26688
13311,26690
13312,26699
13313,26701
13314,26702
13315,26703
13316,26705
13317,26707
13318,26708
13319,26709
13320,26711
13321,26712
13322,26713
13323,26715
13324,26716
13325,26717
13326,26718
13327,26723
13328,26725
13329,26726
13330,26727
13331,26732
13332,26733
13333,26736
13334,26737
13335,26739
13336,26741
13337,26743
13338,26744
13339,26745
13340,26746
13341,26748
13342,26751
13343,26753
13344,26754
13345,26756
13346,26757
13347,26759
13348,26760
13349,26763
13350,26764
13351,26765
13352,26766
13353,26768
13354,26769
13355,26770
13356,26771
13357,26773
13358,26774
13359,26776
13360,26778
13361,26779
13362,26781
13363,26782
13364,26783
13365,26784
13366,26786
13367,26790
13368,26791
13369,26793
13370,26796
13371,26799
13372,26800
13373,26801
13374,26802
13375,26807
13376,26811
13377,26812
13378,26814
13379,26815
13380,26816
13381,26818
13382,26820
13383,26821
13384,26822
13385,26825
13386,26827
13387,26831
13388,26832
13389,26833
13390,26835
13391,26836
13392,26837
13393,26838
13394,26840
13395,26841
13396,26843
13397,26844
13398,26845
13399,26846
13400,26847
13401,26849
13402,26850
13403,26856
13404,26857
13405,26859
13406,26863
13407,26864
13408,26867
13409,26869
13410,26870
13411,26871
13412,26872
13413,26874
13414,26875
13415,26878
13416,26881
13417,26883
13418,26886
13419,26888
13420,26889
13421,26890
13422,26891
13423,26894
13424,26895
13425,26898
13426,26904
13427,26905
13428,26908
13429,26909
13430,26910
13431,26911
13432,26914
13433,26915
13434,26916
13435,26917
13436,26918
13437,26919
13438,26923
13439,26924
13440,26925
13441,26928
13442,26929
13443,26932
13444,26933
13445,26934
13446,26935
13447,26936
13448,26937
13449,26940
13450,26943
13451,26944
13452,26946
13453,26947
13454,26948
13455,26953
13456,26954
13457,26956
13458,26957
13459,26959
13460,26962
13461,26963
13462,26967
13463,26969
13464,26972
13465,26973
13466,26975
13467,26977
13468,26980
13469,26984
13470,26985
13471,26986
13472,26988
13473,26990
13474,26994
13475,26998
13476,26999
13477,27002
13478,27003
13479,27005
13480,27006
13481,27007
13482,27008
13483,27009
13484,27010
13485,27012
13486,27014
13487,27015
13488,27017
13489,27024
13490,27026
13491,27027
13492,27028
13493,27029
13494,27031
13495,27034
13496,27035
13497,27036
13498,27037
13499,27039
13500,27042
13501,27044
13502,27047
13503,27048
13504,27051
13505,27052
13506,27053
13507,27056
13508,27057
13509,27061
13510,27063
13511,27065
13512,27066
13513,27067
13514,27069
13515,27071
13516,27074
13517,27075
13518,27076
13519,27077
13520,27078
13521,27079
13522,27081
13523,27082
13524,27083
13525,27086
13526,27088
13527,27090
13528,27092
13529,27094
13530,27095
13531,27096
13532,27097
13533,27098
13534,27099
13535,27104
13536,27105
13537,27107
13538,27108
13539,27110
13540,27111
13541,27112
13542,27114
13543,27117
13544,27118
13545,27121
13546,27122
13547,27126
13548,27130
13549,27131
13550,27134
13551,27136
13552,27142
13553,27143
13554,27147
13555,27148
13556,27150
13557,27155
13558,27156
13559,27157
13560,27158
13561,27159
13562,27160
13563,27161
13564,27162
13565,27163
13566,27165
13567,27166
13568,27170
13569,27172
13570,27174
13571,27176
13572,27177
13573,27178
13574,27179
13575,27180
13576,27186
13577,27190
13578,27193
13579,27201
13580,27205
13581,27207
13582,27215
13583,27218
13584,27219
13585,27220
13586,27224
13587,27229
13588,27230
13589,27231
13590,27232
13591,27235
13592,27236
13593,27239
13594,27240
13595,27243
13596,27250
13597,27252
13598,27253
13599,27257
13600,27264
13601,27266
13602,27268
13603,27269
13604,27270
13605,27271
13606,27276
13607,27280
13608,27287
13609,27288
13610,27290
13611,27292
13612,27293
13613,27297
13614,27300
13615,27301
13616,27302
13617,27307
13618,27311
13619,27315
13620,27319
13621,27322
13622,27323
13623,27324
13624,27325
13625,27326
13626,27328
13627,27329
13628,27331
13629,27332
13630,27333
13631,27335
13632,27337
13633,27338
13634,27339
13635,27344
13636,27345
13637,27346
13638,27347
13639,27348
13640,27349
13641,27351
13642,27355
13643,27361
13644,27364
13645,27365
13646,27367
13647,27368
13648,27371
13649,27373
13650,27374
13651,27375
13652,27376
13653,27377
13654,27379
13655,27380
13656,27382
13657,27383
13658,27384
13659,27385
13660,27386
13661,27387
13662,27389
13663,27391
13664,27392
13665,27396
13666,27398
13667,27399
13668,27400
13669,27401
13670,27402
13671,27403
13672,27404
13673,27405
13674,27410
13675,27411
13676,27413
13677,27416
13678,27417
13679,27418
13680,27420
13681,27421
13682,27426
13683,27429
13684,27430
13685,27433
13686,27437
13687,27438
13688,27440
13689,27447
13690,27448
13691,27449
13692,27450
13693,27452
13694,27456
13695,27457
13696,27458
13697,27460
13698,27462
13699,27463
13700,27464
13701,27467
13702,27468
13703,27473
13704,27474
13705,27475
13706,27477
13707,27478
13708,27481
13709,27482
13710,27485
13711,27486
13712,27489
13713,27490
13714,27496
13715,27498
13716,27500
13717,27501
13718,27504
13719,27505
13720,27506
13721,27507
13722,27509
13723,27510
13724,27513
13725,27517
13726,27519
13727,27521
13728,27522
13729,27523
13730,27524
13731,27526
13732,27529
13733,27531
13734,27533
13735,27535
13736,27537
13737,27539
13738,27541
13739,27542
13740,27543
13741,27545
13742,27546
13743,27547
13744,27548
13745,27549
13746,27551
13747,27554
13748,27555
13749,27560
13750,27561
13751,27563
13752,27565
13753,27570
13754,27573
13755,27574
13756,27575
13757,27577
13758,27580
13759,27581
13760,27583
13761,27586
13762,27590
13763,27591
13764,27592
13765,27597
13766,27598
13767,27599
13768,27600
13769,27601
13770,27603
13771,27605
13772,27607
13773,27608
13774,27609
13775,27612
13776,27613
13777,27614
13778,27616
13779,27618
13780,27619
13781,27621
13782,27625
13783,27633
13784,27634
13785,27639
13786,27640
13787,27648
13788,27651
13789,27653
13790,27655
13791,27659
13792,27661
13793,27662
13794,27665
13795,27666
13796,27668
13797,27670
13798,27671
13799,27675
13800,27677
13801,27684
13802,27688
13803,27691
13804,27692
13805,27693
13806,27694
13807,27695
13808,27697
13809,27702
13810,27703
13811,27705
13812,27707
13813,27708
13814,27709
13815,27711
13816,27717
13817,27719
13818,27720
13819,27722
13820,27723
13821,27724
13822,27725
13823,27726
13824,27727
13825,27729
13826,27731
13827,27732
13828,27734
13829,27736
13830,27737
13831,27738
13832,27739
13833,27740
13834,27743
13835,27745
13836,27746
13837,27747
13838,27748
13839,27753
13840,27755
13841,27757
13842,27759
13843,27760
13844,27761
13845,27763
13846,27766
13847,27767
13848,27769
13849,27770
13850,27771
13851,27774
13852,27775
13853,27777
13854,27781
13855,27783
13856,27787
13857,27789
13858,27790
13859,27791
13860,27793
13861,27794
13862,27795
13863,27796
13864,27798
13865,27800
13866,27805
13867,27809
13868,27812
13869,27813
13870,27816
13871,27820
13872,27821
13873,27822
13874,27823
13875,27824
13876,27825
13877,27826
13878,27827
13879,27828
13880,27830
13881,27834
13882,27835
13883,27838
13884,27844
13885,27846
13886,27852
13887,27853
13888,27864
13889,27866
13890,27867
13891,27868
13892,27869
13893,27872
13894,27875
13895,27876
13896,27878
13897,27879
13898,27886
13899,27888
13900,27889
13901,27891
13902,27894
13903,27896
13904,27898
13905,27899
13906,27900
13907,27905
13908,27908
13909,27912
13910,27914
13911,27916
13912,27919
13913,27920
13914,27923
13915,27924
13916,27928
13917,27929
13918,27933
13919,27936
13920,27937
13921,27939
13922,27940
13923,27943
13924,27945
13925,27948
13926,27949
13927,27950
13928,27952
13929,27954
13930,27955
13931,27956
13932,27958
13933,27959
13934,27960
13935,27961
13936,27962
13937,27964
13938,27967
13939,27968
13940,27973
13941,27975
13942,27978
13943,27981
13944,27982
13945,27983
13946,27986
13947,27987
13948,27990
13949,27991
13950,27993
13951,27994
13952,27995
13953,28000
13954,28001
13955,28003
13956,28004
13957,28006
13958,28008
13959,28010
13960,28013
13961,28015
13962,28017
13963,28019
13964,28022
13965,28023
13966,28024
13967,28026
13968,28029
13969,28031
13970,28033
13971,28038
13972,28041
13973,28051
13974,28056
13975,28058
13976,28060
13977,28061
13978,28064
13979,28065
13980,28068
13981,28070
13982,28072
13983,28073
13984,28076
13985,28078
13986,28079
13987,28081
13988,28082
13989,28083
13990,28084
13991,28086
13992,28090
13993,28091
13994,28092
13995,28093
13996,28094
13997,28098
13998,28099
13999,28102
14000,28107
14001,28108
14002,28112
14003,28116
14004,28118
14005,28122
14006,28124
14007,28125
14008,28126
14009,28128
14010,28129
14011,28130
14012,28131
14013,28134
14014,28135
14015,28137
14016,28138
14017,28139
14018,28141
14019,28142
14020,28146
14021,28148
14022,28150
14023,28153
14024,28154
14025,28160
14026,28162
14027,28164
14028,28165
14029,28166
14030,28167
14031,28168
14032,28169
14033,28171
14034,28172
14035,28174
14036,28175
14037,28176
14038,28178
14039,28180
14040,28183
14041,28187
14042,28188
14043,28191
14044,28193
14045,28194
14046,28199
14047,28202
14048,28203
14049,28206
14050,28208
14051,28210
14052,28214
14053,28219
14054,28220
14055,28227
14056,28230
14057,28231
14058,28233
14059,28235
14060,28240
14061,28241
14062,28242
14063,28243
14064,28245
14065,28248
14066,28249
14067,28250
14068,28251
14069,28252
14070,28253
14071,28256
14072,28258
14073,28259
14074,28263
14075,28264
14076,28265
14077,28266
14078,28268
14079,28270
14080,28272
14081,28273
14082,28274
14083,28279
14084,28280
14085,28282
14086,28285
14087,28288
14088,28290
14089,28292
14090,28295
14091,28298
14092,28301
14093,28304
14094,28306
14095,28307
14096,28308
14097,28309
14098,28313
14099,28314
14100,28316
14101,28321
14102,28324
14103,28325
14104,28327
14105,28328
14106,28329
14107,28330
14108,28334
14109,28337
14110,28338
14111,28345
14112,28346
14113,28350
14114,28351
14115,28352
14116,28354
14117,28356
14118,28357
14119,28358
14120,28363
14121,28364
14122,28366
14123,28367
14124,28369
14125,28372
14126,28375
14127,28376
14128,28377
14129,28379
14130,28382
14131,28384
14132,28388
14133,28389
14134,28390
14135,28399
14136,28405
14137,28406
14138,28408
14139,28409
14140,28412
14141,28414
14142,28418
14143,28420
14144,28421
14145,28425
14146,28426
14147,28427
14148,28428
14149,28430
14150,28431
14151,28436
14152,28442
14153,28443
14154,28444
14155,28445
14156,28446
14157,28450
14158,28452
14159,28454
14160,28455
14161,28458
14162,28459
14163,28460
14164,28462
14165,28466
14166,28467
14167,28469
14168,28470
14169,28471
14170,28476
14171,28479
14172,28480
14173,28483
14174,28484
14175,28488
14176,28490
14177,28492
14178,28493
14179,28494
14180,28495
14181,28502
14182,28504
14183,28505
14184,28507
14185,28512
14186,28513
14187,28514
14188,28515
14189,28516
14190,28517
14191,28523
14192,28525
14193,28528
14194,28529
14195,28531
14196,28532
14197,28533
14198,28537
14199,28540
14200,28542
14201,28546
14202,28547
14203,28548
14204,28549
14205,28550
14206,28552
14207,28553
14208,28557
14209,28558
14210,28559
14211,28561
14212,28565
14213,28566
14214,28567
14215,28569
14216,28573
14217,28574
14218,28579
14219,28580
14220,28581
14221,28586
14222,28587
14223,28588
14224,28589
14225,28590
14226,28592
14227,28594
14228,28595
14229,28596
14230,28597
14231,28599
14232,28602
14233,28603
14234,28607
14235,28609
14236,28611
14237,28615
14238,28616
14239,28617
14240,28619
14241,28622
14242,28623
14243,28625
14244,28626
14245,28629
14246,28630
14247,28631
14248,28633
14249,28634
14250,28637
14251,28638
14252,28639
14253,28642
14254,28643
14255,28644
14256,28645
14257,28646
14258,28648
14259,28649
14260,28655
14261,28656
14262,28659
14263,28663
14264,28664
14265,28665
14266,28671
14267,28672
14268,28673
14269,28675
14270,28676
14271,28677
14272,28685
14273,28686
14274,28687
14275,28688
14276,28689
14277,28691
14278,28699
14279,28700
14280,28705
14281,28706
14282,28709
14283,28710
14284,28711
14285,28713
14286,28719
14287,28722
14288,28725
14289,28728
14290,28732
14291,28733
14292,28734
14293,28735
14294,28737
14295,28739
14296,28741
14297,28742
14298,28745
14299,28746
14300,28747
14301,28748
14302,28749
14303,28752
14304,28753
14305,28758
14306,28761
14307,28762
14308,28770
14309,28775
14310,28778
14311,28779
14312,28781
14313,28782
14314,28784
14315,28786
14316,28788
14317,28790
14318,28791
14319,28792
14320,28793
14321,28796
14322,28802
14323,28804
14324,28807
14325,28809
14326,28810
14327,28813
14328,28815
14329,28817
14330,28821
14331,28822
14332,28823
14333,28824
14334,28825
14335,28826
14336,28827
14337,28828
14338,28829
14339,28832
14340,28833
14341,28834
14342,28839
14343,28844
14344,28845
14345,28847
14346,28848
14347,28852
14348,28854
14349,28856
14350,28857
14351,28859
14352,28860
14353,28862
14354,28864
14355,28865
14356,28867
14357,28868
14358,28869
14359,28871
14360,28874
14361,28875
14362,28876
14363,28878
14364,28880
14365,28884
14366,28886
14367,28888
14368,28891
14369,28893
14370,28895
14371,28896
14372,28898
14373,28899
14374,28900
14375,28901
14376,28903
14377,28905
14378,28906
14379,28908
14380,28909
14381,28911
14382,28912
14383,28913
14384,28914
14385,28915
14386,28916
14387,28917
14388,28919
14389,28920
14390,28926
14391,28928
14392,28929
14393,28930
14394,28934
14395,28939
14396,28940
14397,28944
14398,28945
14399,28946
14400,28949
14401,28953
14402,28954
14403,28955
14404,28956
14405,28957
14406,28959
14407,28963
14408,28964
14409,28965
14410,28966
14411,28967
14412,28969
14413,28970
14414,28971
14415,28979
14416,28981
14417,28982
14418,28985
14419,28991
14420,28994
14421,28995
14422,28999
14423,29000
14424,29002
14425,29004
14426,29005
14427,29007
14428,29008
14429,29009
14430,29012
14431,29014
14432,29017
14433,29019
14434,29020
14435,29022
14436,29023
14437,29024
14438,29030
14439,29031
14440,29034
14441,29036
14442,29037
14443,29039
14444,29040
14445,29042
14446,29043
14447,29044
14448,29047
14449,29049
14450,29050
14451,29052
14452,29056
14453,29058
14454,29062
14455,29064
14456,29065
14457,29067
14458,29069
14459,29071
14460,29072
14461,29074
14462,29076
14463,29080
14464,29081
14465,29083
14466,29085
14467,29086
14468,29088
14469,29090
14470,29091
14471,29095
14472,29096
14473,29097
14474,29098
14475,29099
14476,29100
14477,29103
14478,29104
14479,29109
14480,29111
14481,29117
14482,29118
14483,29121
14484,29123
14485,29124
14486,29127
14487,29129
14488,29131
14489,29138
14490,29140
14491,29141
14492,29142
14493,29143
14494,29144
14495,29146
14496,29151
14497,29155
14498,29157
14499,29158
14500,29161
14501,29162
14502,29163
14503,29167
14504,29168
14505,29181
14506,29182
14507,29183
14508,29184
14509,29185
14510,29186
14511,29193
14512,29196
14513,29197
14514,29199
14515,29200
14516,29201
14517,29203
14518,29205
14519,29212
14520,29213
14521,29214
14522,29216
14523,29217
14524,29220
14525,29223
14526,29224
14527,29227
14528,29228
14529,29229
14530,29232
14531,29235
14532,29236
14533,29237
14534,29239
14535,29241
14536,29242
14537,29249
14538,29250
14539,29251
14540,29252
14541,29253
14542,29256
14543,29259
14544,29261
14545,29262
14546,29263
14547,29265
14548,29267
14549,29268
14550,29269
14551,29270
14552,29271
14553,29272
14554,29278
14555,29282
14556,29283
14557,29284
14558,29285
14559,29289
14560,29290
14561,29291
14562,29292
14563,29293
14564,29294
14565,29296
14566,29298
14567,29300
14568,29303
14569,29305
14570,29306
14571,29308
14572,29310
14573,29311
14574,29314
14575,29316
14576,29317
14577,29318
14578,29320
14579,29321
14580,29323
14581,29325
14582,29327
14583,29328
14584,29329
14585,29330
14586,29333
14587,29335
14588,29338
14589,29339
14590,29341
14591,29344
14592,29347
14593,29351
14594,29354
14595,29355
14596,29356
14597,29357
14598,29358
14599,29360
14600,29362
14601,29364
14602,29366
14603,29369
14604,29370
14605,29373
14606,29375
14607,29378
14608,29379
14609,29381
14610,29382
14611,29383
14612,29384
14613,29385
14614,29386
14615,29388
14616,29392
14617,29396
14618,29397
14619,29399
14620,29400
14621,29402
14622,29405
14623,29406
14624,29408
14625,29409
14626,29413
14627,29414
14628,29416
14629,29417
14630,29418
14631,29420
14632,29423
14633,29424
14634,29425
14635,29426
14636,29428
14637,29429
14638,29430
14639,29434
14640,29437
14641,29441
14642,29442
14643,29444
14644,29446
14645,29449
14646,29450
14647,29452
14648,29456
14649,29457
14650,29458
14651,29459
14652,29462
14653,29463
14654,29464
14655,29466
14656,29468
14657,29469
14658,29473
14659,29477
14660,29480
14661,29482
14662,29484
14663,29485
14664,29489
14665,29490
14666,29497
14667,29499
14668,29501
14669,29502
14670,29504
14671,29506
14672,29512
14673,29513
14674,29514
14675,29516
14676,29517
14677,29521
14678,29522
14679,29525
14680,29527
14681,29531
14682,29532
14683,29533
14684,29534
14685,29535
14686,29536
14687,29537
14688,29538
14689,29540
14690,29541
14691,29542
14692,29549
14693,29552
14694,29553
14695,29554
14696,29558
14697,29559
14698,29564
14699,29565
14700,29567
14701,29570
14702,29572
14703,29573
14704,29581
14705,29582
14706,29584
14707,29585
14708,29586
14709,29589
14710,29590
14711,29592
14712,29593
14713,29595
14714,29596
14715,29600
14716,29601
14717,29602
14718,29604
14719,29605
14720,29609
14721,29610
14722,29612
14723,29613
14724,29614
14725,29616
14726,29617
14727,29618
14728,29624
14729,29626
14730,29628
14731,29629
14732,29631
14733,29632
14734,29633
14735,29634
14736,29635
14737,29636
14738,29638
14739,29639
14740,29641
14741,29645
14742,29646
14743,29648
14744,29649
14745,29654
14746,29655
14747,29656
14748,29661
14749,29662
14750,29667
14751,29668
14752,29669
14753,29671
14754,29673
14755,29674
14756,29675
14757,29678
14758,29679
14759,29681
14760,29682
14761,29688
14762,29690
14763,29692
14764,29693
14765,29694
14766,29695
14767,29696
14768,29697
14769,29702
14770,29706
14771,29708
14772,29713
14773,29714
14774,29716
14775,29719
14776,29722
14777,29725
14778,29726
14779,29727
14780,29728
14781,29729
14782,29732
14783,29736
14784,29737
14785,29738
14786,29739
14787,29743
14788,29748
14789,29751
14790,29752
14791,29754
14792,29755
14793,29758
14794,29761
14795,29763
14796,29765
14797,29766
14798,29769
14799,29772
14800,29774
14801,29777
14802,29778
14803,29780
14804,29781
14805,29786
14806,29787
14807,29788
14808,29789
14809,29791
14810,29793
14811,29796
14812,29798
14813,29800
14814,29801
14815,29802
14816,29803
14817,29806
14818,29807
14819,29809
14820,29812
14821,29816
14822,29817
14823,29818
14824,29820
14825,29821
14826,29823
14827,29826
14828,29828
14829,29829
14830,29830
14831,29831
14832,29832
14833,29836
14834,29844
14835,29850
14836,29851
14837,29853
14838,29854
14839,29855
14840,29856
14841,29857
14842,29858
14843,29859
14844,29860
14845,29861
14846,29864
14847,29865
14848,29866
14849,29867
14850,29871
14851,29872
14852,29878
14853,29883
14854,29887
14855,29888
14856,29889
14857,29891
14858,29893
14859,29897
14860,29902
14861,29903
14862,29904
14863,29912
14864,29913
14865,29919
14866,29921
14867,29922
14868,29924
14869,29925
14870,29928
14871,29929
14872,29930
14873,29935
14874,29936
14875,29938
14876,29939
14877,29940
14878,29942
14879,29943
14880,29944
14881,29946
14882,29947
14883,29949
14884,29951
14885,29952
14886,29953
14887,29955
14888,29957
14889,29959
14890,29962
14891,29965
14892,29966
14893,29967
14894,29970
14895,29972
14896,29975
14897,29981
14898,29982
14899,29983
14900,29986
14901,29988
14902,29989
14903,29992
14904,29995
14905,29996
14906,29997
14907,30000
14908,30002
14909,30003
14910,30004
14911,30005
14912,30006
14913,30008
14914,30009
14915,30010
14916,30012
14917,30014
14918,30016
14919,30017
14920,30020
14921,30023
14922,30024
14923,30025
14924,30027
14925,30028
14926,30030
14927,30031
14928,30032
14929,30033
14930,30034
14931,30035
14932,30036
14933,30037
14934,30040
14935,30044
14936,30047
14937,30049
14938,30050
14939,30052
14940,30055
14941,30056
14942,30057
14943,30059
14944,30060
14945,30062
14946,30064
14947,30066
14948,30068
14949,30069
14950,30073
14951,30076
14952,30077
14953,30078
14954,30079
14955,30081
14956,30083
14957,30087
14958,30088
14959,30091
14960,30092
14961,30093
14962,30094
14963,30095
14964,30097
14965,30098
14966,30099
14967,30100
14968,30101
14969,30102
14970,30109
14971,30110
14972,30111
14973,30113
14974,30117
14975,30118
14976,30121
14977,30122
14978,30123
14979,30124
14980,30125
14981,30128
14982,30129
14983,30134
14984,30135
14985,30136
14986,30138
14987,30142
14988,30143
14989,30145
14990,30149
14991,30152
14992,30153
14993,30154
14994,30157
14995,30158
14996,30159
14997,30161
14998,30162
14999,30168
15000,30170
15001,30171
15002,30172
15003,30173
15004,30174
15005,30176
15006,30182
15007,30183
15008,30186
15009,30187
15010,30189
15011,30190
15012,30191
15013,30192
15014,30193
15015,30195
15016,30198
15017,30199
15018,30200
15019,30201
15020,30203
15021,30204
15022,30205
15023,30211
15024,30212
15025,30222
15026,30224
15027,30226
15028,30230
15029,30233
15030,30236
15031,30240
15032,30242
15033,30244
15034,30247
15035,30250
15036,30253
15037,30254
15038,30255
15039,30256
15040,30258
15041,30259
15042,30260
15043,30263
15044,30264
15045,30266
15046,30268
15047,30272
15048,30278
15049,30279
15050,30280
15051,30281
15052,30283
15053,30287
15054,30288
15055,30289
15056,30290
15057,30292
15058,30298
15059,30299
15060,30303
15061,30304
15062,30305
15063,30306
15064,30308
15065,30310
15066,30311
15067,30312
15068,30313
15069,30314
15070,30316
15071,30317
15072,30320
15073,30321
15074,30324
15075,30327
15076,30328
15077,30330
15078,30331
15079,30332
15080,30333
15081,30334
15082,30337
15083,30338
15084,30339
15085,30341
15086,30342
15087,30344
15088,30346
15089,30347
15090,30348
15091,30349
15092,30353
15093,30354
15094,30356
15095,30357
15096,30360
15097,30362
15098,30371
15099,30373
15100,30374
15101,30375
15102,30377
15103,30378
15104,30382
15105,30383
15106,30385
15107,30388
15108,30392
15109,30393
15110,30399
15111,30401
15112,30405
15113,30411
15114,30412
15115,30413
15116,30414
15117,30416
15118,30420
15119,30427
15120,30428
15121,30429
15122,30430
15123,30433
15124,30435
15125,30436
15126,30438
15127,30439
15128,30441
15129,30442
15130,30445
15131,30446
15132,30447
15133,30450
15134,30452
15135,30457
15136,30458
15137,30460
15138,30461
15139,30462
15140,30463
15141,30471
15142,30473
15143,30474
15144,30475
15145,30476
15146,30477
15147,30478
15148,30482
15149,30483
15150,30484
15151,30486
15152,30488
15153,30490
15154,30491
15155,30492
15156,30493
15157,30494
15158,30497
15159,30499
15160,30500
15161,30509
15162,30511
15163,30513
15164,30516
15165,30517
15166,30518
15167,30519
15168,30520
15169,30521
15170,30522
15171,30523
15172,30524
15173,30526
15174,30527
15175,30531
15176,30536
15177,30537
15178,30539
15179,30540
15180,30541
15181,30543
15182,30544
15183,30545
15184,30546
15185,30547
15186,30549
15187,30553
15188,30554
15189,30562
15190,30563
15191,30564
15192,30567
15193,30568
15194,30572
15195,30573
15196,30575
15197,30577
15198,30579
15199,30581
15200,30587
15201,30588
15202,30590
15203,30591
15204,30592
15205,30593
15206,30595
15207,30596
15208,30597
15209,30598
15210,30599
15211,30600
15212,30604
15213,30605
15214,30606
15215,30608
15216,30609
15217,30610
15218,30611
15219,30613
15220,30614
15221,30616
15222,30617
15223,30618
15224,30619
15225,30621
15226,30623
15227,30627
15228,30628
15229,30630
15230,30636
15231,30637
15232,30638
15233,30640
15234,30641
15235,30644
15236,30646
15237,30649
15238,30652
15239,30653
15240,30656
15241,30657
15242,30658
15243,30659
15244,30660
15245,30661
15246,30662
15247,30663
15248,30672
15249,30673
15250,30678
15251,30679
15252,30680
15253,30681
15254,30682
15255,30683
15256,30684
15257,30686
15258,30687
15259,30688
15260,30690
15261,30691
15262,30696
15263,30697
15264,30698
15265,30700
15266,30701
15267,30702
15268,30703
15269,30704
15270,30705
15271,30712
15272,30713
15273,30715
15274,30716
15275,30718
15276,30720
15277,30722
15278,30723
15279,30724
15280,30728
15281,30729
15282,30731
15283,30732
15284,30733
15285,30738
15286,30739
15287,30741
15288,30744
15289,30745
15290,30746
15291,30747
15292,30748
15293,30749
15294,30750
15295,30751
15296,30752
15297,30754
15298,30758
15299,30759
15300,30761
15301,30764
15302,30765
15303,30768
15304,30770
15305,30771
15306,30773
15307,30774
15308,30776
15309,30779
15310,30781
15311,30782
15312,30783
15313,30784
15314,30786
15315,30793
15316,30796
15317,30799
15318,30800
15319,30801
15320,30802
15321,30803
15322,30805
15323,30806
15324,30807
15325,30809
15326,30810
15327,30811
15328,30812
15329,30813
15330,30815
15331,30816
15332,30817
15333,30818
15334,30819
15335,30822
15336,30824
15337,30832
15338,30834
15339,30836
15340,30837
15341,30838
15342,30840
15343,30841
15344,30842
15345,30843
15346,30844
15347,30847
15348,30850
15349,30852
15350,30853
15351,30854
15352,30856
15353,30859
15354,30862
15355,30863
15356,30864
15357,30865
15358,30866
15359,30870
15360,30872
15361,30876
15362,30877
15363,30879
15364,30880
15365,30882
15366,30886
15367,30887
15368,30889
15369,30892
15370,30893
15371,30897
15372,30898
15373,30904
15374,30907
15375,30908
15376,30909
15377,30910
15378,30914
15379,30917
15380,30918
15381,30920
15382,30922
15383,30923
15384,30924
15385,30927
15386,30928
15387,30931
15388,30932
15389,30933
15390,30934
15391,30935
15392,30936
15393,30937
15394,30943
15395,30944
15396,30946
15397,30947
15398,30949
15399,30953
15400,30954
15401,30956
15402,30957
15403,30962
15404,30964
15405,30967
15406,30972
15407,30973
15408,30979
15409,30980
15410,30982
15411,30987
15412,30988
15413,30989
15414,30991
15415,30997
15416,30998
15417,30999
15418,31000
15419,31001
15420,31002
15421,31003
15422,31006
15423,31007
15424,31008
15425,31009
15426,31012
15427,31013
15428,31017
15429,31018
15430,31021
15431,31022
15432,31023
15433,31027
15434,31029
15435,31031
15436,31033
15437,31034
15438,31036
15439,31040
15440,31041
15441,31042
15442,31043
15443,31045
15444,31046
15445,31047
15446,31049
15447,31051
15448,31052
15449,31053
15450,31054
15451,31055
15452,31056
15453,31059
15454,31061
15455,31062
15456,31064
15457,31065
15458,31066
15459,31068
15460,31070
15461,31071
15462,31074
15463,31075
15464,31077
15465,31079
15466,31083
15467,31085
15468,31086
15469,31088
15470,31091
15471,31092
15472,31093
15473,31094
15474,31095
15475,31096
15476,31097
15477,31099
15478,31100
15479,31101
15480,31102
15481,31107
15482,31109
15483,31110
15484,31113
15485,31118
15486,31120
15487,31121
15488,31122
15489,31123
15490,31124
15491,31125
15492,31129
15493,31130
15494,31131
15495,31134
15496,31135
15497,31137
15498,31139
15499,31143
15500,31147
15501,31148
15502,31150
15503,31151
15504,31152
15505,31153
15506,31156
15507,31159
15508,31161
15509,31163
15510,31166
15511,31167
15512,31169
15513,31171
15514,31172
15515,31173
15516,31174
15517,31176
15518,31177
15519,31178
15520,31184
15521,31185
15522,31186
15523,31187
15524,31188
15525,31190
15526,31191
15527,31192
15528,31196
15529,31197
15530,31198
15531,31199
15532,31202
15533,31203
15534,31204
15535,31206
15536,31207
15537,31209
15538,31211
15539,31214
15540,31215
15541,31216
15542,31217
15543,31219
15544,31220
15545,31223
15546,31224
15547,31226
15548,31228
15549,31230
15550,31234
15551,31236
15552,31238
15553,31239
15554,31241
15555,31242
15556,31243
15557,31245
15558,31246
15559,31247
15560,31248
15561,31250
15562,31251
15563,31253
15564,31254
15565,31255
15566,31259
15567,31263
15568,31264
15569,31265
15570,31267
15571,31268
15572,31269
15573,31272
15574,31273
15575,31274
15576,31275
15577,31278
15578,31279
15579,31282
15580,31287
15581,31290
15582,31297
15583,31299
15584,31300
15585,31301
15586,31304
15587,31305
15588,31309
15589,31310
15590,31312
15591,31314
15592,31319
15593,31321
15594,31323
15595,31325
15596,31328
15597,31329
15598,31330
15599,31331
15600,31332
15601,31333
15602,31334
15603,31338
15604,31340
15605,31341
15606,31344
15607,31350
15608,31351
15609,31352
15610,31353
15611,31354
15612,31360
15613,31361
15614,31364
15615,31366
15616,31368
15617,31369
15618,31370
15619,31373
15620,31374
15621,31375
15622,31376
15623,31380
15624,31383
15625,31384
15626,31386
15627,31388
15628,31389
15629,31390
15630,31391
15631,31393
15632,31395
15633,31400
15634,31402
15635,31403
15636,31404
15637,31405
15638,31406
15639,31407
15640,31409
15641,31410
15642,31411
15643,31412
15644,31413
15645,31414
15646,31415
15647,31419
15648,31420
15649,31423
15650,31427
15651,31428
15652,31430
15653,31431
15654,31433
15655,31437
15656,31438
15657,31439
15658,31442
15659,31443
15660,31444
15661,31445
15662,31447
15663,31450
15664,31453
15665,31460
15666,31461
15667,31465
15668,31466
15669,31467
15670,31468
15671,31469
15672,31471
15673,31473
15674,31481
15675,31483
15676,31484
15677,31485
15678,31486
15679,31487
15680,31491
15681,31493
15682,31495
15683,31497
15684,31498
15685,31499
15686,31500
15687,31501
15688,31504
15689,31505
15690,31506
15691,31508
15692,31512
15693,31513
15694,31516
15695,31519
15696,31520
15697,31522
15698,31526
15699,31528
15700,31532
15701,31535
15702,31536
15703,31537
15704,31538
15705,31539
15706,31540
15707,31542
15708,31543
15709,31545
15710,31547
15711,31549
15712,31550
15713,31552
15714,31554
15715,31555
15716,31556
15717,31557
15718,31558
15719,31560
15720,31561
15721,31565
15722,31567
15723,31568
15724,31570
15725,31572
15726,31573
15727,31575
15728,31578
15729,31582
15730,31583
15731,31586
15732,31590
15733,31592
15734,31596
15735,31600
15736,31602
15737,31604
15738,31605
15739,31609
15740,31610
15741,31611
15742,31613
15743,31615
15744,31617
15745,31618
15746,31619
15747,31620
15748,31621
15749,31623
15750,31625
15751,31628
15752,31630
15753,31631
15754,31632
15755,31633
15756,31635
15757,31640
15758,31643
15759,31644
15760,31645
15761,31647
15762,31650
15763,31653
15764,31657
15765,31662
15766,31663
15767,31669
15768,31670
15769,31671
15770,31672
15771,31673
15772,31674
15773,31676
15774,31677
15775,31678
15776,31679
15777,31681
15778,31683
15779,31684
15780,31685
15781,31686
15782,31687
15783,31688
15784,31689
15785,31690
15786,31692
15787,31694
15788,31698
15789,31699
15790,31701
15791,31702
15792,31705
15793,31706
15794,31709
15795,31710
15796,31711
15797,31717
15798,31720
15799,31726
15800,31728
15801,31729
15802,31730
15803,31731
15804,31732
15805,31733
15806,31734
15807,31735
15808,31737
15809,31739
15810,31742
15811,31744
15812,31746
15813,31751
15814,31755
15815,31756
15816,31760
15817,31761
15818,31764
15819,31767
15820,31768
15821,31770
15822,31773
15823,31777
15824,31783
15825,31785
15826,31786
15827,31788
15828,31790
15829,31793
15830,31794
15831,31795
15832,31796
15833,31798
15834,31799
15835,31800
15836,31801
15837,31802
15838,31805
15839,31808
15840,31810
15841,31811
15842,31812
15843,31813
15844,31814
15845,31816
15846,31817
15847,31819
15848,31820
15849,31824
15850,31828
15851,31831
15852,31832
15853,31833
15854,31834
15855,31836
15856,31838
15857,31839
15858,31843
15859,31844
15860,31845
15861,31846
15862,31847
15863,31848
15864,31850
15865,31851
15866,31852
15867,31853
15868,31854
15869,31856
15870,31858
15871,31860
15872,31861
15873,31862
15874,31863
15875,31864
15876,31865
15877,31870
15878,31871
15879,31873
15880,31874
15881,31878
15882,31883
15883,31885
15884,31886
15885,31889
15886,31890
15887,31892
15888,31893
15889,31894
15890,31895
15891,31897
15892,31899
15893,31900
15894,31902
15895,31903
15896,31905
15897,31906
15898,31908
15899,31911
15900,31912
15901,31916
15902,31918
15903,31920
15904,31922
15905,31923
15906,31924
15907,31928
15908,31930
15909,31931
15910,31933
15911,31934
15912,31941
15913,31943
15914,31944
15915,31945
15916,31949
15917,31950
15918,31955
15919,31962
15920,31964
15921,31966
15922,31968
15923,31971
15924,31973
15925,31974
15926,31975
15927,31976
15928,31977
15929,31984
15930,31985
15931,31986
15932,31987
15933,31991
15934,31992
15935,31994
15936,31998
15937,32000
15938,32003
15939,32004
15940,32005
15941,32008
15942,32010
15943,32012
15944,32013
15945,32020
15946,32023
15947,32025
15948,32026
15949,32029
15950,32031
15951,32033
15952,32034
15953,32035
15954,32036
15955,32038
15956,32039
15957,32041
15958,32043
15959,32045
15960,32047
15961,32048
15962,32050
15963,32052
15964,32053
15965,32059
15966,32066
15967,32067
15968,32068
15969,32069
15970,32070
15971,32072
15972,32076
15973,32077
15974,32082
15975,32084
15976,32087
15977,32090
15978,32091
15979,32092
15980,32093
15981,32096
15982,32098
15983,32099
15984,32102
15985,32107
15986,32109
15987,32112
15988,32114
15989,32116
15990,32117
15991,32120
15992,32124
15993,32125
15994,32126
15995,32128
15996,32129
15997,32134
15998,32136
15999,32137
16000,32138
16001,32143
16002,32144
16003,32147
16004,32149
16005,32151
16006,32153
16007,32154
16008,32155
16009,32157
16010,32158
16011,32159
16012,32160
16013,32162
16014,32166
16015,32169
16016,32171
16017,32174
16018,32175
16019,32178
16020,32185
16021,32186
16022,32188
16023,32189
16024,32190
16025,32191
16026,32192
16027,32193
16028,32195
16029,32198
16030,32199
16031,32203
16032,32207
16033,32208
16034,32209
16035,32210
16036,32211
16037,32213
16038,32214
16039,32218
16040,32219
16041,32220
16042,32221
16043,32223
16044,32226
16045,32228
16046,32229
16047,32230
16048,32235
16049,32237
16050,32238
16051,32239
16052,32240
16053,32242
16054,32244
16055,32245
16056,32247
16057,32249
16058,32251
16059,32252
16060,32253
16061,32254
16062,32257
16063,32259
16064,32261
16065,32265
16066,32266
16067,32267
16068,32270
16069,32273
16070,32275
16071,32276
16072,32277
16073,32278
16074,32280
16075,32281
16076,32282
16077,32283
16078,32284
16079,32286
16080,32287
16081,32290
16082,32291
16083,32292
16084,32293
16085,32295
16086,32296
16087,32298
16088,32299
16089,32301
16090,32303
16091,32305
16092,32306
16093,32308
16094,32309
16095,32310
16096,32313
16097,32315
16098,32317
16099,32323
16100,32324
16101,32325
16102,32326
16103,32327
16104,32328
16105,32331
16106,32333
16107,32334
16108,32337
16109,32339
16110,32341
16111,32343
16112,32344
16113,32345
16114,32347
16115,32348
16116,32350
16117,32351
16118,32352
16119,32354
16120,32356
16121,32357
16122,32358
16123,32359
16124,32361
16125,32363
16126,32364
16127,32365
16128,32366
16129,32373
16130,32374
16131,32375
16132,32376
16133,32380
16134,32382
16135,32385
16136,32386
16137,32388
16138,32392
16139,32396
16140,32400
16141,32404
16142,32407
16143,32408
16144,32409
16145,32411
16146,32412
16147,32413
16148,32417
16149,32418
16150,32421
16151,32422
16152,32424
16153,32425
16154,32428
16155,32429
16156,32431
16157,32432
16158,32435
16159,32439
16160,32443
16161,32446
16162,32447
16163,32449
16164,32450
16165,32451
16166,32456
16167,32459
16168,32460
16169,32464
16170,32465
16171,32466
16172,32467
16173,32468
16174,32469
16175,32472
16176,32479
16177,32480
16178,32481
16179,32483
16180,32488
16181,32489
16182,32490
16183,32496
16184,32497
16185,32499
16186,32500
16187,32501
16188,32502
16189,32503
16190,32506
16191,32507
16192,32513
16193,32516
16194,32517
16195,32518
16196,32519
16197,32523
16198,32525
16199,32527
16200,32528
16201,32529
16202,32530
16203,32532
16204,32534
16205,32535
16206,32536
16207,32539
16208,32542
16209,32546
16210,32549
16211,32552
16212,32556
16213,32557
16214,32559
16215,32560
16216,32561
16217,32562
16218,32564
16219,32565
16220,32566
16221,32568
16222,32569
16223,32571
16224,32572
16225,32575
16226,32580
16227,32582
16228,32585
16229,32586
16230,32587
16231,32588
16232,32589
16233,32590
16234,32591
16235,32597
16236,32598
16237,32599
16238,32600
16239,32601
16240,32604
16241,32605
16242,32609
16243,32611
16244,32612
16245,32613
16246,32615
16247,32619
16248,32620
16249,32621
16250,32622
16251,32623
16252,32624
16253,32626
16254,32627
16255,32628
16256,32629
16257,32630
16258,32631
16259,32636
16260,32638
16261,32646
16262,32649
16263,32652
16264,32657
16265,32658
16266,32659
16267,32660
16268,32661
16269,32664
16270,32665
16271,32666
16272,32670
16273,32671
16274,32675
16275,32676
16276,32677
16277,32680
16278,32681
16279,32687
16280,32689
16281,32690
16282,32691
16283,32692
16284,32693
16285,32694
16286,32696
16287,32697
16288,32699
16289,32702
16290,32704
16291,32707
16292,32708
16293,32712
16294,32715
16295,32716
16296,32717
16297,32718
16298,32722
16299,32723
16300,32724
16301,32725
16302,32726
16303,32727
16304,32729
16305,32731
16306,32732
16307,32736
16308,32738
16309,32739
16310,32742
16311,32746
16312,32750
16313,32754
16314,32756
16315,32759
16316,32761
16317,32763
16318,32766
16319,32768
16320,32773
16321,32775
16322,32779
16323,32780
16324,32781
16325,32782
16326,32783
16327,32787
16328,32788
16329,32790
16330,32794
16331,32798
16332,32799
16333,32801
16334,32802
16335,32804
16336,32805
16337,32806
16338,32807
16339,32810
16340,32811
16341,32813
16342,32816
16343,32818
16344,32819
16345,32820
16346,32821
16347,32822
16348,32823
16349,32824
16350,32827
16351,32828
16352,32832
16353,32834
16354,32836
16355,32837
16356,32839
16357,32841
16358,32842
16359,32846
16360,32847
16361,32848
16362,32849
16363,32854
16364,32858
16365,32859
16366,32860
16367,32861
16368,32863
16369,32865
16370,32868
16371,32869
16372,32870
16373,32871
16374,32872
16375,32874
16376,32875
16377,32877
16378,32878
16379,32880
16380,32882
16381,32883
16382,32888
16383,32889
16384,32892
16385,32893
16386,32894
16387,32895
16388,32899
16389,32900
16390,32903
16391,32904
16392,32908
16393,32910
16394,32911
16395,32914
16396,32915
16397,32916
16398,32917
16399,32918
16400,32921
16401,32925
16402,32927
16403,32928
16404,32930
16405,32932
16406,32933
16407,32936
16408,32938
16409,32943
16410,32945
16411,32946
16412,32949
16413,32950
16414,32954
16415,32958
16416,32960
16417,32961
16418,32963
16419,32964
16420,32966
16421,32968
16422,32969
16423,32970
16424,32971
16425,32972
16426,32973
16427,32975
16428,32976
16429,32977
16430,32980
16431,32981
16432,32982
16433,32983
16434,32984
16435,32985
16436,32986
16437,32987
16438,32991
16439,32993
16440,32994
16441,32996
16442,32997
16443,33000
16444,33001
16445,33002
16446,33004
16447,33006
16448,33007
16449,33009
16450,33010
16451,33011
16452,33015
16453,33016
16454,33017
16455,33018
16456,33019
16457,33023
16458,33024
16459,33026
16460,33027
16461,33028
16462,33031
16463,33032
16464,33033
16465,33034
16466,33035
16467,33039
16468,33041
16469,33044
16470,33045
16471,33046
16472,33047
16473,33049
16474,33050
16475,33057
16476,33058
16477,33059
16478,33062
16479,33064
16480,33069
16481,33070
16482,33071
16483,33073
16484,33074
16485,33077
16486,33078
16487,33080
16488,33081
16489,33085
16490,33086
16491,33087
16492,33088
16493,33089
16494,33090
16495,33092
16496,33093
16497,33094
16498,33095
16499,33096
16500,33097
16501,33101
16502,33103
16503,33106
16504,33107
16505,33108
16506,33109
16507,33111
16508,33117
16509,33118
16510,33120
16511,33123
16512,33125
16513,33127
16514,33129
16515,33131
16516,33137
16517,33141
16518,33142
16519,33143
16520,33144
16521,33148
16522,33149
16523,33151
16524,33153
16525,33154
16526,33156
16527,33157
16528,33159
16529,33160
16530,33161
16531,33163
16532,33166
16533,33169
16534,33171
16535,33172
16536,33174
16537,33176
16538,33180
16539,33181
16540,33182
16541,33187
16542,33191
16543,33192
16544,33197
16545,33199
16546,33203
16547,33206
16548,33208
16549,33210
16550,33213
16551,33216
16552,33219
16553,33221
16554,33222
16555,33227
16556,33229
16557,33230
16558,33231
16559,33234
16560,33235
16561,33239
16562,33244
16563,33246
16564,33249
16565,33252
16566,33253
16567,33254
16568,33257
16569,33259
16570,33260
16571,33261
16572,33262
16573,33263
16574,33265
16575,33266
16576,33267
16577,33268
16578,33269
16579,33272
16580,33273
16581,33275
16582,33276
16583,33278
16584,33283
16585,33284
16586,33288
16587,33292
16588,33293
16589,33294
16590,33301
16591,33302
16592,33304
16593,33305
16594,33306
16595,33309
16596,33311
16597,33312
16598,33314
16599,33316
16600,33317
16601,33321
16602,33323
16603,33324
16604,33325
16605,33326
16606,33327
16607,33330
16608,33331
16609,33335
16610,33337
16611,33338
16612,33340
16613,33341
16614,33342
16615,33343
16616,33344
16617,33348
16618,33349
16619,33351
16620,33352
16621,33356
16622,33357
16623,33358
16624,33359
16625,33360
16626,33363
16627,33364
16628,33366
16629,33367
16630,33368
16631,33369
16632,33370
16633,33373
16634,33374
16635,33375
16636,33376
16637,33377
16638,33378
16639,33379
16640,33380
16641,33381
16642,33382
16643,33383
16644,33384
16645,33387
16646,33388
16647,33390
16648,33392
16649,33394
16650,33395
16651,33396
16652,33397
16653,33398
16654,33400
16655,33401
16656,33404
16657,33405
16658,33406
16659,33407
16660,33408
16661,33409
16662,33412
16663,33415
16664,33416
16665,33417
16666,33418
16667,33420
16668,33421
16669,33422
16670,33423
16671,33424
16672,33429
16673,33433
16674,33434
16675,33435
16676,33437
16677,33441
16678,33445
16679,33446
16680,33447
16681,33448
16682,33450
16683,33455
16684,33456
16685,33457
16686,33459
16687,33460
16688,33462
16689,33464
16690,33465
16691,33467
16692,33468
16693,33469
16694,33476
16695,33477
16696,33478
16697,33479
16698,33480
16699,33481
16700,33483
16701,33484
16702,33485
16703,33486
16704,33489
16705,33491
16706,33492
16707,33493
16708,33494
16709,33496
16710,33499
16711,33501
16712,33502
16713,33504
16714,33507
16715,33512
16716,33513
16717,33518
16718,33521
16719,33523
16720,33524
16721,33525
16722,33526
16723,33529
16724,33532
16725,33533
16726,33535
16727,33540
16728,33542
16729,33547
16730,33548
16731,33549
16732,33550
16733,33551
16734,33554
16735,33556
16736,33557
16737,33565
16738,33567
16739,33569
16740,33570
16741,33572
16742,33574
16743,33575
16744,33578
16745,33579
16746,33582
16747,33583
16748,33584
16749,33586
16750,33587
16751,33588
16752,33589
16753,33591
16754,33595
16755,33596
16756,33597
16757,33598
16758,33599
16759,33602
16760,33605
16761,33610
16762,33611
16763,33612
16764,33614
16765,33615
16766,33622
16767,33625
16768,33629
16769,33630
16770,33631
16771,33634
16772,33635
16773,33638
16774,33640
16775,33642
16776,33643
16777,33644
16778,33646
16779,33647
16780,33654
16781,33655
16782,33658
16783,33659
16784,33660
16785,33661
16786,33663
16787,33664
16788,33665
16789,33666
16790,33670
16791,33671
16792,33674
16793,33678
16794,33679
16795,33680
16796,33681
16797,33683
16798,33684
16799,33685
16800,33687
16801,33688
16802,33689
16803,33695
16804,33696
16805,33701
16806,33704
16807,33706
16808,33707
16809,33709
16810,33710
16811,33711
16812,33712
16813,33713
16814,33714
16815,33715
16816,33716
16817,33717
16818,33719
16819,33720
16820,33721
16821,33722
16822,33724
16823,33727
16824,33728
16825,33730
16826,33732
16827,33733
16828,33734
16829,33736
16830,33737
16831,33739
16832,33741
16833,33742
16834,33746
16835,33747
16836,33749
16837,33750
16838,33755
16839,33756
16840,33757
16841,33759
16842,33763
16843,33764
16844,33765
16845,33767
16846,33770
16847,33771
16848,33774
16849,33778
16850,33779
16851,33780
16852,33782
16853,33783
16854,33784
16855,33785
16856,33786
16857,33788
16858,33789
16859,33790
16860,33793
16861,33795
16862,33797
16863,33798
16864,33800
16865,33802
16866,33803
16867,33807
16868,33808
16869,33809
16870,33810
16871,33812
16872,33814
16873,33815
16874,33816
16875,33817
16876,33819
16877,33821
16878,33822
16879,33824
16880,33826
16881,33827
16882,33828
16883,33830
16884,33836
16885,33837
16886,33838
16887,33840
16888,33842
16889,33843
16890,33846
16891,33849
16892,33850
16893,33851
16894,33854
16895,33855
16896,33859
16897,33861
16898,33862
16899,33864
16900,33865
16901,33868
16902,33871
16903,33872
16904,33874
16905,33875
16906,33876
16907,33877
16908,33878
16909,33880
16910,33884
16911,33886
16912,33889
16913,33890
16914,33891
16915,33892
16916,33895
16917,33898
16918,33899
16919,33900
16920,33901
16921,33902
16922,33903
16923,33904
16924,33906
16925,33907
16926,33909
16927,33910
16928,33916
16929,33920
16930,33921
16931,33922
16932,33925
16933,33928
16934,33930
16935,33935
16936,33937
16937,33938
16938,33939
16939,33940
16940,33942
16941,33943
16942,33945
16943,33949
16944,33950
16945,33953
16946,33954
16947,33956
16948,33957
16949,33961
16950,33962
16951,33964
16952,33969
16953,33971
16954,33972
16955,33973
16956,33974
16957,33976
16958,33979
16959,33980
16960,33981
16961,33982
16962,33983
16963,33985
16964,33986
16965,33988
16966,33989
16967,33992
16968,33996
16969,33998
16970,34000
16971,34003
16972,34005
16973,34006
16974,34009
16975,34011
16976,34013
16977,34014
16978,34016
16979,34017
16980,34018
16981,34019
16982,34021
16983,34022
16984,34026
16985,34028
16986,34031
16987,34032
16988,34033
16989,34034
16990,34038
16991,34041
16992,34042
16993,34043
16994,34044
16995,34046
16996,34048
16997,34049
16998,34057
16999,34059
17000,34060
17001,34061
17002,34062
17003,34063
17004,34064
17005,34066
17006,34068
17007,34069
17008,34070
17009,34072
17010,34073
17011,34075
17012,34079
17013,34080
17014,34081
17015,34082
17016,34088
17017,34089
17018,34090
17019,34091
17020,34092
17021,34093
17022,34095
17023,34099
17024,34100
17025,34101
17026,34103
17027,34104
17028,34105
17029,34106
17030,34109
17031,34111
17032,34112
17033,34113
17034,34114
17035,34121
17036,34122
17037,34123
17038,34124
17039,34125
17040,34127
17041,34128
17042,34129
17043,34130
17044,34132
17045,34135
17046,34136
17047,34139
17048,34147
17049,34148
17050,34149
17051,34151
17052,34154
17053,34158
17054,34160
17055,34163
17056,34167
17057,34168
17058,34170
17059,34175
17060,34176
17061,34177
17062,34178
17063,34180
17064,34181
17065,34183
17066,34188
17067,34190
17068,34191
17069,34192
17070,34193
17071,34195
17072,34196
17073,34198
17074,34199
17075,34202
17076,34203
17077,34204
17078,34208
17079,34212
17080,34213
17081,34214
17082,34216
17083,34217
17084,34219
17085,34220
17086,34221
17087,34223
17088,34224
17089,34225
17090,34226
17091,34229
17092,34231
17093,34234
17094,34235
17095,34237
17096,34239
17097,34240
17098,34242
17099,34245
17100,34247
17101,34249
17102,34251
17103,34253
17104,34254
17105,34256
17106,34257
17107,34259
17108,34261
17109,34263
17110,34264
17111,34265
17112,34271
17113,34273
17114,34277
17115,34279
17116,34280
17117,34281
17118,34284
17119,34292
17120,34293
17121,34294
17122,34295
17123,34297
17124,34298
17125,34299
17126,34300
17127,34301
17128,34302
17129,34303
17130,34304
17131,34308
17132,34310
17133,34311
17134,34312
17135,34316
17136,34317
17137,34318
17138,34321
17139,34322
17140,34324
17141,34325
17142,34326
17143,34327
17144,34328
17145,34330
17146,34332
17147,34333
17148,34335
17149,34337
17150,34339
17151,34340
17152,34343
17153,34346
17154,34347
17155,34350
17156,34356
17157,34357
17158,34360
17159,34364
17160,34365
17161,34367
17162,34370
17163,34371
17164,34378
17165,34380
17166,34384
17167,34386
17168,34390
17169,34391
17170,34396
17171,34397
17172,34398
17173,34399
17174,34402
17175,34403
17176,34405
17177,34407
17178,34408
17179,34410
17180,34411
17181,34412
17182,34413
17183,34414
17184,34415
17185,34418
17186,34419
17187,34420
17188,34421
17189,34422
17190,34423
17191,34425
17192,34428
17193,34431
17194,34434
17195,34435
17196,34436
17197,34442
17198,34443
17199,34445
17200,34446
17201,34452
17202,34453
17203,34454
17204,34455
17205,34463
17206,34464
17207,34467
17208,34468
17209,34471
17210,34473
17211,34478
17212,34480
17213,34481
17214,34485
17215,34486
17216,34487
17217,34488
17218,34490
17219,34491
17220,34492
17221,34498
17222,34499
17223,34500
17224,34504
17225,34505
17226,34506
17227,34510
17228,34511
17229,34512
17230,34515
17231,34519
17232,34521
17233,34525
17234,34526
17235,34527
17236,34529
17237,34530
17238,34535
17239,34537
17240,34538
17241,34540
17242,34542
17243,34544
17244,34545
17245,34547
17246,34548
17247,34550
17248,34552
17249,34559
17250,34564
17251,34566
17252,34567
17253,34568
17254,34570
17255,34572
17256,34573
17257,34574
17258,34579
17259,34580
17260,34582
17261,34583
17262,34584
17263,34585
17264,34586
17265,34589
17266,34592
17267,34593
17268,34595
17269,34598
17270,34599
17271,34600
17272,34602
17273,34603
17274,34604
17275,34606
17276,34615
17277,34617
17278,34620
17279,34622
17280,34623
17281,34626
17282,34629
17283,34630
17284,34632
17285,34633
17286,34634
17287,34636
17288,34638
17289,34639
17290,34640
17291,34641
17292,34644
17293,34647
17294,34648
17295,34650
17296,34652
17297,34653
17298,34656
17299,34659
17300,34661
17301,34662
17302,34664
17303,34665
17304,34674
17305,34676
17306,34678
17307,34679
17308,34680
17309,34681
17310,34682
17311,34683
17312,34686
17313,34688
17314,34690
17315,34691
17316,34694
17317,34699
17318,34700
17319,34702
17320,34703
17321,34706
17322,34707
17323,34709
17324,34712
17325,34713
17326,34714
17327,34715
17328,34717
17329,34718
17330,34719
17331,34721
17332,34722
17333,34725
17334,34727
17335,34728
17336,34730
17337,34734
17338,34737
17339,34739
17340,34741
17341,34747
17342,34748
17343,34749
17344,34751
17345,34754
17346,34759
17347,34761
17348,34763
17349,34764
17350,34765
17351,34766
17352,34769
17353,34772
17354,34773
17355,34774
17356,34778
17357,34780
17358,34784
17359,34786
17360,34787
17361,34791
17362,34792
17363,34796
17364,34797
17365,34801
17366,34803
17367,34806
17368,34807
17369,34809
17370,34811
17371,34812
17372,34822
17373,34823
17374,34825
17375,34826
17376,34827
17377,34830
17378,34832
17379,34834
17380,34835
17381,34839
17382,34841
17383,34842
17384,34843
17385,34849
17386,34851
17387,34854
17388,34855
17389,34856
17390,34859
17391,34861
17392,34862
17393,34863
17394,34866
17395,34869
17396,34871
17397,34872
17398,34873
17399,34874
17400,34877
17401,34879
17402,34881
17403,34883
17404,34884
17405,34887
17406,34888
17407,34889
17408,34890
17409,34891
17410,34892
17411,34893
17412,34894
17413,34895
17414,34896
17415,34897
17416,34898
17417,34899
17418,34901
17419,34905
17420,34906
17421,34907
17422,34908
17423,34909
17424,34910
17425,34911
17426,34915
17427,34919
17428,34920
17429,34923
17430,34925
17431,34929
17432,34930
17433,34932
17434,34935
17435,34937
17436,34938
17437,34941
17438,34942
17439,34943
17440,34945
17441,34946
17442,34947
17443,34948
17444,34949
17445,34954
17446,34956
17447,34957
17448,34962
17449,34965
17450,34966
17451,34967
17452,34968
17453,34969
17454,34970
17455,34971
17456,34975
17457,34976
17458,34977
17459,34978
17460,34985
17461,34986
17462,34987
17463,34988
17464,34989
17465,34990
17466,34991
17467,34994
17468,34996
17469,34998
17470,34999
17471,35000
17472,35001
17473,35003
17474,35008
17475,35011
17476,35014
17477,35015
17478,35016
17479,35017
17480,35019
17481,35023
17482,35024
17483,35026
17484,35027
17485,35031
17486,35033
17487,35034
17488,35035
17489,35036
17490,35039
17491,35042
17492,35043
17493,35044
17494,35045
17495,35046
17496,35049
17497,35050
17498,35051
17499,35052
17500,35053
17501,35054
17502,35061
17503,35062
17504,35063
17505,35066
17506,35067
17507,35068
17508,35070
17509,35071
17510,35073
17511,35074
17512,35075
17513,35076
17514,35077
17515,35078
17516,35079
17517,35084
17518,35085
17519,35086
17520,35087
17521,35089
17522,35090
17523,35091
17524,35092
17525,35094
17526,35095
17527,35096
17528,35104
17529,35106
17530,35107
17531,35108
17532,35110
17533,35112
17534,35113
17535,35114
17536,35115
17537,35123
17538,35124
17539,35128
17540,35133
17541,35134
17542,35135
17543,35136
17544,35137
17545,35138
17546,35140
17547,35142
17548,35144
17549,35145
17550,35146
17551,35148
17552,35150
17553,35152
17554,35153
17555,35156
17556,35158
17557,35161
17558,35163
17559,35164
17560,35165
17561,35170
17562,35171
17563,35173
17564,35174
17565,35175
17566,35176
17567,35180
17568,35186
17569,35188
17570,35193
17571,35194
17572,35196
17573,35198
17574,35199
17575,35202
17576,35208
17577,35209
17578,35211
17579,35212
17580,35213
17581,35217
17582,35219
17583,35220
17584,35222
17585,35223
17586,35224
17587,35226
17588,35227
17589,35228
17590,35229
17591,35233
17592,35234
17593,35235
17594,35237
17595,35238
17596,35239
17597,35241
17598,35242
17599,35244
17600,35245
17601,35246
17602,35247
17603,35252
17604,35256
17605,35261
17606,35262
17607,35266
17608,35267
17609,35268
17610,35270
17611,35273
17612,35275
17613,35277
17614,35279
17615,35282
17616,35290
17617,35292
17618,35294
17619,35296
17620,35297
17621,35301
17622,35302
17623,35304
17624,35307
17625,35308
17626,35310
17627,35315
17628,35316
17629,35317
17630,35318
17631,35319
17632,35323
17633,35326
17634,35327
17635,35332
17636,35333
17637,35336
17638,35338
17639,35340
17640,35341
17641,35342
17642,35345
17643,35346
17644,35347
17645,35350
17646,35352
17647,35354
17648,35355
17649,35357
17650,35358
17651,35364
17652,35373
17653,35377
17654,35378
17655,35379
17656,35382
17657,35386
17658,35389
17659,35391
17660,35394
17661,35395
17662,35397
17663,35399
17664,35401
17665,35402
17666,35406
17667,35407
17668,35414
17669,35416
17670,35417
17671,35418
17672,35419
17673,35422
17674,35426
17675,35427
17676,35428
17677,35429
17678,35430
17679,35431
17680,35433
17681,35436
17682,35437
17683,35439
17684,35443
17685,35444
17686,35445
17687,35447
17688,35449
17689,35454
17690,35456
17691,35458
17692,35459
17693,35460
17694,35462
17695,35463
17696,35464
17697,35466
17698,35468
17699,35469
17700,35470
17701,35475
17702,35478
17703,35480
17704,35481
17705,35482
17706,35486
17707,35487
17708,35488
17709,35489
17710,35491
17711,35493
17712,35498
17713,35503
17714,35506
17715,35508
17716,35509
17717,35510
17718,35512
17719,35513
17720,35516
17721,35519
17722,35520
17723,35524
17724,35529
17725,35530
17726,35531
17727,35532
17728,35533
17729,35535
17730,35536
17731,35538
17732,35539
17733,35542
17734,35545
17735,35548
17736,35550
17737,35555
17738,35557
17739,35558
17740,35559
17741,35562
17742,35563
17743,35565
17744,35568
17745,35571
17746,35573
17747,35575
17748,35576
17749,35577
17750,35580
17751,35581
17752,35583
17753,35586
17754,35587
17755,35589
17756,35591
17757,35592
17758,35593
17759,35594
17760,35595
17761,35599
17762,35600
17763,35603
17764,35604
17765,35605
17766,35607
17767,35608
17768,35609
17769,35611
17770,35612
17771,35613
17772,35614
17773,35617
17774,35619
17775,35620
17776,35621
17777,35622
17778,35623
17779,35624
17780,35626
17781,35628
17782,35629
17783,35631
17784,35632
17785,35634
17786,35635
17787,35637
17788,35638
17789,35641
17790,35643
17791,35646
17792,35649
17793,35650
17794,35651
17795,35652
17796,35654
17797,35655
17798,35656
17799,35657
17800,35658
17801,35660
17802,35661
17803,35663
17804,35664
17805,35666
17806,35668
17807,35669
17808,35672
17809,35676
17810,35678
17811,35680
17812,35682
17813,35683
17814,35686
17815,35689
17816,35692
17817,35693
17818,35694
17819,35695
17820,35696
17821,35697
17822,35699
17823,35706
17824,35708
17825,35709
17826,35711
17827,35713
17828,35714
17829,35716
17830,35717
17831,35718
17832,35719
17833,35721
17834,35725
17835,35729
17836,35730
17837,35731
17838,35732
17839,35733
17840,35735
17841,35736
17842,35737
17843,35739
17844,35742
17845,35747
17846,35748
17847,35752
17848,35755
17849,35757
17850,35759
17851,35761
17852,35762
17853,35763
17854,35766
17855,35767
17856,35768
17857,35769
17858,35770
17859,35771
17860,35773
17861,35777
17862,35783
17863,35784
17864,35786
17865,35787
17866,35789
17867,35792
17868,35793
17869,35794
17870,35796
17871,35798
17872,35799
17873,35802
17874,35807
17875,35808
17876,35810
17877,35815
17878,35816
17879,35817
17880,35820
17881,35821
17882,35823
17883,35824
17884,35825
17885,35827
17886,35828
17887,35831
17888,35833
17889,35834
17890,35835
17891,35836
17892,35841
17893,35844
17894,35845
17895,35849
17896,35850
17897,35853
17898,35854
17899,35856
17900,35857
17901,35858
17902,35861
17903,35862
17904,35863
17905,35866
17906,35872
17907,35874
17908,35879
17909,35880
17910,35881
17911,35882
17912,35883
17913,35885
17914,35886
17915,35887
17916,35889
17917,35890
17918,35893
17919,35894
17920,35897
17921,35898
17922,35899
17923,35901
17924,35904
17925,35905
17926,35906
17927,35907
17928,35908
17929,35911
17930,35912
17931,35913
17932,35917
17933,35921
17934,35922
17935,35923
17936,35925
17937,35926
17938,35927
17939,35931
17940,35933
17941,35934
17942,35936
17943,35937
17944,35940
17945,35949
17946,35950
17947,35951
17948,35952
17949,35955
17950,35956
17951,35959
17952,35960
17953,35961
17954,35965
17955,35967
17956,35971
17957,35972
17958,35973
17959,35974
17960,35977
17961,35979
17962,35983
17963,35984
17964,35990
17965,35991
17966,35992
17967,35993
17968,35995
17969,35996
17970,35997
17971,35998
17972,35999
17973,36003
17974,36005
17975,36006
17976,36010
17977,36011
17978,36013
17979,36015
17980,36016
17981,36018
17982,36019
17983,36020
17984,36021
17985,36022
17986,36025
17987,36027
17988,36029
17989,36033
17990,36034
17991,36036
17992,36037
17993,36038
17994,36046
17995,36047
17996,36049
17997,36051
17998,36055
17999,36057
18000,36059
18001,36062
18002,36065
18003,36066
18004,36068
18005,36069
18006,36070
18007,36072
18008,36073
18009,36074
18010,36075
18011,36078
18012,36080
18013,36085
18014,36086
18015,36089
18016,36090
18017,36091
18018,36092
18019,36093
18020,36096
18021,36099
18022,36100
18023,36102
18024,36104
18025,36107
18026,36111
18027,36113
18028,36114
18029,36116
18030,36121
18031,36124
18032,36126
18033,36132
18034,36135
18035,36136
18036,36137
18037,36139
18038,36140
18039,36143
18040,36147
18041,36148
18042,36151
18043,36152
18044,36154
18045,36155
18046,36159
18047,36161
18048,36162
18049,36163
18050,36164
18051,36167
18052,36169
18053,36171
18054,36172
18055,36173
18056,36175
18057,36176
18058,36178
18059,36179
18060,36180
18061,36183
18062,36184
18063,36186
18064,36188
18065,36189
18066,36190
18067,36191
18068,36192
18069,36193
18070,36195
18071,36197
18072,36199
18073,36200
18074,36202
18075,36205
18076,36207
18077,36209
18078,36211
18079,36212
18080,36214
18081,36215
18082,36218
18083,36220
18084,36221
18085,36226
18086,36228
18087,36233
18088,36234
18089,36235
18090,36236
18091,36238
18092,36239
18093,36242
18094,36243
18095,36244
18096,36245
18097,36246
18098,36247
18099,36248
18100,36249
18101,36251
18102,36252
18103,36253
18104,36254
18105,36258
18106,36259
18107,36261
18108,36264
18109,36265
18110,36266
18111,36268
18112,36269
18113,36270
18114,36272
18115,36274
18116,36275
18117,36280
18118,36281
18119,36282
18120,36284
18121,36286
18122,36287
18123,36288
18124,36291
18125,36292
18126,36298
18127,36300
18128,36302
18129,36307
18130,36308
18131,36311
18132,36312
18133,36313
18134,36316
18135,36318
18136,36319
18137,36320
18138,36323
18139,36328
18140,36329
18141,36330
18142,36332
18143,36335
18144,36337
18145,36344
18146,36345
18147,36347
18148,36350
18149,36352
18150,36353
18151,36356
18152,36357
18153,36359
18154,36360
18155,36364
18156,36366
18157,36372
18158,36373
18159,36374
18160,36375
18161,36377
18162,36378
18163,36380
18164,36385
18165,36386
18166,36388
18167,36390
18168,36391
18169,36392
18170,36393
18171,36394
18172,36398
18173,36399
18174,36400
18175,36401
18176,36402
18177,36403
18178,36404
18179,36407
18180,36410
18181,36411
18182,36413
18183,36418
18184,36422
18185,36423
18186,36425
18187,36430
18188,36432
18189,36435
18190,36436
18191,36437
18192,36441
18193,36442
18194,36444
18195,36446
18196,36447
18197,36448
18198,36451
18199,36452
18200,36454
18201,36458
18202,36462
18203,36465
18204,36467
18205,36468
18206,36469
18207,36473
18208,36474
18209,36475
18210,36476
18211,36477
18212,36478
18213,36483
18214,36484
18215,36485
18216,36489
18217,36490
18218,36493
18219,36495
18220,36499
18221,36500
18222,36502
18223,36506
18224,36508
18225,36510
18226,36512
18227,36513
18228,36514
18229,36516
18230,36518
18231,36522
18232,36526
18233,36527
18234,36530
18235,36531
18236,36532
18237,36536
18238,36537
18239,36539
18240,36543
18241,36544
18242,36547
18243,36548
18244,36549
18245,36550
18246,36551
18247,36552
18248,36556
18249,36558
18250,36560
18251,36563
18252,36564
18253,36569
18254,36573
18255,36576
18256,36578
18257,36579
18258,36580
18259,36583
18260,36586
18261,36589
18262,36593
18263,36595
18264,36599
18265,36601
18266,36603
18267,36606
18268,36607
18269,36609
18270,36612
18271,36613
18272,36615
18273,36616
18274,36618
18275,36619
18276,36621
18277,36622
18278,36624
18279,36626
18280,36629
18281,36630
18282,36631
18283,36633
18284,36634
18285,36635
18286,36639
18287,36641
18288,36643
18289,36644
18290,36646
18291,36647
18292,36649
18293,36653
18294,36655
18295,36656
18296,36659
18297,36661
18298,36662
18299,36664
18300,36665
18301,36666
18302,36668
18303,36674
18304,36676
18305,36678
18306,36680
18307,36682
18308,36683
18309,36684
18310,36686
18311,36687
18312,36691
18313,36693
18314,36695
18315,36696
18316,36697
18317,36699
18318,36704
18319,36708
18320,36710
18321,36711
18322,36712
18323,36715
18324,36718
18325,36719
18326,36721
18327,36724
18328,36725
18329,36727
18330,36729
18331,36730
18332,36735
18333,36741
18334,36742
18335,36743
18336,36745
18337,36748
18338,36754
18339,36755
18340,36756
18341,36757
18342,36758
18343,36759
18344,36763
18345,36766
18346,36767
18347,36768
18348,36771
18349,36772
18350,36776
18351,36780
18352,36781
18353,36782
18354,36783
18355,36784
18356,36785
18357,36788
18358,36790
18359,36794
18360,36795
18361,36796
18362,36797
18363,36799
18364,36802
18365,36803
18366,36806
18367,36809
18368,36810
18369,36812
18370,36813
18371,36815
18372,36817
18373,36818
18374,36820
18375,36824
18376,36825
18377,36826
18378,36828
18379,36830
18380,36831
18381,36832
18382,36833
18383,36834
18384,36836
18385,36839
18386,36842
18387,36843
18388,36844
18389,36845
18390,36846
18391,36847
18392,36849
18393,36851
18394,36852
18395,36853
18396,36854
18397,36856
18398,36857
18399,36859
18400,36862
18401,36863
18402,36864
18403,36868
18404,36871
18405,36873
18406,36875
18407,36877
18408,36878
18409,36879
18410,36884
18411,36888
18412,36890
18413,36894
18414,36897
18415,36898
18416,36899
18417,36902
18418,36908
18419,36911
18420,36913
18421,36918
18422,36919
18423,36920
18424,36921
18425,36922
18426,36923
18427,36924
18428,36931
18429,36932
18430,36933
18431,36934
18432,36935
18433,36937
18434,36941
18435,36945
18436,36946
18437,36949
18438,36950
18439,36952
18440,36953
18441,36955
18442,36958
18443,36960
18444,36961
18445,36963
18446,36964
18447,36966
18448,36967
18449,36969
18450,36971
18451,36978
18452,36979
18453,36980
18454,36982
18455,36983
18456,36984
18457,36985
18458,36986
18459,36987
18460,36991
18461,36992
18462,36993
18463,36994
18464,36997
18465,36999
18466,37000
18467,37002
18468,37004
18469,37006
18470,37007
18471,37010
18472,37011
18473,37012
18474,37017
18475,37018
18476,37019
18477,37023
18478,37025
18479,37026
18480,37029
18481,37033
18482,37036
18483,37037
18484,37039
18485,37041
18486,37042
18487,37047
18488,37052
18489,37053
18490,37057
18491,37060
18492,37063
18493,37068
18494,37070
18495,37071
18496,37072
18497,37074
18498,37075
18499,37076
18500,37080
18501,37084
18502,37087
18503,37089
18504,37090
18505,37091
18506,37093
18507,37096
18508,37097
18509,37100
18510,37101
18511,37102
18512,37107
18513,37108
18514,37110
18515,37111
18516,37114
18517,37117
18518,37119
18519,37120
18520,37121
18521,37123
18522,37125
18523,37128
18524,37130
18525,37131
18526,37132
18527,37134
18528,37135
18529,37137
18530,37138
18531,37141
18532,37145
18533,37147
18534,37149
18535,37150
18536,37152
18537,37155
18538,37156
18539,37157
18540,37160
18541,37162
18542,37163
18543,37164
18544,37166
18545,37167
18546,37170
18547,37171
18548,37172
18549,37174
18550,37176
18551,37178
18552,37179
18553,37181
18554,37184
18555,37186
18556,37187
18557,37189
18558,37190
18559,37195
18560,37196
18561,37201
18562,37203
18563,37208
18564,37209
18565,37210
18566,37211
18567,37212
18568,37213
18569,37214
18570,37223
18571,37225
18572,37226
18573,37228
18574,37233
18575,37234
18576,37241
18577,37242
18578,37243
18579,37244
18580,37247
18581,37248
18582,37249
18583,37250
18584,37257
18585,37258
18586,37259
18587,37260
18588,37262
18589,37263
18590,37264
18591,37266
18592,37267
18593,37269
18594,37271
18595,37272
18596,37274
18597,37275
18598,37277
18599,37278
18600,37279
18601,37281
18602,37282
18603,37283
18604,37284
18605,37287
18606,37288
18607,37290
18608,37291
18609,37292
18610,37293
18611,37300
18612,37301
18613,37302
18614,37304
18615,37307
18616,37308
18617,37311
18618,37316
18619,37319
18620,37320
18621,37321
18622,37322
18623,37324
18624,37326
18625,37329
18626,37330
18627,37331
18628,37332
18629,37333
18630,37334
18631,37336
18632,37337
18633,37338
18634,37340
18635,37341
18636,37342
18637,37343
18638,37345
18639,37346
18640,37350
18641,37357
18642,37361
18643,37362
18644,37364
18645,37365
18646,37367
18647,37369
18648,37370
18649,37373
18650,37379
18651,37380
18652,37381
18653,37382
18654,37385
18655,37386
18656,37388
18657,37389
18658,37390
18659,37393
18660,37394
18661,37395
18662,37397
18663,37403
18664,37405
18665,37412
18666,37414
18667,37415
18668,37416
18669,37418
18670,37419
18671,37420
18672,37421
18673,37422
18674,37426
18675,37427
18676,37429
18677,37430
18678,37431
18679,37433
18680,37434
18681,37435
18682,37436
18683,37437
18684,37438
18685,37439
18686,37441
18687,37444
18688,37448
18689,37449
18690,37452
18691,37453
18692,37454
18693,37455
18694,37456
18695,37457
18696,37461
18697,37462
18698,37464
18699,37466
18700,37468
18701,37470
18702,37471
18703,37473
18704,37477
18705,37478
18706,37479
18707,37480
18708,37482
18709,37483
18710,37484
18711,37486
18712,37488
18713,37493
18714,37494
18715,37496
18716,37498
18717,37499
18718,37501
18719,37507
18720,37509
18721,37510
18722,37511
18723,37512
18724,37517
18725,37518
18726,37519
18727,37521
18728,37522
18729,37523
18730,37524
18731,37525
18732,37526
18733,37527
18734,37528
18735,37529
18736,37530
18737,37531
18738,37535
18739,37536
18740,37537
18741,37538
18742,37544
18743,37547
18744,37549
18745,37554
18746,37556
18747,37559
18748,37561
18749,37562
18750,37564
18751,37566
18752,37569
18753,37570
18754,37571
18755,37576
18756,37578
18757,37581
18758,37583
18759,37585
18760,37587
18761,37590
18762,37592
18763,37597
18764,37598
18765,37599
18766,37603
18767,37606
18768,37608
18769,37609
18770,37612
18771,37613
18772,37616
18773,37619
18774,37620
18775,37621
18776,37627
18777,37628
18778,37629
18779,37630
18780,37631
18781,37638
18782,37639
18783,37641
18784,37642
18785,37644
18786,37646
18787,37649
18788,37651
18789,37653
18790,37654
18791,37656
18792,37657
18793,37659
18794,37660
18795,37662
18796,37663
18797,37664
18798,37665
18799,37666
18800,37667
18801,37668
18802,37673
18803,37674
18804,37675
18805,37676
18806,37680
18807,37681
18808,37685
18809,37687
18810,37689
18811,37690
18812,37691
18813,37692
18814,37696
18815,37699
18816,37700
18817,37704
18818,37707
18819,37708
18820,37710
18821,37714
18822,37721
18823,37724
18824,37725
18825,37726
18826,37730
18827,37731
18828,37732
18829,37734
18830,37735
18831,37736
18832,37737
18833,37738
18834,37740
18835,37741
18836,37742
18837,37743
18838,37746
18839,37747
18840,37749
18841,37750
18842,37751
18843,37752
18844,37755
18845,37756
18846,37757
18847,37758
18848,37760
18849,37765
18850,37766
18851,37767
18852,37768
18853,37769
18854,37771
18855,37774
18856,37776
18857,37778
18858,37779
18859,37785
18860,37786
18861,37790
18862,37791
18863,37796
18864,37799
18865,37802
18866,37805
18867,37806
18868,37809
18869,37810
18870,37811
18871,37813
18872,37816
18873,37818
18874,37820
18875,37821
18876,37824
18877,37827
18878,37828
18879,37829
18880,37830
18881,37831
18882,37832
18883,37837
18884,37838
18885,37842
18886,37843
18887,37844
18888,37845
18889,37847
18890,37848
18891,37849
18892,37851
18893,37852
18894,37853
18895,37855
18896,37858
18897,37864
18898,37865
18899,37866
18900,37867
18901,37868
18902,37869
18903,37870
18904,37871
18905,37874
18906,37875
18907,37877
18908,37878
18909,37879
18910,37880
18911,37881
18912,37884
18913,37885
18914,37887
18915,37890
18916,37896
18917,37898
18918,37899
18919,37903
18920,37906
18921,37908
18922,37910
18923,37911
18924,37912
18925,37915
18926,37917
18927,37918
18928,37920
18929,37924
18930,37925
18931,37926
18932,37927
18933,37930
18934,37932
18935,37938
18936,37939
18937,37941
18938,37947
18939,37951
18940,37952
18941,37953
18942,37954
18943,37955
18944,37960
18945,37962
18946,37968
18947,37970
18948,37973
18949,37975
18950,37976
18951,37980
18952,37983
18953,37984
18954,37985
18955,37990
18956,37993
18957,38002
18958,38004
18959,38007
18960,38008
18961,38010
18962,38016
18963,38017
18964,38018
18965,38019
18966,38026
18967,38032
18968,38033
18969,38035
18970,38038
18971,38042
18972,38044
18973,38047
18974,38048
18975,38049
18976,38052
18977,38055
18978,38057
18979,38058
18980,38059
18981,38061
18982,38062
18983,38063
18984,38065
18985,38066
18986,38069
18987,38070
18988,38071
18989,38072
18990,38073
18991,38074
18992,38076
18993,38077
18994,38078
18995,38079
18996,38082
18997,38085
18998,38087
18999,38089
19000,38100
19001,38101
19002,38102
19003,38103
19004,38104
19005,38105
19006,38106
19007,38107
19008,38108
19009,38109
19010,38111
19011,38112
19012,38118
19013,38121
19014,38124
19015,38126
19016,38127
19017,38129
19018,38130
19019,38133
19020,38135
19021,38137
19022,38140
19023,38144
19024,38146
19025,38147
19026,38149
19027,38150
19028,38151
19029,38154
19030,38155
19031,38157
19032,38158
19033,38163
19034,38165
19035,38168
19036,38169
19037,38172
19038,38173
19039,38177
19040,38179
19041,38181
19042,38182
19043,38183
19044,38185
19045,38187
19046,38193
19047,38194
19048,38196
19049,38199
19050,38200
19051,38201
19052,38202
19053,38211
19054,38213
19055,38214
19056,38216
19057,38218
19058,38219
19059,38221
19060,38222
19061,38223
19062,38224
19063,38228
19064,38236
19065,38237
19066,38240
19067,38241
19068,38245
19069,38246
19070,38248
19071,38250
19072,38251
19073,38253
19074,38255
19075,38256
19076,38257
19077,38258
19078,38259
19079,38260
19080,38261
19081,38262
19082,38263
19083,38264
19084,38265
19085,38270
19086,38274
19087,38275
19088,38277
19089,38281
19090,38287
19091,38291
19092,38293
19093,38294
19094,38295
19095,38297
19096,38298
19097,38299
19098,38301
19099,38302
19100,38303
19101,38307
19102,38309
19103,38310
19104,38311
19105,38318
19106,38319
19107,38320
19108,38321
19109,38322
19110,38323
19111,38324
19112,38325
19113,38326
19114,38328
19115,38330
19116,38331
19117,38333
19118,38335
19119,38339
19120,38341
19121,38343
19122,38344
19123,38345
19124,38346
19125,38347
19126,38352
19127,38353
19128,38354
19129,38356
19130,38357
19131,38359
19132,38360
19133,38361
19134,38362
19135,38365
19136,38369
19137,38371
19138,38372
19139,38376
19140,38377
19141,38379
19142,38380
19143,38382
19144,38383
19145,38385
19146,38389
19147,38390
19148,38392
19149,38393
19150,38397
19151,38398
19152,38400
19153,38401
19154,38402
19155,38403
19156,38405
19157,38406
19158,38407
19159,38408
19160,38410
19161,38411
19162,38413
19163,38419
19164,38421
19165,38423
19166,38424
19167,38425
19168,38426
19169,38428
19170,38429
19171,38431
19172,38434
19173,38436
19174,38437
19175,38438
19176,38439
19177,38440
19178,38441
19179,38444
19180,38447
19181,38451
19182,38452
19183,38453
19184,38454
19185,38456
19186,38457
19187,38458
19188,38459
19189,38460
19190,38461
19191,38463
19192,38465
19193,38467
19194,38471
19195,38474
19196,38476
19197,38480
19198,38481
19199,38482
19200,38483
19201,38494
19202,38495
19203,38496
19204,38499
19205,38504
19206,38505
19207,38508
19208,38512
19209,38514
19210,38516
19211,38517
19212,38518
19213,38519
19214,38520
19215,38523
19216,38524
19217,38526
19218,38529
19219,38534
19220,38536
19221,38540
19222,38541
19223,38544
19224,38548
19225,38550
19226,38552
19227,38553
19228,38554
19229,38556
19230,38559
19231,38560
19232,38561
19233,38563
19234,38570
19235,38571
19236,38572
19237,38573
19238,38574
19239,38576
19240,38578
19241,38580
19242,38582
19243,38583
19244,38585
19245,38586
19246,38589
19247,38590
19248,38591
19249,38593
19250,38595
19251,38600
19252,38601
19253,38602
19254,38603
19255,38604
19256,38606
19257,38607
19258,38618
19259,38619
19260,38621
19261,38624
19262,38629
19263,38636
19264,38637
19265,38644
19266,38646
19267,38647
19268,38648
19269,38649
19270,38658
19271,38659
19272,38662
19273,38665
19274,38669
19275,38670
19276,38673
19277,38674
19278,38675
19279,38676
19280,38677
19281,38678
19282,38679
19283,38680
19284,38681
19285,38685
19286,38687
19287,38691
19288,38692
19289,38693
19290,38700
19291,38702
19292,38704
19293,38706
19294,38707
19295,38708
19296,38709
19297,38713
19298,38715
19299,38717
19300,38718
19301,38720
19302,38723
19303,38726
19304,38727
19305,38735
19306,38736
19307,38737
19308,38742
19309,38745
19310,38748
19311,38749
19312,38750
19313,38751
19314,38753
19315,38755
19316,38757
19317,38764
19318,38766
19319,38767
19320,38770
19321,38772
19322,38775
19323,38777
19324,38779
19325,38780
19326,38781
19327,38783
19328,38784
19329,38786
19330,38788
19331,38790
19332,38791
19333,38797
19334,38798
19335,38799
19336,38800
19337,38802
19338,38803
19339,38806
19340,38809
19341,38812
19342,38815
19343,38820
19344,38822
19345,38824
19346,38826
19347,38831
19348,38833
19349,38834
19350,38835
19351,38836
19352,38838
19353,38839
19354,38840
19355,38843
19356,38846
19357,38848
19358,38849
19359,38851
19360,38852
19361,38853
19362,38855
19363,38857
19364,38863
19365,38864
19366,38869
19367,38870
19368,38871
19369,38874
19370,38875
19371,38876
19372,38879
19373,38882
19374,38883
19375,38884
19376,38885
19377,38886
19378,38892
19379,38893
19380,38894
19381,38895
19382,38896
19383,38897
19384,38899
19385,38900
19386,38901
19387,38902
19388,38903
19389,38906
19390,38908
19391,38909
19392,38911
19393,38914
19394,38917
19395,38919
19396,38920
19397,38922
19398,38924
19399,38926
19400,38928
19401,38929
19402,38930
19403,38931
19404,38932
19405,38933
19406,38935
19407,38938
19408,38940
19409,38941
19410,38944
19411,38949
19412,38953
19413,38954
19414,38958
19415,38960
19416,38961
19417,38963
19418,38967
19419,38968
19420,38971
19421,38972
19422,38974
19423,38979
19424,38981
19425,38982
19426,38983
19427,38987
19428,38988
19429,38990
19430,38991
19431,38993
19432,38994
19433,38996
19434,39000
19435,39001
19436,39002
19437,39004
19438,39005
19439,39007
19440,39008
19441,39012
19442,39015
19443,39016
19444,39018
19445,39020
19446,39021
19447,39022
19448,39023
19449,39025
19450,39027
19451,39028
19452,39029
19453,39030
19454,39032
19455,39033
19456,39034
19457,39035
19458,39037
19459,39038
19460,39042
19461,39043
19462,39044
19463,39047
19464,39049
19465,39052
19466,39054
19467,39055
19468,39057
19469,39062
19470,39063
19471,39065
19472,39066
19473,39068
19474,39071
19475,39074
19476,39077
19477,39079
19478,39080
19479,39082
19480,39083
19481,39084
19482,39085
19483,39086
19484,39088
19485,39089
19486,39090
19487,39091
19488,39093
19489,39095
19490,39098
19491,39100
19492,39106
19493,39109
19494,39110
19495,39117
19496,39120
19497,39121
19498,39122
19499,39123
19500,39124
19501,39125
19502,39130
19503,39131
19504,39132
19505,39134
19506,39136
19507,39137
19508,39139
19509,39140
19510,39142
19511,39143
19512,39144
19513,39145
19514,39146
19515,39147
19516,39148
19517,39150
19518,39155
19519,39156
19520,39157
19521,39158
19522,39160
19523,39162
19524,39164
19525,39165
19526,39166
19527,39168
19528,39169
19529,39170
19530,39172
19531,39174
19532,39175
19533,39176
19534,39180
19535,39181
19536,39182
19537,39183
19538,39185
19539,39186
19540,39190
19541,39191
19542,39192
19543,39193
19544,39194
19545,39195
19546,39196
19547,39197
19548,39198
19549,39200
19550,39202
19551,39203
19552,39204
19553,39205
19554,39206
19555,39207
19556,39208
19557,39209
19558,39211
19559,39213
19560,39214
19561,39215
19562,39220
19563,39221
19564,39222
19565,39224
19566,39227
19567,39231
19568,39234
19569,39235
19570,39236
19571,39238
19572,39240
19573,39241
19574,39244
19575,39246
19576,39249
19577,39250
19578,39252
19579,39253
19580,39256
19581,39259
19582,39263
19583,39265
19584,39266
19585,39267
19586,39268
19587,39271
19588,39275
19589,39276
19590,39280
19591,39282
19592,39284
19593,39285
19594,39286
19595,39287
19596,39288
19597,39289
19598,39290
19599,39291
19600,39292
19601,39294
19602,39295
19603,39297
19604,39298
19605,39300
19606,39302
19607,39303
19608,39304
19609,39306
19610,39309
19611,39310
19612,39311
19613,39313
19614,39314
19615,39315
19616,39320
19617,39321
19618,39322
19619,39326
19620,39327
19621,39328
19622,39329
19623,39333
19624,39334
19625,39336
19626,39339
19627,39340
19628,39341
19629,39343
19630,39346
19631,39354
19632,39355
19633,39356
19634,39357
19635,39358
19636,39359
19637,39360
19638,39361
19639,39365
19640,39368
19641,39369
19642,39371
19643,39372
19644,39374
19645,39375
19646,39377
19647,39382
19648,39385
19649,39386
19650,39388
19651,39390
19652,39391
19653,39392
19654,39394
19655,39397
19656,39399
19657,39400
19658,39402
19659,39403
19660,39405
19661,39407
19662,39410
19663,39412
19664,39413
19665,39414
19666,39416
19667,39418
19668,39419
19669,39421
19670,39422
19671,39425
19672,39428
19673,39429
19674,39430
19675,39432
19676,39434
19677,39439
19678,39440
19679,39441
19680,39446
19681,39448
19682,39449
19683,39450
19684,39452
19685,39455
19686,39456
19687,39458
19688,39466
19689,39468
19690,39469
19691,39470
19692,39473
19693,39475
19694,39476
19695,39478
19696,39479
19697,39480
19698,39482
19699,39484
19700,39486
19701,39488
19702,39496
19703,39497
19704,39499
19705,39500
19706,39503
19707,39504
19708,39505
19709,39512
19710,39518
19711,39519
19712,39521
19713,39524
19714,39527
19715,39528
19716,39529
19717,39530
19718,39533
19719,39535
19720,39537
19721,39538
19722,39539
19723,39540
19724,39541
19725,39542
19726,39546
19727,39551
19728,39552
19729,39553
19730,39560
19731,39565
19732,39567
19733,39569
19734,39574
19735,39575
19736,39576
19737,39577
19738,39579
19739,39583
19740,39586
19741,39588
19742,39589
19743,39592
19744,39593
19745,39598
19746,39599
19747,39600
19748,39601
19749,39602
19750,39603
19751,39605
19752,39608
19753,39612
19754,39614
19755,39615
19756,39616
19757,39618
19758,39620
19759,39622
19760,39623
19761,39624
19762,39625
19763,39632
19764,39633
19765,39634
19766,39635
19767,39636
19768,39637
19769,39640
19770,39644
19771,39645
19772,39647
19773,39648
19774,39651
19775,39652
19776,39653
19777,39654
19778,39657
19779,39658
19780,39659
19781,39661
19782,39662
19783,39663
19784,39667
19785,39669
19786,39670
19787,39673
19788,39674
19789,39678
19790,39679
19791,39681
19792,39684
19793,39685
19794,39689
19795,39692
19796,39693
19797,39694
19798,39696
19799,39699
19800,39700
19801,39701
19802,39702
19803,39704
19804,39705
19805,39706
19806,39707
19807,39708
19808,39710
19809,39711
19810,39712
19811,39713
19812,39714
19813,39715
19814,39720
19815,39721
19816,39723
19817,39724
19818,39725
19819,39726
19820,39727
19821,39730
19822,39734
19823,39736
19824,39738
19825,39739
19826,39740
19827,39741
19828,39749
19829,39752
19830,39753
19831,39754
19832,39757
19833,39759
19834,39762
19835,39764
19836,39765
19837,39766
19838,39767
19839,39768
19840,39771
19841,39775
19842,39778
19843,39779
19844,39780
19845,39782
19846,39788
19847,39793
19848,39795
19849,39796
19850,39801
19851,39802
19852,39803
19853,39804
19854,39810
19855,39811
19856,39812
19857,39813
19858,39816
19859,39817
19860,39820
19861,39821
19862,39824
19863,39825
19864,39826
19865,39829
19866,39830
19867,39831
19868,39832
19869,39833
19870,39836
19871,39838
19872,39839
19873,39842
19874,39847
19875,39848
19876,39849
19877,39851
19878,39852
19879,39853
19880,39854
19881,39855
19882,39856
19883,39857
19884,39859
19885,39862
19886,39864
19887,39866
19888,39867
19889,39868
19890,39870
19891,39871
19892,39873
19893,39875
19894,39876
19895,39880
19896,39882
19897,39883
19898,39885
19899,39886
19900,39887
19901,39894
19902,39898
19903,39900
19904,39901
19905,39902
19906,39903
19907,39906
19908,39907
19909,39910
19910,39911
19911,39912
19912,39913
19913,39914
19914,39916
19915,39918
19916,39919
19917,39920
19918,39921
19919,39923
19920,39924
19921,39926
19922,39928
19923,39930
19924,39931
19925,39932
19926,39935
19927,39936
19928,39937
19929,39938
19930,39940
19931,39941
19932,39942
19933,39946
19934,39948
19935,39949
19936,39950
19937,39951
19938,39952
19939,39953
19940,39954
19941,39955
19942,39958
19943,39961
19944,39963
19945,39967
19946,39968
19947,39969
19948,39971
19949,39972
19950,39973
19951,39974
19952,39977
19953,39978
19954,39983
19955,39986
19956,39989
19957,39990
19958,39994
19959,39995
19960,39997
19961,39998
19962,39999
19963,40001
19964,40004
19965,40005
19966,40009
19967,40010
19968,40011
19969,40012
19970,40014
19971,40017
19972,40018
19973,40020
19974,40023
19975,40024
19976,40026
19977,40027
19978,40028
19979,40030
19980,40031
19981,40032
19982,40033
19983,40035
19984,40037
19985,40041
19986,40042
19987,40044
19988,40045
19989,40047
19990,40048
19991,40049
19992,40050
19993,40052
19994,40053
19995,40055
19996,40058
19997,40059
19998,40065
19999,40066
20000,40067
20001,40069
20002,40070
20003,40074
20004,40076
20005,40077
20006,40078
20007,40082
20008,40084
20009,40085
20010,40086
20011,40087
20012,40088
20013,40089
20014,40093
20015,40094
20016,40096
20017,40097
20018,40098
20019,40100
20020,40101
20021,40107
20022,40108
20023,40109
20024,40110
20025,40112
20026,40113
20027,40114
20028,40115
20029,40116
20030,40121
20031,40122
20032,40123
20033,40125
20034,40128
20035,40130
20036,40131
20037,40133
20038,40134
20039,40135
20040,40136
20041,40137
20042,40138
20043,40140
20044,40143
20045,40149
20046,40151
20047,40152
20048,40153
20049,40156
20050,40157
20051,40162
20052,40163
20053,40167
20054,40172
20055,40173
20056,40174
20057,40175
20058,40181
20059,40182
20060,40184
20061,40187
20062,40188
20063,40190
20064,40191
20065,40193
20066,40194
20067,40195
20068,40197
20069,40201
20070,40202
20071,40203
20072,40204
20073,40205
20074,40208
20075,40213
20076,40215
20077,40217
20078,40219
20079,40220
20080,40221
20081,40224
20082,40225
20083,40227
20084,40228
20085,40229
20086,40230
20087,40231
20088,40233
20089,40236
20090,40237
20091,40238
20092,40240
20093,40245
20094,40246
20095,40247
20096,40255
20097,40256
20098,40257
20099,40260
20100,40264
20101,40267
20102,40270
20103,40272
20104,40273
20105,40278
20106,40281
20107,40282
20108,40285
20109,40290
20110,40293
20111,40297
20112,40298
20113,40302
20114,40304
20115,40308
20116,40309
20117,40310
20118,40311
20119,40313
20120,40316
20121,40317
20122,40318
20123,40320
20124,40322
20125,40323
20126,40324
20127,40327
20128,40329
20129,40330
20130,40331
20131,40332
20132,40335
20133,40337
20134,40339
20135,40340
20136,40342
20137,40344
20138,40346
20139,40349
20140,40350
20141,40353
20142,40355
20143,40357
20144,40359
20145,40363
20146,40365
20147,40368
20148,40369
20149,40370
20150,40371
20151,40372
20152,40374
20153,40376
20154,40378
20155,40379
20156,40380
20157,40381
20158,40383
20159,40385
20160,40387
20161,40389
20162,40390
20163,40391
20164,40392
20165,40395
20166,40397
20167,40399
20168,40400
20169,40401
20170,40403
20171,40406
20172,40410
20173,40411
20174,40413
20175,40418
20176,40419
20177,40420
20178,40423
20179,40424
20180,40425
20181,40426
20182,40427
20183,40428
20184,40429
20185,40430
20186,40432
20187,40433
20188,40434
20189,40436
20190,40437
20191,40438
20192,40441
20193,40442
20194,40443
20195,40444
20196,40448
20197,40449
20198,40450
20199,40452
20200,40454
20201,40455
20202,40456
20203,40458
20204,40461
20205,40465
20206,40466
20207,40467
20208,40468
20209,40469
20210,40471
20211,40473
20212,40475
20213,40477
20214,40478
20215,40479
20216,40480
20217,40483
20218,40484
20219,40486
20220,40488
20221,40489
20222,40490
20223,40491
20224,40493
20225,40495
20226,40497
20227,40499
20228,40501
20229,40503
20230,40505
20231,40507
20232,40515
20233,40517
20234,40519
20235,40522
20236,40523
20237,40524
20238,40525
20239,40528
20240,40530
20241,40531
20242,40533
20243,40534
20244,40536
20245,40537
20246,40538
20247,40539
20248,40541
20249,40544
20250,40548
20251,40549
20252,40551
20253,40552
20254,40553
20255,40555
20256,40556
20257,40558
20258,40561
20259,40562
20260,40563
20261,40565
20262,40570
20263,40573
20264,40574
20265,40578
20266,40583
20267,40584
20268,40585
20269,40587
20270,40589
20271,40590
20272,40591
20273,40593
20274,40597
20275,40599
20276,40600
20277,40601
20278,40603
20279,40604
20280,40606
20281,40608
20282,40613
20283,40614
20284,40615
20285,40616
20286,40618
20287,40619
20288,40624
20289,40625
20290,40626
20291,40628
20292,40631
20293,40632
20294,40633
20295,40634
20296,40635
20297,40639
20298,40640
20299,40642
20300,40643
20301,40646
20302,40647
20303,40648
20304,40649
20305,40650
20306,40652
20307,40654
20308,40658
20309,40659
20310,40662
20311,40668
20312,40672
20313,40676
20314,40677
20315,40678
20316,40680
20317,40684
20318,40685
20319,40686
20320,40688
20321,40689
20322,40690
20323,40692
20324,40693
20325,40695
20326,40697
20327,40698
20328,40700
20329,40704
20330,40709
20331,40710
20332,40711
20333,40712
20334,40714
20335,40715
20336,40717
20337,40718
20338,40724
20339,40726
20340,40727
20341,40728
20342,40729
20343,40732
20344,40733
20345,40736
20346,40738
20347,40740
20348,40743
20349,40746
20350,40747
20351,40748
20352,40751
20353,40753
20354,40755
20355,40756
20356,40759
20357,40760
20358,40766
20359,40767
20360,40768
20361,40770
20362,40772
20363,40774
20364,40776
20365,40778
20366,40780
20367,40782
20368,40787
20369,40790
20370,40795
20371,40799
20372,40800
20373,40801
20374,40804
20375,40807
20376,40810
20377,40813
20378,40817
20379,40823
20380,40825
20381,40828
20382,40829
20383,40832
20384,40833
20385,40834
20386,40835
20387,40836
20388,40838
20389,40839
20390,40841
20391,40843
20392,40844
20393,40846
20394,40849
20395,40853
20396,40856
20397,40858
20398,40860
20399,40867
20400,40869
20401,40871
20402,40872
20403,40874
20404,40875
20405,40877
20406,40879
20407,40880
20408,40883
20409,40884
20410,40885
20411,40887
20412,40888
20413,40890
20414,40891
20415,40893
20416,40897
20417,40899
20418,40900
20419,40902
20420,40903
20421,40905
20422,40908
20423,40909
20424,40910
20425,40911
20426,40915
20427,40927
20428,40929
20429,40931
20430,40933
20431,40934
20432,40936
20433,40937
20434,40938
20435,40947
20436,40949
20437,40951
20438,40952
20439,40953
20440,40954
20441,40956
20442,40960
20443,40961
20444,40963
20445,40965
20446,40968
20447,40969
20448,40970
20449,40972
20450,40978
20451,40979
20452,40980
20453,40981
20454,40985
20455,40987
20456,40992
20457,40993
20458,40994
20459,40995
20460,40996
20461,40997
20462,40998
20463,40999
20464,41000
20465,41001
20466,41002
20467,41003
20468,41004
20469,41005
20470,41006
20471,41012
20472,41013
20473,41014
20474,41015
20475,41016
20476,41017
20477,41019
20478,41023
20479,41025
20480,41027
20481,41028
20482,41032
20483,41036
20484,41037
20485,41038
20486,41039
20487,41042
20488,41043
20489,41045
20490,41046
20491,41048
20492,41049
20493,41050
20494,41051
20495,41054
20496,41055
20497,41057
20498,41058
20499,41061
20500,41062
20501,41063
20502,41065
20503,41067
20504,41072
20505,41075
20506,41077
20507,41078
20508,41080
20509,41081
20510,41084
20511,41085
20512,41093
20513,41094
20514,41099
20515,41101
20516,41102
20517,41103
20518,41105
20519,41106
20520,41108
20521,41109
20522,41112
20523,41113
20524,41115
20525,41118
20526,41124
20527,41127
20528,41131
20529,41132
20530,41134
20531,41135
20532,41137
20533,41138
20534,41139
20535,41141
20536,41142
20537,41143
20538,41144
20539,41149
20540,41150
20541,41153
20542,41156
20543,41157
20544,41158
20545,41163
20546,41164
20547,41168
20548,41173
20549,41174
20550,41175
20551,41176
20552,41179
20553,41180
20554,41181
20555,41183
20556,41184
20557,41186
20558,41188
20559,41189
20560,41191
20561,41192
20562,41194
20563,41197
20564,41198
20565,41199
20566,41200
20567,41203
20568,41205
20569,41206
20570,41207
20571,41209
20572,41210
20573,41212
20574,41213
20575,41214
20576,41218
20577,41219
20578,41222
20579,41224
20580,41225
20581,41227
20582,41228
20583,41229
20584,41235
20585,41236
20586,41237
20587,41238
20588,41239
20589,41241
20590,41244
20591,41246
20592,41249
20593,41252
20594,41253
20595,41254
20596,41257
20597,41260
20598,41264
20599,41267
20600,41268
20601,41271
20602,41272
20603,41273
20604,41275
20605,41277
20606,41279
20607,41281
20608,41283
20609,41285
20610,41287
20611,41288
20612,41289
20613,41292
20614,41293
20615,41295
20616,41296
20617,41300
20618,41303
20619,41304
20620,41306
20621,41308
20622,41310
20623,41311
20624,41313
20625,41314
20626,41316
20627,41321
20628,41323
20629,41325
20630,41327
20631,41329
20632,41330
20633,41331
20634,41332
20635,41333
20636,41334
20637,41340
20638,41342
20639,41344
20640,41346
20641,41348
20642,41349
20643,41350
20644,41351
20645,41352
20646,41354
20647,41357
20648,41358
20649,41361
20650,41364
20651,41369
20652,41370
20653,41372
20654,41374
20655,41375
20656,41378
20657,41380
20658,41381
20659,41384
20660,41389
20661,41391
20662,41392
20663,41395
20664,41399
20665,41400
20666,41403
20667,41404
20668,41405
20669,41407
20670,41409
20671,41410
20672,41411
20673,41412
20674,41413
20675,41414
20676,41415
20677,41416
20678,41418
20679,41419
20680,41423
20681,41425
20682,41426
20683,41427
20684,41431
20685,41434
20686,41436
20687,41438
20688,41440
20689,41445
20690,41446
20691,41449
20692,41451
20693,41453
20694,41457
20695,41460
20696,41461
20697,41462
20698,41463
20699,41464
20700,41465
20701,41467
20702,41469
20703,41470
20704,41471
20705,41473
20706,41474
20707,41476
20708,41477
20709,41479
20710,41480
20711,41481
20712,41483
20713,41486
20714,41487
20715,41490
20716,41491
20717,41492
20718,41494
20719,41499
20720,41502
20721,41503
20722,41504
20723,41505
20724,41506
20725,41507
20726,41508
20727,41509
20728,41512
20729,41513
20730,41515
20731,41517
20732,41522
20733,41524
20734,41527
20735,41530
20736,41531
20737,41532
20738,41533
20739,41534
20740,41535
20741,41536
20742,41538
20743,41540
20744,41544
20745,41547
20746,41548
20747,41549
20748,41554
20749,41555
20750,41559
20751,41560
20752,41562
20753,41571
20754,41574
20755,41575
20756,41576
20757,41582
20758,41583
20759,41584
20760,41585
20761,41586
20762,41587
20763,41590
20764,41591
20765,41595
20766,41596
20767,41599
20768,41601
20769,41605
20770,41610
20771,41612
20772,41613
20773,41614
20774,41615
20775,41621
20776,41629
20777,41630
20778,41632
20779,41634
20780,41635
20781,41636
20782,41637
20783,41638
20784,41639
20785,41640
20786,41642
20787,41644
20788,41645
20789,41646
20790,41647
20791,41648
20792,41650
20793,41651
20794,41654
20795,41656
20796,41657
20797,41658
20798,41662
20799,41664
20800,41665
20801,41666
20802,41667
20803,41669
20804,41675
20805,41678
20806,41679
20807,41682
20808,41684
20809,41685
20810,41686
20811,41687
20812,41688
20813,41689
20814,41690
20815,41691
20816,41701
20817,41702
20818,41704
20819,41705
20820,41708
20821,41717
20822,41718
20823,41721
20824,41722
20825,41723
20826,41725
20827,41726
20828,41727
20829,41728
20830,41730
20831,41732
20832,41733
20833,41736
20834,41741
20835,41742
20836,41743
20837,41744
20838,41745
20839,41747
20840,41748
20841,41750
20842,41753
20843,41757
20844,41763
20845,41765
20846,41766
20847,41768
20848,41769
20849,41770
20850,41771
20851,41772
20852,41773
20853,41776
20854,41777
20855,41779
20856,41780
20857,41781
20858,41782
20859,41783
20860,41786
20861,41787
20862,41789
20863,41791
20864,41793
20865,41796
20866,41799
20867,41802
20868,41805
20869,41807
20870,41809
20871,41810
20872,41811
20873,41812
20874,41813
20875,41817
20876,41819
20877,41821
20878,41823
20879,41824
20880,41825
20881,41828
20882,41829
20883,41832
20884,41834
20885,41835
20886,41836
20887,41838
20888,41840
20889,41841
20890,41842
20891,41843
20892,41845
20893,41850
20894,41851
20895,41854
20896,41855
20897,41856
20898,41858
20899,41859
20900,41863
20901,41865
20902,41866
20903,41868
20904,41869
20905,41870
20906,41872
20907,41874
20908,41875
20909,41876
20910,41878
20911,41880
20912,41882
20913,41885
20914,41886
20915,41887
20916,41888
20917,41890
20918,41893
20919,41894
20920,41896
20921,41897
20922,41899
20923,41902
20924,41904
20925,41906
20926,41909
20927,41910
20928,41912
20929,41914
20930,41915
20931,41916
20932,41917
20933,41922
20934,41924
20935,41925
20936,41926
20937,41928
20938,41929
20939,41930
20940,41931
20941,41933
20942,41934
20943,41935
20944,41938
20945,41941
20946,41942
20947,41944
20948,41948
20949,41950
20950,41951
20951,41952
20952,41953
20953,41955
20954,41959
20955,41960
20956,41962
20957,41963
20958,41964
20959,41965
20960,41966
20961,41968
20962,41970
20963,41977
20964,41980
20965,41981
20966,41989
20967,41990
20968,41995
20969,41996
20970,41999
20971,42003
20972,42004
20973,42008
20974,42011
20975,42012
20976,42013
20977,42015
20978,42016
20979,42017
20980,42018
20981,42020
20982,42021
20983,42023
20984,42026
20985,42028
20986,42029
20987,42034
20988,42035
20989,42039
20990,42040
20991,42041
20992,42043
20993,42044
20994,42045
20995,42046
20996,42047
20997,42049
20998,42051
20999,42052
21000,42054
21001,42055
21002,42056
21003,42057
21004,42059
21005,42064
21006,42065
21007,42067
21008,42068
21009,42069
21010,42076
21011,42078
21012,42081
21013,42082
21014,42084
21015,42089
21016,42090
21017,42091
21018,42092
21019,42093
21020,42095
21021,42097
21022,42100
21023,42101
21024,42107
21025,42108
21026,42112
21027,42117
21028,42119
21029,42123
21030,42124
21031,42125
21032,42127
21033,42130
21034,42132
21035,42133
21036,42135
21037,42136
21038,42139
21039,42140
21040,42141
21041,42145
21042,42149
21043,42153
21044,42154
21045,42155
21046,42156
21047,42157
21048,42160
21049,42163
21050,42167
21051,42168
21052,42169
21053,42170
21054,42172
21055,42173
21056,42175
21057,42176
21058,42178
21059,42181
21060,42183
21061,42185
21062,42187
21063,42188
21064,42189
21065,42191
21066,42192
21067,42193
21068,42195
21069,42197
21070,42200
21071,42202
21072,42203
21073,42204
21074,42205
21075,42206
21076,42207
21077,42208
21078,42209
21079,42213
21080,42214
21081,42215
21082,42216
21083,42218
21084,42220
21085,42221
21086,42223
21087,42224
21088,42226
21089,42229
21090,42230
21091,42231
21092,42234
21093,42236
21094,42237
21095,42238
21096,42240
21097,42241
21098,42243
21099,42246
21100,42252
21101,42253
21102,42257
21103,42260
21104,42261
21105,42262
21106,42265
21107,42269
21108,42270
21109,42272
21110,42279
21111,42281
21112,42282
21113,42285
21114,42286
21115,42288
21116,42290
21117,42292
21118,42294
21119,42296
21120,42297
21121,42298
21122,42299
21123,42300
21124,42301
21125,42303
21126,42304
21127,42305
21128,42310
21129,42311
21130,42313
21131,42314
21132,42315
21133,42317
21134,42318
21135,42320
21136,42324
21137,42326
21138,42327
21139,42329
21140,42330
21141,42331
21142,42332
21143,42334
21144,42335
21145,42339
21146,42340
21147,42341
21148,42342
21149,42343
21150,42344
21151,42347
21152,42349
21153,42350
21154,42351
21155,42353
21156,42354
21157,42355
21158,42358
21159,42359
21160,42360
21161,42361
21162,42363
21163,42364
21164,42365
21165,42366
21166,42367
21167,42368
21168,42370
21169,42372
21170,42374
21171,42376
21172,42378
21173,42379
21174,42380
21175,42382
21176,42386
21177,42387
21178,42389
21179,42397
21180,42402
21181,42403
21182,42404
21183,42407
21184,42408
21185,42410
21186,42412
21187,42413
21188,42417
21189,42418
21190,42419
21191,42423
21192,42424
21193,42425
21194,42427
21195,42428
21196,42432
21197,42434
21198,42435
21199,42437
21200,42439
21201,42443
21202,42444
21203,42445
21204,42447
21205,42449
21206,42450
21207,42453
21208,42454
21209,42456
21210,42457
21211,42461
21212,42462
21213,42465
21214,42469
21215,42470
21216,42471
21217,42483
21218,42487
21219,42488
21220,42489
21221,42490
21222,42492
21223,42493
21224,42494
21225,42498
21226,42500
21227,42502
21228,42503
21229,42506
21230,42508
21231,42509
21232,42510
21233,42512
21234,42513
21235,42515
21236,42522
21237,42523
21238,42524
21239,42526
21240,42527
21241,42530
21242,42532
21243,42533
21244,42535
21245,42537
21246,42538
21247,42540
21248,42541
21249,42544
21250,42546
21251,42547
21252,42551
21253,42552
21254,42559
21255,42561
21256,42562
21257,42563
21258,42566
21259,42572
21260,42574
21261,42577
21262,42578
21263,42580
21264,42583
21265,42584
21266,42585
21267,42586
21268,42587
21269,42588
21270,42591
21271,42595
21272,42597
21273,42599
21274,42600
21275,42601
21276,42605
21277,42615
21278,42616
21279,42617
21280,42618
21281,42619
21282,42620
21283,42622
21284,42626
21285,42627
21286,42628
21287,42629
21288,42631
21289,42632
21290,42639
21291,42640
21292,42643
21293,42644
21294,42646
21295,42648
21296,42651
21297,42653
21298,42661
21299,42663
21300,42666
21301,42667
21302,42668
21303,42671
21304,42680
21305,42681
21306,42682
21307,42683
21308,42684
21309,42685
21310,42687
21311,42689
21312,42694
21313,42695
21314,42696
21315,42697
21316,42698
21317,42699
21318,42700
21319,42702
21320,42704
21321,42705
21322,42706
21323,42707
21324,42708
21325,42709
21326,42710
21327,42713
21328,42716
21329,42717
21330,42718
21331,42719
21332,42722
21333,42725
21334,42726
21335,42728
21336,42732
21337,42736
21338,42740
21339,42742
21340,42744
21341,42745
21342,42748
21343,42749
21344,42751
21345,42752
21346,42753
21347,42757
21348,42761
21349,42764
21350,42767
21351,42768
21352,42771
21353,42773
21354,42776
21355,42777
21356,42778
21357,42780
21358,42782
21359,42783
21360,42784
21361,42785
21362,42791
21363,42794
21364,42796
21365,42797
21366,42798
21367,42799
21368,42800
21369,42803
21370,42806
21371,42807
21372,42808
21373,42809
21374,42812
21375,42813
21376,42817
21377,42818
21378,42820
21379,42821
21380,42822
21381,42824
21382,42825
21383,42826
21384,42829
21385,42830
21386,42836
21387,42837
21388,42838
21389,42839
21390,42840
21391,42841
21392,42842
21393,42844
21394,42847
21395,42848
21396,42850
21397,42851
21398,42852
21399,42853
21400,42855
21401,42858
21402,42859
21403,42861
21404,42863
21405,42865
21406,42867
21407,42868
21408,42870
21409,42872
21410,42881
21411,42882
21412,42886
21413,42888
21414,42890
21415,42892
21416,42893
21417,42894
21418,42896
21419,42897
21420,42898
21421,42900
21422,42904
21423,42905
21424,42907
21425,42909
21426,42910
21427,42914
21428,42915
21429,42916
21430,42919
21431,42922
21432,42923
21433,42924
21434,42925
21435,42927
21436,42932
21437,42933
21438,42934
21439,42937
21440,42939
21441,42941
21442,42942
21443,42944
21444,42946
21445,42947
21446,42951
21447,42953
21448,42955
21449,42956
21450,42958
21451,42962
21452,42963
21453,42964
21454,42965
21455,42969
21456,42970
21457,42974
21458,42975
21459,42982
21460,42984
21461,42985
21462,42988
21463,42989
21464,42990
21465,42992
21466,42994
21467,42995
21468,42997
21469,42998
21470,42999
21471,43001
21472,43005
21473,43006
21474,43008
21475,43010
21476,43011
21477,43013
21478,43015
21479,43018
21480,43019
21481,43021
21482,43022
21483,43028
21484,43029
21485,43032
21486,43036
21487,43038
21488,43039
21489,43042
21490,43043
21491,43047
21492,43048
21493,43049
21494,43050
21495,43055
21496,43056
21497,43058
21498,43060
21499,43061
21500,43062
21501,43063
21502,43066
21503,43067
21504,43069
21505,43074
21506,43079
21507,43082
21508,43084
21509,43085
21510,43086
21511,43087
21512,43089
21513,43092
21514,43093
21515,43096
21516,43099
21517,43100
21518,43101
21519,43102
21520,43103
21521,43104
21522,43106
21523,43109
21524,43111
21525,43112
21526,43115
21527,43116
21528,43120
21529,43121
21530,43123
21531,43124
21532,43125
21533,43126
21534,43127
21535,43128
21536,43129
21537,43130
21538,43132
21539,43134
21540,43135
21541,43139
21542,43143
21543,43146
21544,43148
21545,43149
21546,43150
21547,43154
21548,43155
21549,43156
21550,43159
21551,43162
21552,43167
21553,43168
21554,43170
21555,43171
21556,43173
21557,43174
21558,43176
21559,43178
21560,43182
21561,43183
21562,43186
21563,43188
21564,43189
21565,43192
21566,43194
21567,43196
21568,43199
21569,43200
21570,43201
21571,43202
21572,43205
21573,43206
21574,43209
21575,43211
21576,43215
21577,43216
21578,43218
21579,43221
21580,43227
21581,43228
21582,43229
21583,43230
21584,43236
21585,43237
21586,43239
21587,43241
21588,43242
21589,43243
21590,43244
21591,43248
21592,43250
21593,43251
21594,43253
21595,43258
21596,43259
21597,43260
21598,43262
21599,43269
21600,43271
21601,43275
21602,43277
21603,43279
21604,43281
21605,43282
21606,43283
21607,43284
21608,43286
21609,43287
21610,43288
21611,43293
21612,43295
21613,43297
21614,43301
21615,43302
21616,43305
21617,43306
21618,43307
21619,43308
21620,43309
21621,43310
21622,43313
21623,43314
21624,43315
21625,43316
21626,43317
21627,43320
21628,43322
21629,43323
21630,43325
21631,43326
21632,43330
21633,43332
21634,43333
21635,43334
21636,43336
21637,43337
21638,43338
21639,43340
21640,43341
21641,43343
21642,43344
21643,43346
21644,43349
21645,43350
21646,43354
21647,43358
21648,43360
21649,43361
21650,43362
21651,43363
21652,43364
21653,43365
21654,43367
21655,43369
21656,43370
21657,43373
21658,43374
21659,43376
21660,43377
21661,43378
21662,43382
21663,43384
21664,43385
21665,43386
21666,43387
21667,43395
21668,43396
21669,43398
21670,43400
21671,43401
21672,43403
21673,43404
21674,43405
21675,43407
21676,43408
21677,43409
21678,43411
21679,43412
21680,43415
21681,43416
21682,43419
21683,43420
21684,43422
21685,43423
21686,43431
21687,43432
21688,43435
21689,43436
21690,43440
21691,43442
21692,43443
21693,43444
21694,43445
21695,43446
21696,43447
21697,43448
21698,43451
21699,43453
21700,43454
21701,43456
21702,43457
21703,43458
21704,43461
21705,43463
21706,43465
21707,43467
21708,43468
21709,43470
21710,43472
21711,43473
21712,43474
21713,43476
21714,43479
21715,43480
21716,43483
21717,43485
21718,43486
21719,43490
21720,43491
21721,43493
21722,43495
21723,43498
21724,43500
21725,43501
21726,43502
21727,43506
21728,43513
21729,43517
21730,43519
21731,43520
21732,43521
21733,43523
21734,43525
21735,43528
21736,43530
21737,43531
21738,43534
21739,43535
21740,43536
21741,43537
21742,43538
21743,43540
21744,43542
21745,43544
21746,43550
21747,43551
21748,43555
21749,43556
21750,43557
21751,43563
21752,43564
21753,43565
21754,43566
21755,43568
21756,43569
21757,43570
21758,43572
21759,43578
21760,43580
21761,43581
21762,43582
21763,43585
21764,43586
21765,43587
21766,43591
21767,43592
21768,43593
21769,43595
21770,43596
21771,43597
21772,43598
21773,43599
21774,43600
21775,43601
21776,43602
21777,43604
21778,43607
21779,43612
21780,43615
21781,43618
21782,43619
21783,43620
21784,43621
21785,43624
21786,43625
21787,43626
21788,43630
21789,43631
21790,43632
21791,43633
21792,43634
21793,43637
21794,43641
21795,43642
21796,43643
21797,43650
21798,43651
21799,43652
21800,43653
21801,43655
21802,43657
21803,43658
21804,43659
21805,43660
21806,43663
21807,43666
21808,43667
21809,43668
21810,43669
21811,43674
21812,43676
21813,43677
21814,43679
21815,43683
21816,43684
21817,43688
21818,43689
21819,43690
21820,43693
21821,43694
21822,43700
21823,43701
21824,43702
21825,43705
21826,43709
21827,43711
21828,43712
21829,43714
21830,43717
21831,43718
21832,43721
21833,43722
21834,43723
21835,43724
21836,43725
21837,43726
21838,43727
21839,43728
21840,43729
21841,43732
21842,43733
21843,43736
21844,43738
21845,43740
21846,43741
21847,43744
21848,43748
21849,43749
21850,43751
21851,43754
21852,43756
21853,43761
21854,43762
21855,43763
21856,43766
21857,43767
21858,43768
21859,43769
21860,43770
21861,43772
21862,43779
21863,43781
21864,43782
21865,43783
21866,43785
21867,43786
21868,43790
21869,43791
21870,43796
21871,43798
21872,43799
21873,43800
21874,43802
21875,43804
21876,43806
21877,43807
21878,43808
21879,43809
21880,43810
21881,43812
21882,43813
21883,43814
21884,43815
21885,43816
21886,43817
21887,43818
21888,43821
21889,43824
21890,43827
21891,43829
21892,43830
21893,43831
21894,43834
21895,43835
21896,43836
21897,43837
21898,43838
21899,43839
21900,43840
21901,43841
21902,43842
21903,43843
21904,43844
21905,43845
21906,43847
21907,43850
21908,43851
21909,43852
21910,43857
21911,43863
21912,43868
21913,43870
21914,43871
21915,43873
21916,43876
21917,43878
21918,43879
21919,43880
21920,43882
21921,43884
21922,43888
21923,43889
21924,43891
21925,43892
21926,43893
21927,43894
21928,43896
21929,43905
21930,43906
21931,43909
21932,43910
21933,43911
21934,43915
21935,43916
21936,43917
21937,43918
21938,43922
21939,43923
21940,43924
21941,43931
21942,43932
21943,43933
21944,43934
21945,43939
21946,43943
21947,43944
21948,43945
21949,43946
21950,43950
21951,43951
21952,43954
21953,43957
21954,43958
21955,43962
21956,43966
21957,43967
21958,43968
21959,43970
21960,43973
21961,43974
21962,43979
21963,43980
21964,43981
21965,43983
21966,43984
21967,43985
21968,43987
21969,43988
21970,43989
21971,43991
21972,43992
21973,43996
21974,43999
21975,44004
21976,44006
21977,44008
21978,44009
21979,44013
21980,44014
21981,44018
21982,44019
21983,44020
21984,44026
21985,44027
21986,44030
21987,44031
21988,44033
21989,44034
21990,44035
21991,44036
21992,44037
21993,44042
21994,44043
21995,44044
21996,44047
21997,44052
21998,44053
21999,44055
22000,44056
22001,44060
22002,44062
22003,44064
22004,44065
22005,44067
22006,44069
22007,44073
22008,44078
22009,44079
22010,44080
22011,44084
22012,44085
22013,44088
22014,44091
22015,44095
22016,44096
22017,44098
22018,44103
22019,44104
22020,44106
22021,44109
22022,44110
22023,44111
22024,44112
22025,44114
22026,44115
22027,44116
22028,44117
22029,44121
22030,44123
22031,44125
22032,44126
22033,44127
22034,44129
22035,44132
22036,44133
22037,44141
22038,44142
22039,44148
22040,44150
22041,44154
22042,44155
22043,44156
22044,44159
22045,44160
22046,44161
22047,44165
22048,44168
22049,44170
22050,44172
22051,44173
22052,44174
22053,44177
22054,44179
22055,44180
22056,44181
22057,44182
22058,44185
22059,44189
22060,44191
22061,44192
22062,44194
22063,44196
22064,44197
22065,44199
22066,44201
22067,44202
22068,44205
22069,44206
22070,44210
22071,44211
22072,44212
22073,44213
22074,44214
22075,44215
22076,44217
22077,44219
22078,44225
22079,44229
22080,44232
22081,44236
22082,44237
22083,44238
22084,44240
22085,44242
22086,44243
22087,44244
22088,44246
22089,44247
22090,44248
22091,44249
22092,44250
22093,44252
22094,44254
22095,44255
22096,44258
22097,44259
22098,44260
22099,44263
22100,44264
22101,44266
22102,44267
22103,44268
22104,44270
22105,44271
22106,44272
22107,44273
22108,44277
22109,44279
22110,44280
22111,44281
22112,44284
22113,44285
22114,44287
22115,44290
22116,44293
22117,44294
22118,44297
22119,44298
22120,44299
22121,44301
22122,44302
22123,44306
22124,44308
22125,44310
22126,44312
22127,44314
22128,44317
22129,44319
22130,44320
22131,44321
22132,44322
22133,44323
22134,44324
22135,44326
22136,44328
22137,44330
22138,44331
22139,44333
22140,44338
22141,44339
22142,44342
22143,44343
22144,44348
22145,44349
22146,44351
22147,44353
22148,44355
22149,44356
22150,44357
22151,44359
22152,44363
22153,44365
22154,44366
22155,44369
22156,44373
22157,44374
22158,44375
22159,44376
22160,44377
22161,44378
22162,44379
22163,44380
22164,44381
22165,44382
22166,44384
22167,44387
22168,44389
22169,44391
22170,44392
22171,44393
22172,44395
22173,44396
22174,44398
22175,44401
22176,44403
22177,44404
22178,44405
22179,44406
22180,44407
22181,44408
22182,44409
22183,44411
22184,44412
22185,44414
22186,44416
22187,44417
22188,44418
22189,44419
22190,44421
22191,44423
22192,44424
22193,44426
22194,44427
22195,44430
22196,44432
22197,44433
22198,44434
22199,44435
22200,44436
22201,44441
22202,44442
22203,44447
22204,44451
22205,44452
22206,44454
22207,44455
22208,44459
22209,44462
22210,44463
22211,44464
22212,44467
22213,44468
22214,44473
22215,44476
22216,44479
22217,44480
22218,44481
22219,44482
22220,44484
22221,44485
22222,44487
22223,44489
22224,44490
22225,44491
22226,44492
22227,44494
22228,44495
22229,44497
22230,44500
22231,44504
22232,44505
22233,44506
22234,44512
22235,44515
22236,44521
22237,44524
22238,44525
22239,44527
22240,44528
22241,44529
22242,44531
22243,44533
22244,44536
22245,44541
22246,44544
22247,44546
22248,44547
22249,44548
22250,44551
22251,44552
22252,44554
22253,44556
22254,44563
22255,44565
22256,44567
22257,44569
22258,44576
22259,44580
22260,44581
22261,44582
22262,44583
22263,44584
22264,44588
22265,44589
22266,44590
22267,44591
22268,44595
22269,44596
22270,44599
22271,44601
22272,44603
22273,44609
22274,44612
22275,44614
22276,44615
22277,44616
22278,44618
22279,44619
22280,44622
22281,44623
22282,44625
22283,44629
22284,44632
22285,44633
22286,44634
22287,44635
22288,44636
22289,44638
22290,44640
22291,44641
22292,44643
22293,44645
22294,44650
22295,44651
22296,44652
22297,44654
22298,44656
22299,44657
22300,44663
22301,44664
22302,44666
22303,44671
22304,44672
22305,44675
22306,44676
22307,44678
22308,44681
22309,44682
22310,44689
22311,44693
22312,44694
22313,44695
22314,44696
22315,44697
22316,44698
22317,44702
22318,44703
22319,44704
22320,44705
22321,44707
22322,44710
22323,44711
22324,44714
22325,44717
22326,44719
22327,44720
22328,44725
22329,44726
22330,44728
22331,44729
22332,44730
22333,44731
22334,44732
22335,44734
22336,44735
22337,44736
22338,44737
22339,44738
22340,44740
22341,44744
22342,44748
22343,44749
22344,44753
22345,44756
22346,44760
22347,44764
22348,44767
22349,44768
22350,44769
22351,44772
22352,44775
22353,44777
22354,44778
22355,44781
22356,44782
22357,44783
22358,44784
22359,44785
22360,44787
22361,44789
22362,44791
22363,44792
22364,44795
22365,44799
22366,44800
22367,44801
22368,44806
22369,44809
22370,44811
22371,44812
22372,44817
22373,44818
22374,44820
22375,44824
22376,44825
22377,44826
22378,44827
22379,44829
22380,44830
22381,44832
22382,44833
22383,44837
22384,44840
22385,44842
22386,44846
22387,44847
22388,44848
22389,44849
22390,44851
22391,44852
22392,44853
22393,44857
22394,44859
22395,44860
22396,44861
22397,44862
22398,44863
22399,44864
22400,44866
22401,44869
22402,44870
22403,44873
22404,44875
22405,44876
22406,44881
22407,44884
22408,44887
22409,44889
22410,44890
22411,44892
22412,44895
22413,44896
22414,44898
22415,44902
22416,44903
22417,44904
22418,44906
22419,44907
22420,44910
22421,44914
22422,44915
22423,44916
22424,44917
22425,44919
22426,44923
22427,44926
22428,44931
22429,44932
22430,44933
22431,44934
22432,44935
22433,44938
22434,44940
22435,44942
22436,44943
22437,44944
22438,44945
22439,44949
22440,44951
22441,44952
22442,44954
22443,44955
22444,44957
22445,44960
22446,44964
22447,44965
22448,44966
22449,44968
22450,44969
22451,44972
22452,44973
22453,44975
22454,44976
22455,44977
22456,44979
22457,44982
22458,44985
22459,44986
22460,44988
22461,44991
22462,44993
22463,44996
22464,44997
22465,44998
22466,44999
22467,45000
22468,45001
22469,45002
22470,45003
22471,45005
22472,45006
22473,45007
22474,45008
22475,45010
22476,45011
22477,45014
22478,45015
22479,45017
22480,45023
22481,45025
22482,45026
22483,45027
22484,45028
22485,45034
22486,45035
22487,45036
22488,45037
22489,45038
22490,45043
22491,45044
22492,45046
22493,45049
22494,45050
22495,45051
22496,45052
22497,45056
22498,45057
22499,45059
22500,45063
22501,45066
22502,45067
22503,45068
22504,45072
22505,45073
22506,45074
22507,45075
22508,45078
22509,45084
22510,45086
22511,45087
22512,45090
22513,45091
22514,45092
22515,45093
22516,45095
22517,45100
22518,45102
22519,45105
22520,45108
22521,45109
22522,45110
22523,45113
22524,45116
22525,45118
22526,45119
22527,45120
22528,45122
22529,45124
22530,45129
22531,45130
22532,45131
22533,45136
22534,45137
22535,45140
22536,45141
22537,45142
22538,45143
22539,45144
22540,45145
22541,45146
22542,45147
22543,45148
22544,45150
22545,45153
22546,45158
22547,45159
22548,45160
22549,45161
22550,45163
22551,45164
22552,45166
22553,45168
22554,45170
22555,45171
22556,45172
22557,45175
22558,45176
22559,45177
22560,45178
22561,45180
22562,45181
22563,45182
22564,45184
22565,45186
22566,45188
22567,45190
22568,45191
22569,45192
22570,45193
22571,45194
22572,45197
22573,45199
22574,45200
22575,45201
22576,45203
22577,45204
22578,45205
22579,45206
22580,45208
22581,45209
22582,45212
22583,45213
22584,45218
22585,45222
22586,45223
22587,45227
22588,45230
22589,45233
22590,45234
22591,45236
22592,45237
22593,45241
22594,45243
22595,45245
22596,45248
22597,45249
22598,45250
22599,45252
22600,45253
22601,45254
22602,45255
22603,45256
22604,45257
22605,45259
22606,45266
22607,45267
22608,45269
22609,45272
22610,45273
22611,45274
22612,45275
22613,45276
22614,45277
22615,45279
22616,45281
22617,45282
22618,45283
22619,45285
22620,45291
22621,45292
22622,45295
22623,45296
22624,45297
22625,45298
22626,45302
22627,45303
22628,45305
22629,45307
22630,45308
22631,45309
22632,45310
22633,45311
22634,45314
22635,45315
22636,45317
22637,45318
22638,45319
22639,45320
22640,45321
22641,45322
22642,45323
22643,45327
22644,45329
22645,45330
22646,45331
22647,45332
22648,45333
22649,45334
22650,45336
22651,45338
22652,45339
22653,45340
22654,45341
22655,45342
22656,45343
22657,45345
22658,45346
22659,45351
22660,45353
22661,45354
22662,45357
22663,45358
22664,45360
22665,45361
22666,45362
22667,45363
22668,45364
22669,45367
22670,45368
22671,45369
22672,45370
22673,45371
22674,45372
22675,45373
22676,45375
22677,45376
22678,45379
22679,45380
22680,45381
22681,45382
22682,45383
22683,45384
22684,45386
22685,45387
22686,45388
22687,45391
22688,45394
22689,45396
22690,45398
22691,45399
22692,45400
22693,45401
22694,45402
22695,45403
22696,45404
22697,45406
22698,45407
22699,45411
22700,45413
22701,45414
22702,45418
22703,45419
22704,45420
22705,45423
22706,45426
22707,45427
22708,45428
22709,45432
22710,45433
22711,45436
22712,45441
22713,45442
22714,45444
22715,45446
22716,45447
22717,45450
22718,45451
22719,45452
22720,45453
22721,45454
22722,45455
22723,45456
22724,45457
22725,45459
22726,45461
22727,45463
22728,45467
22729,45468
22730,45469
22731,45471
22732,45472
22733,45473
22734,45474
22735,45476
22736,45477
22737,45479
22738,45480
22739,45483
22740,45485
22741,45489
22742,45494
22743,45495
22744,45496
22745,45498
22746,45499
22747,45501
22748,45502
22749,45504
22750,45508
22751,45509
22752,45511
22753,45513
22754,45516
22755,45517
22756,45520
22757,45521
22758,45522
22759,45524
22760,45525
22761,45526
22762,45528
22763,45533
22764,45534
22765,45537
22766,45538
22767,45540
22768,45546
22769,45548
22770,45551
22771,45555
22772,45562
22773,45563
22774,45567
22775,45568
22776,45569
22777,45570
22778,45571
22779,45574
22780,45576
22781,45582
22782,45584
22783,45586
22784,45587
22785,45589
22786,45591
22787,45592
22788,45593
22789,45597
22790,45598
22791,45599
22792,45600
22793,45603
22794,45604
22795,45606
22796,45608
22797,45610
22798,45611
22799,45612
22800,45616
22801,45617
22802,45621
22803,45622
22804,45624
22805,45625
22806,45626
22807,45628
22808,45630
22809,45633
22810,45634
22811,45635
22812,45638
22813,45641
22814,45642
22815,45649
22816,45652
22817,45653
22818,45658
22819,45659
22820,45660
22821,45662
22822,45663
22823,45664
22824,45668
22825,45669
22826,45670
22827,45672
22828,45677
22829,45678
22830,45679
22831,45680
22832,45681
22833,45682
22834,45683
22835,45684
22836,45685
22837,45689
22838,45691
22839,45696
22840,45697
22841,45698
22842,45699
22843,45700
22844,45704
22845,45706
22846,45707
22847,45708
22848,45710
22849,45711
22850,45712
22851,45713
22852,45714
22853,45717
22854,45720
22855,45724
22856,45727
22857,45728
22858,45729
22859,45730
22860,45734
22861,45737
22862,45738
22863,45739
22864,45740
22865,45741
22866,45742
22867,45745
22868,45748
22869,45750
22870,45751
22871,45752
22872,45753
22873,45754
22874,45755
22875,45757
22876,45758
22877,45759
22878,45760
22879,45761
22880,45763
22881,45767
22882,45768
22883,45773
22884,45775
22885,45778
22886,45779
22887,45780
22888,45781
22889,45784
22890,45789
22891,45791
22892,45792
22893,45793
22894,45794
22895,45795
22896,45796
22897,45797
22898,45799
22899,45800
22900,45801
22901,45803
22902,45804
22903,45805
22904,45806
22905,45808
22906,45809
22907,45812
22908,45814
22909,45815
22910,45816
22911,45817
22912,45818
22913,45819
22914,45820
22915,45821
22916,45822
22917,45825
22918,45826
22919,45828
22920,45831
22921,45832
22922,45834
22923,45835
22924,45837
22925,45838
22926,45841
22927,45847
22928,45848
22929,45849
22930,45851
22931,45852
22932,45854
22933,45855
22934,45856
22935,45858
22936,45859
22937,45860
22938,45862
22939,45866
22940,45868
22941,45873
22942,45876
22943,45877
22944,45878
22945,45879
22946,45880
22947,45883
22948,45886
22949,45889
22950,45891
22951,45892
22952,45896
22953,45901
22954,45902
22955,45906
22956,45907
22957,45908
22958,45916
22959,45918
22960,45919
22961,45920
22962,45921
22963,45925
22964,45927
22965,45928
22966,45931
22967,45941
22968,45942
22969,45944
22970,45945
22971,45947
22972,45948
22973,45949
22974,45950
22975,45952
22976,45956
22977,45958
22978,45959
22979,45962
22980,45963
22981,45966
22982,45968
22983,45971
22984,45972
22985,45973
22986,45974
22987,45976
22988,45977
22989,45979
22990,45981
22991,45985
22992,45986
22993,45987
22994,45988
22995,45989
22996,45990
22997,45991
22998,45993
22999,45995
23000,45996
23001,45997
23002,45998
23003,45999
23004,46000
23005,46004
23006,46005
23007,46007
23008,46008
23009,46009
23010,46012
23011,46013
23012,46016
23013,46017
23014,46020
23015,46021
23016,46022
23017,46023
23018,46026
23019,46027
23020,46028
23021,46030
23022,46037
23023,46038
23024,46041
23025,46044
23026,46045
23027,46048
23028,46049
23029,46050
23030,46051
23031,46053
23032,46054
23033,46055
23034,46056
23035,46059
23036,46062
23037,46065
23038,46066
23039,46067
23040,46069
23041,46070
23042,46071
23043,46072
23044,46073
23045,46075
23046,46076
23047,46077
23048,46080
23049,46081
23050,46082
23051,46087
23052,46090
23053,46091
23054,46094
23055,46095
23056,46096
23057,46097
23058,46098
23059,46099
23060,46101
23061,46103
23062,46107
23063,46108
23064,46109
23065,46111
23066,46113
23067,46114
23068,46116
23069,46117
23070,46120
23071,46123
23072,46125
23073,46128
23074,46131
23075,46132
23076,46133
23077,46136
23078,46138
23079,46139
23080,46140
23081,46141
23082,46144
23083,46148
23084,46149
23085,46150
23086,46152
23087,46153
23088,46156
23089,46157
23090,46160
23091,46161
23092,46162
23093,46164
23094,46165
23095,46166
23096,46170
23097,46171
23098,46172
23099,46173
23100,46174
23101,46178
23102,46179
23103,46180
23104,46181
23105,46184
23106,46188
23107,46190
23108,46191
23109,46193
23110,46194
23111,46197
23112,46200
23113,46202
23114,46203
23115,46204
23116,46205
23117,46206
23118,46210
23119,46215
23120,46221
23121,46223
23122,46224
23123,46225
23124,46227
23125,46228
23126,46230
23127,46232
23128,46233
23129,46236
23130,46239
23131,46240
23132,46243
23133,46245
23134,46251
23135,46254
23136,46255
23137,46256
23138,46257
23139,46258
23140,46259
23141,46260
23142,46261
23143,46266
23144,46267
23145,46269
23146,46270
23147,46272
23148,46274
23149,46276
23150,46278
23151,46281
23152,46284
23153,46285
23154,46286
23155,46290
23156,46293
23157,46294
23158,46295
23159,46296
23160,46297
23161,46300
23162,46302
23163,46305
23164,46306
23165,46308
23166,46310
23167,46312
23168,46314
23169,46315
23170,46316
23171,46318
23172,46322
23173,46323
23174,46324
23175,46326
23176,46328
23177,46329
23178,46337
23179,46338
23180,46339
23181,46340
23182,46342
23183,46343
23184,46344
23185,46345
23186,46346
23187,46347
23188,46348
23189,46350
23190,46355
23191,46358
23192,46361
23193,46362
23194,46363
23195,46365
23196,46368
23197,46370
23198,46371
23199,46372
23200,46375
23201,46377
23202,46379
23203,46380
23204,46382
23205,46384
23206,46386
23207,46387
23208,46389
23209,46390
23210,46391
23211,46392
23212,46396
23213,46397
23214,46399
23215,46401
23216,46404
23217,46405
23218,46407
23219,46408
23220,46409
23221,46411
23222,46412
23223,46420
23224,46422
23225,46424
23226,46425
23227,46432
23228,46434
23229,46436
23230,46437
23231,46440
23232,46441
23233,46446
23234,46449
23235,46450
23236,46453
23237,46457
23238,46459
23239,46461
23240,46463
23241,46464
23242,46465
23243,46467
23244,46468
23245,46470
23246,46471
23247,46475
23248,46476
23249,46479
23250,46480
23251,46481
23252,46486
23253,46490
23254,46491
23255,46493
23256,46494
23257,46496
23258,46497
23259,46498
23260,46500
23261,46503
23262,46504
23263,46505
23264,46507
23265,46510
23266,46511
23267,46515
23268,46518
23269,46519
23270,46522
23271,46523
23272,46529
23273,46535
23274,46536
23275,46537
23276,46540
23277,46542
23278,46544
23279,46546
23280,46549
23281,46550
23282,46551
23283,46552
23284,46554
23285,46557
23286,46560
23287,46564
23288,46566
23289,46568
23290,46570
23291,46572
23292,46573
23293,46574
23294,46576
23295,46577
23296,46578
23297,46579
23298,46581
23299,46582
23300,46583
23301,46584
23302,46585
23303,46587
23304,46591
23305,46595
23306,46597
23307,46601
23308,46604
23309,46608
23310,46610
23311,46611
23312,46615
23313,46616
23314,46620
23315,46621
23316,46623
23317,46625
23318,46626
23319,46627
23320,46629
23321,46634
23322,46635
23323,46636
23324,46637
23325,46638
23326,46640
23327,46642
23328,46643
23329,46645
23330,46646
23331,46647
23332,46648
23333,46651
23334,46654
23335,46656
23336,46657
23337,46658
23338,46659
23339,46660
23340,46662
23341,46666
23342,46667
23343,46674
23344,46680
23345,46682
23346,46684
23347,46685
23348,46688
23349,46689
23350,46693
23351,46694
23352,46695
23353,46696
23354,46702
23355,46706
23356,46709
23357,46712
23358,46718
23359,46722
23360,46724
23361,46727
23362,46728
23363,46733
23364,46736
23365,46739
23366,46742
23367,46743
23368,46744
23369,46746
23370,46747
23371,46748
23372,46749
23373,46751
23374,46752
23375,46753
23376,46754
23377,46755
23378,46756
23379,46757
23380,46759
23381,46763
23382,46764
23383,46765
23384,46766
23385,46768
23386,46770
23387,46771
23388,46772
23389,46774
23390,46776
23391,46778
23392,46781
23393,46785
23394,46788
23395,46789
23396,46790
23397,46791
23398,46792
23399,46793
23400,46797
23401,46799
23402,46800
23403,46801
23404,46802
23405,46804
23406,46807
23407,46809
23408,46811
23409,46813
23410,46817
23411,46828
23412,46829
23413,46830
23414,46833
23415,46834
23416,46841
23417,46847
23418,46850
23419,46851
23420,46852
23421,46853
23422,46855
23423,46858
23424,46860
23425,46861
23426,46864
23427,46868
23428,46871
23429,46873
23430,46874
23431,46875
23432,46876
23433,46877
23434,46878
23435,46879
23436,46880
23437,46881
23438,46882
23439,46884
23440,46885
23441,46886
23442,46890
23443,46892
23444,46893
23445,46894
23446,46895
23447,46896
23448,46897
23449,46898
23450,46903
23451,46905
23452,46906
23453,46909
23454,46910
23455,46911
23456,46915
23457,46917
23458,46920
23459,46921
23460,46922
23461,46923
23462,46925
23463,46927
23464,46929
23465,46932
23466,46936
23467,46937
23468,46938
23469,46939
23470,46943
23471,46944
23472,46947
23473,46948
23474,46949
23475,46950
23476,46951
23477,46953
23478,46954
23479,46955
23480,46957
23481,46959
23482,46962
23483,46963
23484,46964
23485,46966
23486,46969
23487,46970
23488,46971
23489,46972
23490,46973
23491,46974
23492,46975
23493,46978
23494,46981
23495,46983
23496,46984
23497,46985
23498,46986
23499,46991
23500,46997
23501,46998
23502,47000
23503,47001
23504,47002
23505,47003
23506,47007
23507,47009
23508,47010
23509,47011
23510,47013
23511,47014
23512,47015
23513,47018
23514,47020
23515,47022
23516,47026
23517,47027
23518,47028
23519,47032
23520,47034
23521,47037
23522,47038
23523,47042
23524,47044
23525,47045
23526,47046
23527,47047
23528,47048
23529,47049
23530,47053
23531,47057
23532,47058
23533,47059
23534,47060
23535,47062
23536,47063
23537,47064
23538,47065
23539,47069
23540,47071
23541,47075
23542,47079
23543,47082
23544,47084
23545,47085
23546,47086
23547,47087
23548,47092
23549,47095
23550,47097
23551,47098
23552,47100
23553,47101
23554,47103
23555,47105
23556,47107
23557,47108
23558,47109
23559,47110
23560,47111
23561,47112
23562,47114
23563,47115
23564,47116
23565,47118
23566,47121
23567,47126
23568,47127
23569,47128
23570,47130
23571,47133
23572,47136
23573,47138
23574,47139
23575,47141
23576,47149
23577,47150
23578,47151
23579,47152
23580,47153
23581,47157
23582,47160
23583,47162
23584,47163
23585,47164
23586,47165
23587,47169
23588,47170
23589,47172
23590,47176
23591,47177
23592,47178
23593,47179
23594,47183
23595,47184
23596,47187
23597,47193
23598,47194
23599,47197
23600,47198
23601,47199
23602,47201
23603,47202
23604,47203
23605,47204
23606,47205
23607,47208
23608,47211
23609,47215
23610,47219
23611,47223
23612,47228
23613,47230
23614,47231
23615,47238
23616,47242
23617,47243
23618,47246
23619,47252
23620,47254
23621,47257
23622,47260
23623,47261
23624,47266
23625,47269
23626,47272
23627,47275
23628,47276
23629,47279
23630,47281
23631,47282
23632,47283
23633,47286
23634,47288
23635,47289
23636,47290
23637,47293
23638,47296
23639,47297
23640,47300
23641,47302
23642,47305
23643,47306
23644,47307
23645,47308
23646,47309
23647,47315
23648,47319
23649,47321
23650,47325
23651,47326
23652,47327
23653,47328
23654,47329
23655,47330
23656,47332
23657,47339
23658,47340
23659,47343
23660,47347
23661,47353
23662,47355
23663,47357
23664,47358
23665,47361
23666,47367
23667,47368
23668,47372
23669,47373
23670,47375
23671,47376
23672,47378
23673,47381
23674,47383
23675,47384
23676,47387
23677,47389
23678,47390
23679,47393
23680,47395
23681,47396
23682,47397
23683,47398
23684,47400
23685,47401
23686,47402
23687,47403
23688,47405
23689,47406
23690,47407
23691,47408
23692,47409
23693,47414
23694,47417
23695,47421
23696,47425
23697,47427
23698,47428
23699,47429
23700,47430
23701,47433
23702,47435
23703,47436
23704,47440
23705,47442
23706,47443
23707,47446
23708,47447
23709,47448
23710,47449
23711,47450
23712,47451
23713,47452
23714,47453
23715,47454
23716,47457
23717,47459
23718,47460
23719,47461
23720,47462
23721,47464
23722,47465
23723,47466
23724,47467
23725,47468
23726,47469
23727,47471
23728,47472
23729,47473
23730,47476
23731,47478
23732,47481
23733,47482
23734,47485
23735,47486
23736,47488
23737,47490
23738,47497
23739,47501
23740,47502
23741,47504
23742,47505
23743,47506
23744,47510
23745,47512
23746,47514
23747,47515
23748,47518
23749,47523
23750,47526
23751,47530
23752,47531
23753,47533
23754,47536
23755,47537
23756,47538
23757,47539
23758,47541
23759,47542
23760,47546
23761,47547
23762,47549
23763,47550
23764,47551
23765,47553
23766,47554
23767,47558
23768,47561
23769,47562
23770,47565
23771,47566
23772,47567
23773,47569
23774,47573
23775,47575
23776,47576
23777,47578
23778,47579
23779,47590
23780,47591
23781,47593
23782,47594
23783,47595
23784,47597
23785,47598
23786,47599
23787,47603
23788,47604
23789,47605
23790,47606
23791,47607
23792,47608
23793,47611
23794,47612
23795,47615
23796,47617
23797,47618
23798,47620
23799,47621
23800,47622
23801,47623
23802,47624
23803,47627
23804,47631
23805,47633
23806,47636
23807,47637
23808,47640
23809,47641
23810,47642
23811,47645
23812,47648
23813,47650
23814,47652
23815,47654
23816,47655
23817,47656
23818,47657
23819,47659
23820,47662
23821,47665
23822,47667
23823,47669
23824,47670
23825,47671
23826,47672
23827,47673
23828,47676
23829,47677
23830,47679
23831,47680
23832,47681
23833,47682
23834,47684
23835,47685
23836,47686
23837,47688
23838,47689
23839,47690
23840,47691
23841,47693
23842,47697
23843,47702
23844,47703
23845,47704
23846,47706
23847,47707
23848,47710
23849,47713
23850,47717
23851,47719
23852,47721
23853,47725
23854,47731
23855,47733
23856,47734
23857,47736
23858,47738
23859,47740
23860,47742
23861,47743
23862,47744
23863,47749
23864,47750
23865,47751
23866,47752
23867,47755
23868,47756
23869,47759
23870,47762
23871,47763
23872,47766
23873,47769
23874,47770
23875,47771
23876,47773
23877,47774
23878,47778
23879,47780
23880,47781
23881,47782
23882,47783
23883,47784
23884,47786
23885,47787
23886,47790
23887,47792
23888,47794
23889,47797
23890,47798
23891,47801
23892,47802
23893,47805
23894,47809
23895,47811
23896,47812
23897,47816
23898,47817
23899,47820
23900,47822
23901,47823
23902,47824
23903,47825
23904,47826
23905,47829
23906,47830
23907,47831
23908,47832
23909,47833
23910,47834
23911,47835
23912,47837
23913,47838
23914,47839
23915,47841
23916,47843
23917,47844
23918,47845
23919,47846
23920,47847
23921,47849
23922,47850
23923,47851
23924,47852
23925,47860
23926,47864
23927,47867
23928,47868
23929,47871
23930,47873
23931,47875
23932,47878
23933,47880
23934,47881
23935,47883
23936,47885
23937,47886
23938,47889
23939,47891
23940,47893
23941,47894
23942,47896
23943,47897
23944,47898
23945,47899
23946,47900
23947,47901
23948,47903
23949,47904
23950,47906
23951,47907
23952,47911
23953,47912
23954,47916
23955,47917
23956,47919
23957,47921
23958,47925
23959,47929
23960,47931
23961,47933
23962,47934
23963,47935
23964,47937
23965,47938
23966,47939
23967,47940
23968,47945
23969,47951
23970,47953
23971,47955
23972,47960
23973,47963
23974,47964
23975,47970
23976,47976
23977,47978
23978,47979
23979,47982
23980,47983
23981,47985
23982,47987
23983,47989
23984,47992
23985,47994
23986,47995
23987,47996
23988,48000
23989,48002
23990,48004
23991,48006
23992,48008
23993,48009
23994,48010
23995,48011
23996,48012
23997,48013
23998,48014
23999,48018
24000,48019
24001,48020
24002,48021
24003,48023
24004,48024
24005,48025
24006,48029
24007,48030
24008,48031
24009,48035
24010,48037
24011,48038
24012,48041
24013,48042
24014,48043
24015,48044
24016,48045
24017,48046
24018,48048
24019,48049
24020,48055
24021,48056
24022,48058
24023,48062
24024,48064
24025,48065
24026,48067
24027,48069
24028,48070
24029,48071
24030,48072
24031,48073
24032,48074
24033,48078
24034,48081
24035,48083
24036,48087
24037,48088
24038,48089
24039,48090
24040,48096
24041,48098
24042,48099
24043,48100
24044,48101
24045,48102
24046,48108
24047,48114
24048,48116
24049,48118
24050,48121
24051,48122
24052,48126
24053,48127
24054,48130
24055,48132
24056,48136
24057,48140
24058,48141
24059,48143
24060,48144
24061,48146
24062,48147
24063,48151
24064,48152
24065,48154
24066,48155
24067,48156
24068,48157
24069,48162
24070,48164
24071,48166
24072,48167
24073,48168
24074,48169
24075,48172
24076,48173
24077,48174
24078,48177
24079,48179
24080,48180
24081,48181
24082,48182
24083,48183
24084,48184
24085,48187
24086,48188
24087,48193
24088,48196
24089,48199
24090,48200
24091,48201
24092,48203
24093,48204
24094,48205
24095,48206
24096,48208
24097,48209
24098,48210
24099,48211
24100,48212
24101,48213
24102,48214
24103,48216
24104,48218
24105,48221
24106,48223
24107,48225
24108,48227
24109,48228
24110,48230
24111,48232
24112,48233
24113,48234
24114,48238
24115,48239
24116,48240
24117,48243
24118,48245
24119,48246
24120,48247
24121,48250
24122,48251
24123,48252
24124,48253
24125,48256
24126,48257
24127,48259
24128,48261
24129,48263
24130,48264
24131,48265
24132,48266
24133,48268
24134,48269
24135,48270
24136,48272
24137,48274
24138,48275
24139,48277
24140,48281
24141,48292
24142,48293
24143,48294
24144,48295
24145,48299
24146,48300
24147,48301
24148,48303
24149,48304
24150,48306
24151,48308
24152,48309
24153,48313
24154,48314
24155,48317
24156,48319
24157,48322
24158,48327
24159,48328
24160,48330
24161,48331
24162,48334
24163,48337
24164,48340
24165,48342
24166,48344
24167,48345
24168,48347
24169,48349
24170,48350
24171,48351
24172,48352
24173,48353
24174,48356
24175,48357
24176,48359
24177,48361
24178,48363
24179,48365
24180,48367
24181,48369
24182,48372
24183,48375
24184,48377
24185,48378
24186,48379
24187,48380
24188,48381
24189,48382
24190,48384
24191,48386
24192,48391
24193,48393
24194,48394
24195,48396
24196,48398
24197,48401
24198,48406
24199,48407
24200,48409
24201,48412
24202,48413
24203,48414
24204,48415
24205,48416
24206,48421
24207,48425
24208,48426
24209,48429
24210,48430
24211,48432
24212,48436
24213,48439
24214,48442
24215,48444
24216,48447
24217,48448
24218,48450
24219,48453
24220,48456
24221,48457
24222,48458
24223,48461
24224,48462
24225,48464
24226,48467
24227,48468
24228,48472
24229,48476
24230,48478
24231,48480
24232,48485
24233,48487
24234,48488
24235,48489
24236,48493
24237,48494
24238,48497
24239,48503
24240,48505
24241,48507
24242,48508
24243,48510
24244,48511
24245,48512
24246,48514
24247,48517
24248,48519
24249,48520
24250,48522
24251,48523
24252,48524
24253,48525
24254,48529
24255,48530
24256,48531
24257,48533
24258,48535
24259,48537
24260,48543
24261,48546
24262,48547
24263,48548
24264,48555
24265,48556
24266,48557
24267,48558
24268,48563
24269,48565
24270,48567
24271,48569
24272,48571
24273,48572
24274,48575
24275,48578
24276,48582
24277,48583
24278,48585
24279,48587
24280,48589
24281,48590
24282,48596
24283,48598
24284,48599
24285,48602
24286,48608
24287,48609
24288,48613
24289,48614
24290,48615
24291,48616
24292,48618
24293,48619
24294,48620
24295,48623
24296,48624
24297,48626
24298,48627
24299,48628
24300,48629
24301,48630
24302,48631
24303,48633
24304,48634
24305,48637
24306,48639
24307,48641
24308,48643
24309,48644
24310,48645
24311,48646
24312,48647
24313,48648
24314,48649
24315,48650
24316,48651
24317,48654
24318,48656
24319,48659
24320,48661
24321,48665
24322,48666
24323,48668
24324,48670
24325,48671
24326,48672
24327,48675
24328,48676
24329,48679
24330,48680
24331,48682
24332,48686
24333,48687
24334,48688
24335,48692
24336,48693
24337,48699
24338,48700
24339,48702
24340,48703
24341,48704
24342,48706
24343,48710
24344,48712
24345,48713
24346,48719
24347,48720
24348,48721
24349,48724
24350,48725
24351,48727
24352,48728
24353,48730
24354,48732
24355,48733
24356,48738
24357,48742
24358,48743
24359,48744
24360,48746
24361,48749
24362,48756
24363,48758
24364,48759
24365,48762
24366,48765
24367,48767
24368,48768
24369,48769
24370,48770
24371,48772
24372,48773
24373,48776
24374,48777
24375,48785
24376,48788
24377,48793
24378,48795
24379,48797
24380,48799
24381,48805
24382,48807
24383,48808
24384,48812
24385,48814
24386,48820
24387,48823
24388,48829
24389,48831
24390,48832
24391,48834
24392,48840
24393,48842
24394,48843
24395,48844
24396,48845
24397,48846
24398,48848
24399,48849
24400,48852
24401,48853
24402,48854
24403,48855
24404,48856
24405,48858
24406,48860
24407,48861
24408,48862
24409,48863
24410,48866
24411,48867
24412,48869
24413,48871
24414,48872
24415,48873
24416,48874
24417,48875
24418,48876
24419,48882
24420,48883
24421,48884
24422,48885
24423,48889
24424,48891
24425,48892
24426,48893
24427,48898
24428,48901
24429,48906
24430,48907
24431,48908
24432,48909
24433,48914
24434,48917
24435,48918
24436,48919
24437,48921
24438,48922
24439,48923
24440,48925
24441,48927
24442,48928
24443,48930
24444,48932
24445,48933
24446,48936
24447,48938
24448,48940
24449,48941
24450,48945
24451,48946
24452,48949
24453,48951
24454,48952
24455,48953
24456,48954
24457,48955
24458,48956
24459,48961
24460,48963
24461,48965
24462,48968
24463,48973
24464,48974
24465,48975
24466,48976
24467,48977
24468,48978
24469,48981
24470,48982
24471,48984
24472,48986
24473,48987
24474,48989
24475,48990
24476,48991
24477,48993
24478,48994
24479,48995
24480,48996
24481,48998
24482,48999
24483,49001
24484,49002
24485,49004
24486,49005
24487,49006
24488,49007
24489,49009
24490,49010
24491,49011
24492,49016
24493,49017
24494,49021
24495,49022
24496,49024
24497,49026
24498,49029
24499,49035
24500,49036
24501,49038
24502,49040
24503,49041
24504,49045
24505,49046
24506,49047
24507,49051
24508,49053
24509,49055
24510,49056
24511,49057
24512,49059
24513,49061
24514,49062
24515,49065
24516,49066
24517,49070
24518,49073
24519,49074
24520,49075
24521,49076
24522,49080
24523,49082
24524,49087
24525,49088
24526,49089
24527,49093
24528,49096
24529,49097
24530,49098
24531,49099
24532,49101
24533,49102
24534,49104
24535,49108
24536,49109
24537,49111
24538,49115
24539,49117
24540,49119
24541,49122
24542,49124
24543,49126
24544,49127
24545,49133
24546,49135
24547,49136
24548,49137
24549,49138
24550,49140
24551,49141
24552,49145
24553,49146
24554,49149
24555,49153
24556,49154
24557,49155
24558,49156
24559,49157
24560,49158
24561,49159
24562,49164
24563,49166
24564,49167
24565,49168
24566,49169
24567,49171
24568,49172
24569,49174
24570,49176
24571,49177
24572,49178
24573,49180
24574,49181
24575,49182
24576,49183
24577,49185
24578,49186
24579,49187
24580,49190
24581,49191
24582,49192
24583,49193
24584,49195
24585,49197
24586,49199
24587,49202
24588,49206
24589,49207
24590,49213
24591,49214
24592,49223
24593,49224
24594,49225
24595,49228
24596,49232
24597,49235
24598,49236
24599,49237
24600,49241
24601,49243
24602,49245
24603,49247
24604,49249
24605,49250
24606,49251
24607,49252
24608,49255
24609,49256
24610,49257
24611,49258
24612,49262
24613,49263
24614,49264
24615,49266
24616,49267
24617,49271
24618,49273
24619,49274
24620,49277
24621,49278
24622,49285
24623,49286
24624,49288
24625,49289
24626,49293
24627,49294
24628,49296
24629,49302
24630,49308
24631,49309
24632,49311
24633,49312
24634,49314
24635,49315
24636,49316
24637,49320
24638,49321
24639,49322
24640,49324
24641,49325
24642,49326
24643,49328
24644,49329
24645,49330
24646,49331
24647,49333
24648,49335
24649,49336
24650,49343
24651,49345
24652,49346
24653,49347
24654,49349
24655,49351
24656,49357
24657,49360
24658,49361
24659,49365
24660,49366
24661,49367
24662,49370
24663,49371
24664,49373
24665,49374
24666,49375
24667,49379
24668,49380
24669,49381
24670,49383
24671,49384
24672,49387
24673,49388
24674,49392
24675,49393
24676,49395
24677,49399
24678,49402
24679,49405
24680,49406
24681,49407
24682,49408
24683,49410
24684,49413
24685,49416
24686,49418
24687,49420
24688,49426
24689,49427
24690,49428
24691,49433
24692,49434
24693,49437
24694,49439
24695,49440
24696,49444
24697,49445
24698,49448
24699,49449
24700,49450
24701,49453
24702,49454
24703,49455
24704,49459
24705,49463
24706,49464
24707,49466
24708,49467
24709,49469
24710,49470
24711,49471
24712,49473
24713,49474
24714,49479
24715,49482
24716,49485
24717,49492
24718,49493
24719,49494
24720,49495
24721,49498
24722,49502
24723,49503
24724,49507
24725,49509
24726,49510
24727,49512
24728,49517
24729,49518
24730,49521
24731,49527
24732,49528
24733,49530
24734,49531
24735,49535
24736,49536
24737,49537
24738,49538
24739,49539
24740,49540
24741,49542
24742,49547
24743,49548
24744,49549
24745,49552
24746,49553
24747,49555
24748,49556
24749,49557
24750,49559
24751,49560
24752,49565
24753,49569
24754,49570
24755,49572
24756,49573
24757,49574
24758,49577
24759,49580
24760,49584
24761,49585
24762,49587
24763,49593
24764,49594
24765,49595
24766,49597
24767,49598
24768,49600
24769,49601
24770,49602
24771,49603
24772,49604
24773,49612
24774,49616
24775,49617
24776,49618
24777,49619
24778,49621
24779,49622
24780,49626
24781,49627
24782,49629
24783,49630
24784,49632
24785,49633
24786,49634
24787,49636
24788,49639
24789,49640
24790,49641
24791,49642
24792,49643
24793,49644
24794,49651
24795,49654
24796,49655
24797,49657
24798,49658
24799,49659
24800,49660
24801,49661
24802,49665
24803,49667
24804,49668
24805,49669
24806,49671
24807,49672
24808,49673
24809,49677
24810,49678
24811,49679
24812,49680
24813,49683
24814,49685
24815,49687
24816,49688
24817,49691
24818,49693
24819,49696
24820,49698
24821,49701
24822,49708
24823,49712
24824,49713
24825,49715
24826,49716
24827,49721
24828,49722
24829,49723
24830,49724
24831,49726
24832,49733
24833,49735
24834,49741
24835,49742
24836,49743
24837,49744
24838,49750
24839,49751
24840,49753
24841,49754
24842,49758
24843,49761
24844,49763
24845,49765
24846,49766
24847,49767
24848,49778
24849,49779
24850,49780
24851,49781
24852,49786
24853,49787
24854,49788
24855,49789
24856,49796
24857,49798
24858,49801
24859,49802
24860,49803
24861,49804
24862,49805
24863,49806
24864,49807
24865,49808
24866,49810
24867,49811
24868,49813
24869,49814
24870,49815
24871,49817
24872,49819
24873,49822
24874,49823
24875,49824
24876,49827
24877,49828
24878,49833
24879,49834
24880,49835
24881,49839
24882,49841
24883,49842
24884,49843
24885,49845
24886,49846
24887,49847
24888,49848
24889,49851
24890,49853
24891,49855
24892,49858
24893,49860
24894,49861
24895,49862
24896,49865
24897,49866
24898,49868
24899,49870
24900,49871
24901,49872
24902,49873
24903,49878
24904,49880
24905,49882
24906,49886
24907,49888
24908,49889
24909,49892
24910,49893
24911,49895
24912,49900
24913,49901
24914,49904
24915,49905
24916,49908
24917,49910
24918,49911
24919,49912
24920,49913
24921,49915
24922,49916
24923,49917
24924,49918
24925,49921
24926,49922
24927,49923
24928,49924
24929,49927
24930,49931
24931,49934
24932,49935
24933,49936
24934,49939
24935,49940
24936,49945
24937,49946
24938,49947
24939,49948
24940,49949
24941,49954
24942,49956
24943,49957
24944,49960
24945,49963
24946,49964
24947,49965
24948,49968
24949,49969
24950,49970
24951,49975
24952,49976
24953,49978
24954,49979
24955,49984
24956,49985
24957,49986
24958,49988
24959,49989
24960,49990
24961,49991
24962,49994
24963,49996
24964,49998
24965,50001
24966,50003
24967,50009
24968,50011
24969,50013
24970,50014
24971,50015
24972,50016
24973,50018
24974,50019
24975,50020
24976,50021
24977,50023
24978,50024
24979,50026
24980,50028
24981,50029
24982,50037
24983,50040
24984,50044
24985,50048
24986,50050
24987,50052
24988,50054
24989,50056
24990,50058
24991,50059
24992,50063
24993,50065
24994,50066
24995,50068
24996,50070
24997,50071
24998,50072
24999,50080
25000,50083
25001,50085
25002,50086
25003,50087
25004,50089
25005,50090
25006,50091
25007,50094
25008,50095
25009,50096
25010,50098
25011,50100
25012,50101
25013,50103
25014,50105
25015,50106
25016,50108
25017,50110
25018,50111
25019,50113
25020,50114
25021,50117
25022,50118
25023,50122
25024,50125
25025,50129
25026,50131
25027,50135
25028,50137
25029,50139
25030,50141
25031,50143
25032,50145
25033,50148
25034,50149
25035,50150
25036,50151
25037,50153
25038,50156
25039,50157
25040,50159
25041,50160
25042,50161
25043,50162
25044,50163
25045,50166
25046,50167
25047,50169
25048,50170
25049,50173
25050,50174
25051,50176
25052,50177
25053,50178
25054,50179
25055,50185
25056,50186
25057,50188
25058,50194
25059,50195
25060,50197
25061,50198
25062,50200
25063,50201
25064,50203
25065,50207
25066,50211
25067,50214
25068,50216
25069,50217
25070,50218
25071,50224
25072,50225
25073,50227
25074,50228
25075,50231
25076,50232
25077,50233
25078,50237
25079,50238
25080,50240
25081,50248
25082,50249
25083,50251
25084,50252
25085,50256
25086,50259
25087,50260
25088,50262
25089,50263
25090,50267
25091,50268
25092,50270
25093,50273
25094,50274
25095,50276
25096,50277
25097,50279
25098,50281
25099,50282
25100,50283
25101,50285
25102,50288
25103,50291
25104,50292
25105,50293
25106,50294
25107,50295
25108,50298
25109,50299
25110,50302
25111,50303
25112,50310
25113,50311
25114,50314
25115,50315
25116,50318
25117,50320
25118,50321
25119,50323
25120,50324
25121,50325
25122,50327
25123,50332
25124,50334
25125,50335
25126,50336
25127,50337
25128,50338
25129,50341
25130,50342
25131,50344
25132,50346
25133,50349
25134,50352
25135,50353
25136,50354
25137,50355
25138,50356
25139,50358
25140,50359
25141,50360
25142,50361
25143,50363
25144,50364
25145,50366
25146,50370
25147,50371
25148,50372
25149,50376
25150,50380
25151,50385
25152,50388
25153,50389
25154,50390
25155,50392
25156,50399
25157,50401
25158,50403
25159,50406
25160,50409
25161,50410
25162,50412
25163,50413
25164,50415
25165,50419
25166,50420
25167,50425
25168,50426
25169,50427
25170,50428
25171,50429
25172,50434
25173,50438
25174,50440
25175,50441
25176,50442
25177,50444
25178,50445
25179,50447
25180,50448
25181,50450
25182,50451
25183,50452
25184,50453
25185,50455
25186,50456
25187,50457
25188,50458
25189,50460
25190,50461
25191,50462
25192,50464
25193,50466
25194,50467
25195,50468
25196,50474
25197,50477
25198,50479
25199,50481
25200,50482
25201,50484
25202,50485
25203,50490
25204,50492
25205,50493
25206,50495
25207,50496
25208,50497
25209,50499
25210,50501
25211,50506
25212,50508
25213,50510
25214,50511
25215,50513
25216,50514
25217,50517
25218,50520
25219,50521
25220,50522
25221,50523
25222,50524
25223,50529
25224,50530
25225,50531
25226,50533
25227,50534
25228,50543
25229,50545
25230,50547
25231,50548
25232,50550
25233,50552
25234,50556
25235,50557
25236,50558
25237,50559
25238,50560
25239,50561
25240,50562
25241,50563
25242,50564
25243,50565
25244,50566
25245,50567
25246,50570
25247,50572
25248,50573
25249,50574
25250,50576
25251,50577
25252,50578
25253,50580
25254,50582
25255,50584
25256,50585
25257,50587
25258,50588
25259,50589
25260,50591
25261,50592
25262,50595
25263,50597
25264,50600
25265,50601
25266,50604
25267,50605
25268,50606
25269,50611
25270,50613
25271,50616
25272,50618
25273,50619
25274,50620
25275,50624
25276,50627
25277,50629
25278,50630
25279,50631
25280,50632
25281,50633
25282,50635
25283,50639
25284,50643
25285,50646
25286,50648
25287,50650
25288,50653
25289,50654
25290,50656
25291,50659
25292,50660
25293,50661
25294,50664
25295,50667
25296,50669
25297,50670
25298,50673
25299,50675
25300,50677
25301,50679
25302,50680
25303,50682
25304,50683
25305,50685
25306,50686
25307,50688
25308,50690
25309,50691
25310,50693
25311,50694
25312,50695
25313,50698
25314,50701
25315,50703
25316,50704
25317,50707
25318,50714
25319,50715
25320,50716
25321,50719
25322,50720
25323,50721
25324,50722
25325,50723
25326,50724
25327,50731
25328,50732
25329,50735
25330,50736
25331,50737
25332,50738
25333,50740
25334,50741
25335,50742
25336,50744
25337,50746
25338,50749
25339,50751
25340,50752
25341,50754
25342,50755
25343,50759
25344,50761
25345,50762
25346,50764
25347,50766
25348,50767
25349,50768
25350,50770
25351,50771
25352,50772
25353,50773
25354,50775
25355,50777
25356,50779
25357,50780
25358,50781
25359,50783
25360,50784
25361,50786
25362,50792
25363,50793
25364,50796
25365,50799
25366,50805
25367,50806
25368,50807
25369,50808
25370,50812
25371,50813
25372,50815
25373,50816
25374,50818
25375,50820
25376,50821
25377,50823
25378,50824
25379,50825
25380,50827
25381,50829
25382,50830
25383,50832
25384,50833
25385,50836
25386,50837
25387,50838
25388,50839
25389,50840
25390,50843
25391,50845
25392,50847
25393,50848
25394,50850
25395,50854
25396,50855
25397,50856
25398,50857
25399,50858
25400,50859
25401,50863
25402,50870
25403,50871
25404,50872
25405,50873
25406,50874
25407,50879
25408,50881
25409,50882
25410,50883
25411,50884
25412,50885
25413,50886
25414,50889
25415,50890
25416,50891
25417,50892
25418,50893
25419,50895
25420,50897
25421,50899
25422,50903
25423,50905
25424,50906
25425,50907
25426,50910
25427,50911
25428,50916
25429,50917
25430,50927
25431,50928
25432,50931
25433,50935
25434,50937
25435,50939
25436,50945
25437,50946
25438,50947
25439,50948
25440,50951
25441,50954
25442,50958
25443,50960
25444,50961
25445,50966
25446,50967
25447,50968
25448,50970
25449,50971
25450,50972
25451,50974
25452,50976
25453,50977
25454,50978
25455,50979
25456,50982
25457,50983
25458,50984
25459,50987
25460,50988
25461,50989
25462,50990
25463,50991
25464,50995
25465,50999
25466,51000
25467,51001
25468,51004
25469,51008
25470,51013
25471,51014
25472,51015
25473,51016
25474,51018
25475,51019
25476,51020
25477,51021
25478,51022
25479,51023
25480,51024
25481,51026
25482,51029
25483,51031
25484,51032
25485,51035
25486,51036
25487,51038
25488,51039
25489,51041
25490,51042
25491,51043
25492,51046
25493,51050
25494,51051
25495,51052
25496,51053
25497,51054
25498,51055
25499,51057
25500,51058
25501,51059
25502,51062
25503,51063
25504,51064
25505,51065
25506,51068
25507,51071
25508,51072
25509,51073
25510,51074
25511,51075
25512,51076
25513,51077
25514,51079
25515,51081
25516,51082
25517,51083
25518,51084
25519,51087
25520,51090
25521,51093
25522,51094
25523,51095
25524,51097
25525,51104
25526,51105
25527,51106
25528,51109
25529,51113
25530,51114
25531,51122
25532,51124
25533,51125
25534,51131
25535,51133
25536,51134
25537,51135
25538,51138
25539,51143
25540,51144
25541,51145
25542,51152
25543,51153
25544,51154
25545,51159
25546,51163
25547,51164
25548,51166
25549,51167
25550,51171
25551,51172
25552,51175
25553,51176
25554,51177
25555,51178
25556,51180
25557,51181
25558,51183
25559,51184
25560,51185
25561,51187
25562,51190
25563,51192
25564,51195
25565,51196
25566,51198
25567,51199
25568,51200
25569,51201
25570,51202
25571,51203
25572,51204
25573,51208
25574,51209
25575,51211
25576,51213
25577,51214
25578,51218
25579,51220
25580,51222
25581,51223
25582,51224
25583,51225
25584,51230
25585,51234
25586,51235
25587,51237
25588,51241
25589,51242
25590,51244
25591,51246
25592,51250
25593,51251
25594,51253
25595,51257
25596,51262
25597,51263
25598,51266
25599,51269
25600,51272
25601,51273
25602,51275
25603,51278
25604,51285
25605,51286
25606,51287
25607,51289
25608,51292
25609,51293
25610,51295
25611,51299
25612,51303
25613,51305
25614,51307
25615,51308
25616,51309
25617,51314
25618,51315
25619,51317
25620,51318
25621,51319
25622,51320
25623,51322
25624,51323
25625,51324
25626,51326
25627,51327
25628,51330
25629,51333
25630,51336
25631,51337
25632,51342
25633,51344
25634,51345
25635,51346
25636,51347
25637,51350
25638,51355
25639,51358
25640,51359
25641,51360
25642,51361
25643,51363
25644,51365
25645,51366
25646,51368
25647,51371
25648,51373
25649,51374
25650,51378
25651,51380
25652,51385
25653,51388
25654,51390
25655,51393
25656,51396
25657,51398
25658,51399
25659,51400
25660,51401
25661,51406
25662,51407
25663,51408
25664,51409
25665,51411
25666,51412
25667,51414
25668,51415
25669,51416
25670,51417
25671,51418
25672,51420
25673,51421
25674,51423
25675,51424
25676,51425
25677,51428
25678,51429
25679,51431
25680,51432
25681,51433
25682,51435
25683,51437
25684,51439
25685,51440
25686,51441
25687,51442
25688,51444
25689,51450
25690,51453
25691,51454
25692,51456
25693,51458
25694,51459
25695,51460
25696,51461
25697,51463
25698,51464
25699,51465
25700,51467
25701,51468
25702,51470
25703,51472
25704,51473
25705,51474
25706,51475
25707,51476
25708,51480
25709,51485
25710,51492
25711,51493
25712,51494
25713,51496
25714,51499
25715,51504
25716,51505
25717,51506
25718,51507
25719,51509
25720,51510
25721,51518
25722,51520
25723,51522
25724,51524
25725,51525
25726,51526
25727,51528
25728,51529
25729,51531
25730,51532
25731,51533
25732,51535
25733,51536
25734,51538
25735,51540
25736,51541
25737,51543
25738,51545
25739,51546
25740,51547
25741,51549
25742,51554
25743,51555
25744,51558
25745,51560
25746,51562
25747,51563
25748,51566
25749,51571
25750,51572
25751,51574
25752,51576
25753,51582
25754,51585
25755,51586
25756,51587
25757,51589
25758,51590
25759,51592
25760,51593
25761,51596
25762,51598
25763,51599
25764,51603
25765,51604
25766,51605
25767,51606
25768,51608
25769,51611
25770,51617
25771,51618
25772,51620
25773,51622
25774,51623
25775,51624
25776,51626
25777,51627
25778,51629
25779,51631
25780,51632
25781,51635
25782,51636
25783,51637
25784,51640
25785,51641
25786,51642
25787,51644
25788,51654
25789,51656
25790,51659
25791,51660
25792,51662
25793,51664
25794,51665
25795,51667
25796,51668
25797,51669
25798,51675
25799,51676
25800,51678
25801,51679
25802,51682
25803,51684
25804,51685
25805,51686
25806,51687
25807,51688
25808,51689
25809,51692
25810,51693
25811,51694
25812,51695
25813,51697
25814,51700
25815,51702
25816,51703
25817,51707
25818,51708
25819,51712
25820,51713
25821,51714
25822,51717
25823,51718
25824,51719
25825,51721
25826,51726
25827,51727
25828,51730
25829,51732
25830,51734
25831,51735
25832,51736
25833,51738
25834,51739
25835,51740
25836,51742
25837,51745
25838,51747
25839,51748
25840,51749
25841,51750
25842,51752
25843,51761
25844,51766
25845,51768
25846,51769
25847,51770
25848,51771
25849,51775
25850,51776
25851,51779
25852,51780
25853,51782
25854,51785
25855,51787
25856,51789
25857,51792
25858,51794
25859,51796
25860,51797
25861,51798
25862,51799
25863,51802
25864,51803
25865,51805
25866,51807
25867,51810
25868,51812
25869,51815
25870,51820
25871,51821
25872,51822
25873,51824
25874,51825
25875,51826
25876,51828
25877,51830
25878,51831
25879,51833
25880,51834
25881,51835
25882,51838
25883,51839
25884,51841
25885,51842
25886,51843
25887,51845
25888,51846
25889,51854
25890,51855
25891,51856
25892,51857
25893,51858
25894,51859
25895,51860
25896,51861
25897,51862
25898,51863
25899,51864
25900,51865
25901,51867
25902,51868
25903,51871
25904,51872
25905,51873
25906,51874
25907,51878
25908,51879
25909,51880
25910,51884
25911,51891
25912,51892
25913,51893
25914,51895
25915,51896
25916,51898
25917,51903
25918,51904
25919,51912
25920,51914
25921,51916
25922,51918
25923,51919
25924,51920
25925,51921
25926,51923
25927,51924
25928,51925
25929,51927
25930,51929
25931,51932
25932,51933
25933,51938
25934,51939
25935,51942
25936,51943
25937,51944
25938,51945
25939,51951
25940,51954
25941,51955
25942,51959
25943,51960
25944,51962
25945,51963
25946,51964
25947,51965
25948,51969
25949,51971
25950,51972
25951,51974
25952,51977
25953,51981
25954,51983
25955,51985
25956,51986
25957,51988
25958,51989
25959,51990
25960,51993
25961,51995
25962,51996
25963,51997
25964,52001
25965,52002
25966,52003
25967,52004
25968,52010
25969,52011
25970,52012
25971,52014
25972,52015
25973,52016
25974,52017
25975,52019
25976,52020
25977,52022
25978,52023
25979,52024
25980,52029
25981,52030
25982,52031
25983,52032
25984,52033
25985,52034
25986,52038
25987,52042
25988,52043
25989,52046
25990,52047
25991,52053
25992,52056
25993,52057
25994,52059
25995,52062
25996,52063
25997,52064
25998,52065
25999,52066
26000,52068
26001,52072
26002,52073
26003,52076
26004,52078
26005,52079
26006,52080
26007,52082
26008,52085
26009,52086
26010,52088
26011,52093
26012,52095
26013,52096
26014,52097
26015,52098
26016,52099
26017,52102
26018,52104
26019,52105
26020,52107
26021,52108
26022,52110
26023,52111
26024,52113
26025,52115
26026,52116
26027,52118
26028,52119
26029,52122
26030,52125
26031,52126
26032,52128
26033,52129
26034,52131
26035,52133
26036,52135
26037,52136
26038,52137
26039,52138
26040,52139
26041,52141
26042,52142
26043,52144
26044,52145
26045,52147
26046,52153
26047,52154
26048,52157
26049,52159
26050,52160
26051,52162
26052,52164
26053,52166
26054,52167
26055,52168
26056,52169
26057,52170
26058,52171
26059,52172
26060,52174
26061,52175
26062,52176
26063,52178
26064,52180
26065,52181
26066,52182
26067,52183
26068,52184
26069,52186
26070,52188
26071,52189
26072,52190
26073,52191
26074,52196
26075,52198
26076,52199
26077,52202
26078,52206
26079,52207
26080,52208
26081,52213
26082,52214
26083,52218
26084,52221
26085,52222
26086,52223
26087,52225
26088,52226
26089,52230
26090,52231
26091,52237
26092,52239
26093,52240
26094,52243
26095,52245
26096,52246
26097,52249
26098,52250
26099,52252
26100,52254
26101,52256
26102,52260
26103,52261
26104,52262
26105,52265
26106,52266
26107,52270
26108,52271
26109,52272
26110,52277
26111,52278
26112,52281
26113,52285
26114,52286
26115,52291
26116,52292
26117,52294
26118,52297
26119,52300
26120,52303
26121,52305
26122,52316
26123,52317
26124,52319
26125,52320
26126,52322
26127,52324
26128,52326
26129,52327
26130,52330
26131,52331
26132,52332
26133,52334
26134,52337
26135,52340
26136,52346
26137,52348
26138,52349
26139,52351
26140,52355
26141,52361
26142,52366
26143,52367
26144,52371
26145,52372
26146,52373
26147,52376
26148,52377
26149,52379
26150,52381
26151,52382
26152,52384
26153,52387
26154,52388
26155,52389
26156,52390
26157,52392
26158,52394
26159,52395
26160,52396
26161,52397
26162,52398
26163,52399
26164,52400
26165,52401
26166,52402
26167,52405
26168,52407
26169,52408
26170,52409
26171,52410
26172,52411
26173,52412
26174,52415
26175,52417
26176,52420
26177,52421
26178,52425
26179,52426
26180,52428
26181,52429
26182,52430
26183,52431
26184,52432
26185,52433
26186,52437
26187,52438
26188,52439
26189,52440
26190,52444
26191,52446
26192,52447
26193,52449
26194,52450
26195,52451
26196,52453
26197,52454
26198,52459
26199,52461
26200,52462
26201,52463
26202,52468
26203,52469
26204,52474
26205,52477
26206,52478
26207,52479
26208,52480
26209,52481
26210,52482
26211,52486
26212,52487
26213,52488
26214,52489
26215,52491
26216,52492
26217,52493
26218,52494
26219,52495
26220,52496
26221,52498
26222,52501
26223,52503
26224,52504
26225,52506
26226,52512
26227,52513
26228,52516
26229,52518
26230,52521
26231,52524
26232,52525
26233,52526
26234,52529
26235,52530
26236,52531
26237,52534
26238,52535
26239,52536
26240,52537
26241,52540
26242,52542
26243,52545
26244,52548
26245,52550
26246,52551
26247,52555
26248,52556
26249,52557
26250,52558
26251,52561
26252,52562
26253,52565
26254,52567
26255,52568
26256,52571
26257,52572
26258,52575
26259,52577
26260,52578
26261,52579
26262,52583
26263,52584
26264,52586
26265,52592
26266,52593
26267,52598
26268,52599
26269,52601
26270,52603
26271,52604
26272,52605
26273,52607
26274,52608
26275,52611
26276,52617
26277,52618
26278,52620
26279,52622
26280,52624
26281,52626
26282,52628
26283,52629
26284,52630
26285,52631
26286,52632
26287,52635
26288,52638
26289,52641
26290,52642
26291,52644
26292,52645
26293,52646
26294,52649
26295,52651
26296,52652
26297,52654
26298,52655
26299,52656
26300,52657
26301,52658
26302,52662
26303,52667
26304,52668
26305,52670
26306,52671
26307,52672
26308,52673
26309,52675
26310,52676
26311,52678
26312,52680
26313,52681
26314,52682
26315,52683
26316,52688
26317,52689
26318,52690
26319,52695
26320,52702
26321,52703
26322,52706
26323,52707
26324,52708
26325,52709
26326,52713
26327,52714
26328,52715
26329,52716
26330,52719
26331,52725
26332,52726
26333,52727
26334,52728
26335,52729
26336,52731
26337,52732
26338,52734
26339,52735
26340,52736
26341,52738
26342,52740
26343,52741
26344,52742
26345,52748
26346,52749
26347,52750
26348,52751
26349,52752
26350,52754
26351,52757
26352,52758
26353,52760
26354,52762
26355,52763
26356,52765
26357,52766
26358,52767
26359,52770
26360,52772
26361,52773
26362,52774
26363,52775
26364,52779
26365,52781
26366,52782
26367,52783
26368,52784
26369,52786
26370,52788
26371,52789
26372,52790
26373,52792
26374,52793
26375,52795
26376,52796
26377,52797
26378,52798
26379,52800
26380,52803
26381,52805
26382,52807
26383,52808
26384,52810
26385,52812
26386,52816
26387,52817
26388,52818
26389,52819
26390,52822
26391,52828
26392,52829
26393,52832
26394,52834
26395,52835
26396,52836
26397,52838
26398,52839
26399,52840
26400,52851
26401,52854
26402,52858
26403,52859
26404,52868
26405,52870
26406,52872
26407,52873
26408,52874
26409,52876
26410,52878
26411,52879
26412,52882
26413,52887
26414,52891
26415,52895
26416,52896
26417,52897
26418,52899
26419,52900
26420,52901
26421,52903
26422,52904
26423,52908
26424,52910
26425,52915
26426,52917
26427,52919
26428,52920
26429,52921
26430,52923
26431,52924
26432,52925
26433,52929
26434,52930
26435,52931
26436,52932
26437,52933
26438,52934
26439,52935
26440,52937
26441,52938
26442,52940
26443,52943
26444,52945
26445,52946
26446,52948
26447,52954
26448,52955
26449,52956
26450,52960
26451,52961
26452,52962
26453,52963
26454,52964
26455,52968
26456,52974
26457,52975
26458,52976
26459,52982
26460,52983
26461,52984
26462,52988
26463,52989
26464,52991
26465,52992
26466,52993
26467,52996
26468,53000
26469,53002
26470,53003
26471,53005
26472,53009
26473,53010
26474,53011
26475,53012
26476,53014
26477,53018
26478,53021
26479,53022
26480,53024
26481,53025
26482,53027
26483,53028
26484,53030
26485,53031
26486,53034
26487,53035
26488,53036
26489,53037
26490,53038
26491,53039
26492,53040
26493,53041
26494,53043
26495,53046
26496,53049
26497,53051
26498,53052
26499,53059
26500,53060
26501,53062
26502,53064
26503,53065
26504,53066
26505,53067
26506,53068
26507,53070
26508,53073
26509,53076
26510,53077
26511,53078
26512,53079
26513,53083
26514,53085
26515,53086
26516,53093
26517,53095
26518,53097
26519,53098
26520,53099
26521,53100
26522,53106
26523,53107
26524,53112
26525,53114
26526,53116
26527,53117
26528,53118
26529,53119
26530,53120
26531,53122
26532,53123
26533,53124
26534,53129
26535,53130
26536,53132
26537,53137
26538,53139
26539,53141
26540,53142
26541,53147
26542,53148
26543,53149
26544,53150
26545,53153
26546,53154
26547,53155
26548,53158
26549,53162
26550,53163
26551,53169
26552,53171
26553,53172
26554,53175
26555,53177
26556,53178
26557,53179
26558,53180
26559,53184
26560,53185
26561,53186
26562,53188
26563,53189
26564,53192
26565,53193
26566,53194
26567,53196
26568,53200
26569,53203
26570,53205
26571,53209
26572,53210
26573,53211
26574,53212
26575,53214
26576,53216
26577,53218
26578,53219
26579,53220
26580,53221
26581,53222
26582,53224
26583,53225
26584,53230
26585,53231
26586,53232
26587,53237
26588,53238
26589,53239
26590,53241
26591,53243
26592,53244
26593,53245
26594,53249
26595,53250
26596,53252
26597,53253
26598,53254
26599,53255
26600,53257
26601,53258
26602,53259
26603,53263
26604,53265
26605,53267
26606,53269
26607,53271
26608,53274
26609,53275
26610,53276
26611,53277
26612,53278
26613,53281
26614,53282
26615,53284
26616,53286
26617,53288
26618,53289
26619,53293
26620,53295
26621,53296
26622,53297
26623,53306
26624,53308
26625,53310
26626,53312
26627,53317
26628,53318
26629,53321
26630,53323
26631,53327
26632,53329
26633,53331
26634,53332
26635,53334
26636,53335
26637,53339
26638,53342
26639,53345
26640,53349
26641,53350
26642,53354
26643,53357
26644,53358
26645,53359
26646,53360
26647,53362
26648,53363
26649,53364
26650,53365
26651,53367
26652,53368
26653,53369
26654,53372
26655,53373
26656,53374
26657,53377
26658,53378
26659,53379
26660,53380
26661,53381
26662,53382
26663,53384
26664,53388
26665,53390
26666,53391
26667,53392
26668,53394
26669,53395
26670,53396
26671,53397
26672,53399
26673,53401
26674,53402
26675,53403
26676,53404
26677,53406
26678,53407
26679,53408
26680,53409
26681,53410
26682,53411
26683,53412
26684,53413
26685,53414
26686,53416
26687,53417
26688,53418
26689,53420
26690,53422
26691,53423
26692,53424
26693,53426
26694,53427
26695,53430
26696,53431
26697,53434
26698,53435
26699,53436
26700,53438
26701,53439
26702,53440
26703,53441
26704,53442
26705,53446
26706,53447
26707,53448
26708,53449
26709,53451
26710,53452
26711,53453
26712,53466
26713,53469
26714,53472
26715,53473
26716,53474
26717,53475
26718,53477
26719,53478
26720,53480
26721,53482
26722,53483
26723,53484
26724,53485
26725,53489
26726,53491
26727,53492
26728,53496
26729,53497
26730,53500
26731,53501
26732,53502
26733,53503
26734,53504
26735,53506
26736,53507
26737,53508
26738,53510
26739,53511
26740,53512
26741,53514
26742,53515
26743,53518
26744,53520
26745,53525
26746,53526
26747,53527
26748,53529
26749,53531
26750,53536
26751,53538
26752,53539
26753,53543
26754,53545
26755,53546
26756,53549
26757,53550
26758,53551
26759,53553
26760,53557
26761,53559
26762,53560
26763,53561
26764,53563
26765,53564
26766,53565
26767,53566
26768,53567
26769,53568
26770,53569
26771,53570
26772,53572
26773,53577
26774,53578
26775,53580
26776,53581
26777,53585
26778,53587
26779,53588
26780,53590
26781,53592
26782,53594
26783,53595
26784,53596
26785,53597
26786,53598
26787,53599
26788,53600
26789,53603
26790,53605
26791,53606
26792,53607
26793,53609
26794,53610
26795,53611
26796,53612
26797,53613
26798,53614
26799,53615
26800,53617
26801,53618
26802,53619
26803,53620
26804,53621
26805,53622
26806,53626
26807,53629
26808,53630
26809,53635
26810,53637
26811,53639
26812,53640
26813,53641
26814,53648
26815,53651
26816,53652
26817,53654
26818,53655
26819,53656
26820,53659
26821,53661
26822,53662
26823,53663
26824,53666
26825,53667
26826,53668
26827,53669
26828,53671
26829,53672
26830,53673
26831,53674
26832,53675
26833,53676
26834,53683
26835,53685
26836,53686
26837,53687
26838,53692
26839,53696
26840,53697
26841,53700
26842,53704
26843,53706
26844,53707
26845,53710
26846,53711
26847,53712
26848,53718
26849,53722
26850,53723
26851,53724
26852,53725
26853,53726
26854,53729
26855,53730
26856,53733
26857,53734
26858,53737
26859,53738
26860,53740
26861,53741
26862,53743
26863,53748
26864,53750
26865,53754
26866,53755
26867,53756
26868,53758
26869,53759
26870,53760
26871,53762
26872,53768
26873,53770
26874,53771
26875,53772
26876,53773
26877,53776
26878,53777
26879,53779
26880,53781
26881,53782
26882,53783
26883,53785
26884,53786
26885,53789
26886,53792
26887,53796
26888,53797
26889,53798
26890,53799
26891,53803
26892,53807
26893,53811
26894,53813
26895,53816
26896,53817
26897,53820
26898,53821
26899,53822
26900,53823
26901,53824
26902,53826
26903,53827
26904,53828
26905,53830
26906,53833
26907,53836
26908,53839
26909,53840
26910,53842
26911,53848
26912,53849
26913,53851
26914,53852
26915,53853
26916,53854
26917,53856
26918,53857
26919,53859
26920,53860
26921,53861
26922,53862
26923,53863
26924,53865
26925,53867
26926,53868
26927,53870
26928,53872
26929,53877
26930,53878
26931,53879
26932,53880
26933,53883
26934,53885
26935,53887
26936,53888
26937,53890
26938,53891
26939,53893
26940,53894
26941,53899
26942,53901
26943,53903
26944,53907
26945,53908
26946,53911
26947,53912
26948,53914
26949,53919
26950,53922
26951,53924
26952,53925
26953,53927
26954,53928
26955,53929
26956,53930
26957,53931
26958,53932
26959,53933
26960,53934
26961,53937
26962,53938
26963,53941
26964,53944
26965,53950
26966,53951
26967,53953
26968,53954
26969,53955
26970,53956
26971,53958
26972,53959
26973,53960
26974,53961
26975,53968
26976,53970
26977,53972
26978,53973
26979,53974
26980,53975
26981,53976
26982,53977
26983,53978
26984,53980
26985,53982
26986,53983
26987,53993
26988,53995
26989,53996
26990,54000
26991,54004
26992,54005
26993,54006
26994,54007
26995,54009
26996,54010
26997,54012
26998,54016
26999,54017
27000,54018
27001,54021
27002,54022
27003,54028
27004,54029
27005,54031
27006,54037
27007,54039
27008,54040
27009,54042
27010,54043
27011,54044
27012,54046
27013,54048
27014,54049
27015,54050
27016,54052
27017,54054
27018,54055
27019,54056
27020,54057
27021,54062
27022,54063
27023,54064
27024,54065
27025,54066
27026,54069
27027,54074
27028,54076
27029,54077
27030,54078
27031,54080
27032,54083
27033,54084
27034,54086
27035,54091
27036,54098
27037,54100
27038,54101
27039,54105
27040,54106
27041,54108
27042,54114
27043,54116
27044,54117
27045,54119
27046,54121
27047,54123
27048,54127
27049,54129
27050,54131
27051,54136
27052,54138
27053,54140
27054,54141
27055,54142
27056,54150
27057,54156
27058,54160
27059,54161
27060,54163
27061,54165
27062,54168
27063,54169
27064,54172
27065,54173
27066,54174
27067,54177
27068,54179
27069,54180
27070,54181
27071,54183
27072,54185
27073,54186
27074,54187
27075,54191
27076,54193
27077,54195
27078,54199
27079,54200
27080,54201
27081,54203
27082,54205
27083,54207
27084,54209
27085,54210
27086,54214
27087,54215
27088,54216
27089,54222
27090,54224
27091,54226
27092,54227
27093,54228
27094,54230
27095,54231
27096,54235
27097,54238
27098,54242
27099,54246
27100,54247
27101,54248
27102,54250
27103,54251
27104,54253
27105,54256
27106,54257
27107,54260
27108,54263
27109,54264
27110,54273
27111,54275
27112,54276
27113,54277
27114,54279
27115,54285
27116,54286
27117,54287
27118,54289
27119,54291
27120,54292
27121,54295
27122,54296
27123,54299
27124,54301
27125,54303
27126,54304
27127,54307
27128,54308
27129,54313
27130,54315
27131,54316
27132,54317
27133,54318
27134,54323
27135,54324
27136,54326
27137,54328
27138,54329
27139,54333
27140,54334
27141,54335
27142,54338
27143,54342
27144,54344
27145,54347
27146,54348
27147,54350
27148,54357
27149,54359
27150,54362
27151,54365
27152,54366
27153,54369
27154,54370
27155,54372
27156,54374
27157,54376
27158,54377
27159,54380
27160,54385
27161,54386
27162,54387
27163,54389
27164,54391
27165,54392
27166,54395
27167,54396
27168,54401
27169,54402
27170,54403
27171,54404
27172,54409
27173,54411
27174,54412
27175,54413
27176,54415
27177,54418
27178,54419
27179,54420
27180,54421
27181,54422
27182,54425
27183,54427
27184,54428
27185,54430
27186,54431
27187,54432
27188,54434
27189,54436
27190,54438
27191,54440
27192,54441
27193,54442
27194,54443
27195,54444
27196,54445
27197,54452
27198,54454
27199,54457
27200,54458
27201,54459
27202,54460
27203,54461
27204,54464
27205,54466
27206,54467
27207,54469
27208,54472
27209,54473
27210,54474
27211,54476
27212,54479
27213,54481
27214,54482
27215,54483
27216,54485
27217,54487
27218,54489
27219,54490
27220,54492
27221,54494
27222,54495
27223,54497
27224,54499
27225,54501
27226,54503
27227,54505
27228,54507
27229,54508
27230,54512
27231,54513
27232,54516
27233,54517
27234,54520
27235,54522
27236,54523
27237,54524
27238,54527
27239,54530
27240,54531
27241,54532
27242,54541
27243,54545
27244,54548
27245,54550
27246,54553
27247,54554
27248,54556
27249,54557
27250,54558
27251,54559
27252,54560
27253,54564
27254,54566
27255,54567
27256,54568
27257,54570
27258,54571
27259,54572
27260,54573
27261,54575
27262,54576
27263,54577
27264,54578
27265,54579
27266,54581
27267,54583
27268,54585
27269,54586
27270,54587
27271,54589
27272,54590
27273,54593
27274,54594
27275,54597
27276,54598
27277,54599
27278,54600
27279,54606
27280,54607
27281,54608
27282,54609
27283,54610
27284,54611
27285,54612
27286,54614
27287,54619
27288,54620
27289,54621
27290,54622
27291,54623
27292,54624
27293,54631
27294,54633
27295,54634
27296,54637
27297,54638
27298,54641
27299,54642
27300,54644
27301,54645
27302,54647
27303,54649
27304,54650
27305,54651
27306,54652
27307,54653
27308,54655
27309,54657
27310,54658
27311,54659
27312,54661
27313,54662
27314,54663
27315,54666
27316,54670
27317,54672
27318,54676
27319,54677
27320,54679
27321,54680
27322,54682
27323,54685
27324,54688
27325,54689
27326,54692
27327,54696
27328,54701
27329,54703
27330,54704
27331,54705
27332,54711
27333,54713
27334,54714
27335,54715
27336,54718
27337,54719
27338,54720
27339,54721
27340,54725
27341,54728
27342,54731
27343,54739
27344,54741
27345,54743
27346,54749
27347,54751
27348,54752
27349,54754
27350,54755
27351,54756
27352,54758
27353,54759
27354,54760
27355,54763
27356,54765
27357,54766
27358,54767
27359,54769
27360,54770
27361,54771
27362,54773
27363,54776
27364,54777
27365,54779
27366,54780
27367,54783
27368,54784
27369,54785
27370,54789
27371,54790
27372,54791
27373,54794
27374,54798
27375,54799
27376,54802
27377,54803
27378,54804
27379,54806
27380,54811
27381,54812
27382,54813
27383,54815
27384,54817
27385,54818
27386,54822
27387,54825
27388,54828
27389,54831
27390,54832
27391,54840
27392,54841
27393,54842
27394,54843
27395,54844
27396,54845
27397,54846
27398,54847
27399,54858
27400,54861
27401,54863
27402,54866
27403,54869
27404,54870
27405,54871
27406,54874
27407,54875
27408,54878
27409,54880
27410,54882
27411,54884
27412,54886
27413,54888
27414,54889
27415,54893
27416,54895
27417,54896
27418,54899
27419,54900
27420,54901
27421,54902
27422,54908
27423,54910
27424,54911
27425,54914
27426,54915
27427,54919
27428,54921
27429,54923
27430,54929
27431,54930
27432,54933
27433,54934
27434,54935
27435,54937
27436,54938
27437,54939
27438,54940
27439,54942
27440,54945
27441,54946
27442,54950
27443,54952
27444,54954
27445,54957
27446,54958
27447,54960
27448,54963
27449,54965
27450,54966
27451,54967
27452,54968
27453,54969
27454,54971
27455,54975
27456,54976
27457,54979
27458,54980
27459,54981
27460,54983
27461,54984
27462,54987
27463,54989
27464,54990
27465,54992
27466,54994
27467,54996
27468,54997
27469,54998
27470,55001
27471,55003
27472,55005
27473,55006
27474,55007
27475,55008
27476,55010
27477,55011
27478,55012
27479,55013
27480,55014
27481,55015
27482,55016
27483,55017
27484,55019
27485,55021
27486,55023
27487,55029
27488,55031
27489,55032
27490,55033
27491,55034
27492,55037
27493,55038
27494,55039
27495,55042
27496,55043
27497,55044
27498,55045
27499,55046
27500,55047
27501,55052
27502,55053
27503,55056
27504,55058
27505,55059
27506,55063
27507,55065
27508,55067
27509,55068
27510,55069
27511,55073
27512,55074
27513,55075
27514,55076
27515,55077
27516,55078
27517,55079
27518,55081
27519,55083
27520,55086
27521,55089
27522,55093
27523,55095
27524,55098
27525,55099
27526,55105
27527,55106
27528,55107
27529,55108
27530,55112
27531,55113
27532,55118
27533,55120
27534,55121
27535,55122
27536,55123
27537,55125
27538,55127
27539,55128
27540,55130
27541,55131
27542,55134
27543,55135
27544,55136
27545,55137
27546,55139
27547,55140
27548,55141
27549,55142
27550,55144
27551,55147
27552,55148
27553,55152
27554,55154
27555,55155
27556,55156
27557,55157
27558,55158
27559,55159
27560,55162
27561,55164
27562,55165
27563,55167
27564,55170
27565,55171
27566,55173
27567,55177
27568,55180
27569,55181
27570,55183
27571,55184
27572,55185
27573,55189
27574,55190
27575,55191
27576,55200
27577,55202
27578,55211
27579,55212
27580,55215
27581,55216
27582,55217
27583,55220
27584,55221
27585,55224
27586,55226
27587,55227
27588,55230
27589,55234
27590,55236
27591,55237
27592,55239
27593,55240
27594,55241
27595,55243
27596,55244
27597,55245
27598,55247
27599,55248
27600,55249
27601,55250
27602,55251
27603,55254
27604,55255
27605,55257
27606,55259
27607,55263
27608,55264
27609,55265
27610,55266
27611,55268
27612,55273
27613,55277
27614,55278
27615,55281
27616,55282
27617,55284
27618,55285
27619,55286
27620,55287
27621,55290
27622,55292
27623,55293
27624,55295
27625,55298
27626,55300
27627,55301
27628,55302
27629,55305
27630,55306
27631,55308
27632,55309
27633,55310
27634,55311
27635,55312
27636,55313
27637,55314
27638,55317
27639,55319
27640,55320
27641,55322
27642,55324
27643,55328
27644,55331
27645,55332
27646,55333
27647,55336
27648,55337
27649,55338
27650,55340
27651,55342
27652,55344
27653,55345
27654,55346
27655,55347
27656,55349
27657,55351
27658,55355
27659,55356
27660,55357
27661,55359
27662,55360
27663,55362
27664,55364
27665,55367
27666,55369
27667,55370
27668,55371
27669,55372
27670,55374
27671,55375
27672,55376
27673,55378
27674,55381
27675,55382
27676,55386
27677,55388
27678,55389
27679,55390
27680,55392
27681,55397
27682,55398
27683,55400
27684,55404
27685,55405
27686,55407
27687,55408
27688,55410
27689,55415
27690,55417
27691,55419
27692,55426
27693,55427
27694,55432
27695,55435
27696,55436
27697,55437
27698,55438
27699,55442
27700,55444
27701,55451
27702,55453
27703,55454
27704,55456
27705,55459
27706,55462
27707,55463
27708,55464
27709,55467
27710,55468
27711,55469
27712,55471
27713,55472
27714,55475
27715,55476
27716,55478
27717,55481
27718,55482
27719,55483
27720,55486
27721,55488
27722,55492
27723,55493
27724,55495
27725,55496
27726,55497
27727,55498
27728,55500
27729,55501
27730,55502
27731,55504
27732,55507
27733,55510
27734,55512
27735,55515
27736,55516
27737,55518
27738,55519
27739,55520
27740,55521
27741,55523
27742,55525
27743,55527
27744,55529
27745,55530
27746,55531
27747,55532
27748,55534
27749,55535
27750,55536
27751,55542
27752,55549
27753,55550
27754,55555
27755,55559
27756,55560
27757,55562
27758,55564
27759,55566
27760,55568
27761,55569
27762,55570
27763,55572
27764,55573
27765,55574
27766,55575
27767,55578
27768,55579
27769,55580
27770,55583
27771,55584
27772,55585
27773,55588
27774,55589
27775,55590
27776,55592
27777,55595
27778,55597
27779,55600
27780,55601
27781,55602
27782,55603
27783,55606
27784,55610
27785,55612
27786,55614
27787,55615
27788,55616
27789,55617
27790,55619
27791,55621
27792,55622
27793,55624
27794,55629
27795,55631
27796,55633
27797,55635
27798,55636
27799,55637
27800,55639
27801,55640
27802,55641
27803,55642
27804,55645
27805,55647
27806,55650
27807,55652
27808,55656
27809,55658
27810,55659
27811,55661
27812,55662
27813,55663
27814,55669
27815,55670
27816,55671
27817,55676
27818,55679
27819,55680
27820,55682
27821,55686
27822,55687
27823,55688
27824,55689
27825,55690
27826,55691
27827,55692
27828,55694
27829,55700
27830,55703
27831,55704
27832,55707
27833,55708
27834,55711
27835,55712
27836,55713
27837,55715
27838,55718
27839,55719
27840,55720
27841,55723
27842,55724
27843,55726
27844,55727
27845,55729
27846,55732
27847,55733
27848,55736
27849,55737
27850,55738
27851,55739
27852,55740
27853,55741
27854,55743
27855,55744
27856,55747
27857,55748
27858,55750
27859,55751
27860,55754
27861,55755
27862,55756
27863,55757
27864,55760
27865,55761
27866,55762
27867,55763
27868,55766
27869,55768
27870,55769
27871,55774
27872,55776
27873,55778
27874,55779
27875,55780
27876,55782
27877,55783
27878,55785
27879,55787
27880,55788
27881,55793
27882,55796
27883,55798
27884,55799
27885,55803
27886,55804
27887,55805
27888,55807
27889,55809
27890,55811
27891,55812
27892,55813
27893,55815
27894,55816
27895,55817
27896,55819
27897,55824
27898,55826
27899,55827
27900,55828
27901,55829
27902,55830
27903,55831
27904,55833
27905,55835
27906,55837
27907,55838
27908,55839
27909,55841
27910,55842
27911,55845
27912,55846
27913,55849
27914,55850
27915,55851
27916,55852
27917,55853
27918,55857
27919,55858
27920,55860
27921,55863
27922,55864
27923,55865
27924,55867
27925,55868
27926,55870
27927,55871
27928,55875
27929,55876
27930,55878
27931,55879
27932,55880
27933,55881
27934,55882
27935,55883
27936,55885
27937,55886
27938,55887
27939,55892
27940,55894
27941,55895
27942,55896
27943,55899
27944,55906
27945,55910
27946,55911
27947,55913
27948,55916
27949,55918
27950,55920
27951,55921
27952,55922
27953,55923
27954,55924
27955,55927
27956,55928
27957,55929
27958,55930
27959,55933
27960,55934
27961,55935
27962,55937
27963,55942
27964,55943
27965,55946
27966,55947
27967,55949
27968,55952
27969,55953
27970,55957
27971,55959
27972,55961
27973,55963
27974,55965
27975,55966
27976,55972
27977,55974
27978,55975
27979,55977
27980,55979
27981,55981
27982,55986
27983,55987
27984,55992
27985,55995
27986,55998
27987,55999
27988,56002
27989,56003
27990,56004
27991,56005
27992,56006
27993,56008
27994,56009
27995,56010
27996,56012
27997,56017
27998,56020
27999,56021
28000,56023
28001,56024
28002,56026
28003,56028
28004,56030
28005,56035
28006,56040
28007,56041
28008,56042
28009,56043
28010,56045
28011,56047
28012,56048
28013,56049
28014,56051
28015,56053
28016,56054
28017,56057
28018,56058
28019,56061
28020,56062
28021,56064
28022,56065
28023,56067
28024,56068
28025,56069
28026,56072
28027,56073
28028,56078
28029,56080
28030,56083
28031,56084
28032,56085
28033,56086
28034,56087
28035,56089
28036,56090
28037,56091
28038,56093
28039,56095
28040,56098
28041,56099
28042,56101
28043,56103
28044,56104
28045,56105
28046,56108
28047,56111
28048,56112
28049,56114
28050,56115
28051,56117
28052,56119
28053,56121
28054,56123
28055,56127
28056,56135
28057,56136
28058,56143
28059,56144
28060,56145
28061,56148
28062,56151
28063,56159
28064,56161
28065,56164
28066,56165
28067,56167
28068,56168
28069,56169
28070,56175
28071,56176
28072,56178
28073,56179
28074,56180
28075,56182
28076,56183
28077,56184
28078,56186
28079,56188
28080,56191
28081,56192
28082,56193
28083,56195
28084,56198
28085,56199
28086,56200
28087,56201
28088,56202
28089,56203
28090,56204
28091,56206
28092,56207
28093,56209
28094,56210
28095,56213
28096,56214
28097,56215
28098,56216
28099,56217
28100,56219
28101,56221
28102,56222
28103,56223
28104,56226
28105,56228
28106,56232
28107,56233
28108,56234
28109,56235
28110,56238
28111,56239
28112,56241
28113,56242
28114,56244
28115,56246
28116,56247
28117,56248
28118,56250
28119,56251
28120,56252
28121,56254
28122,56255
28123,56257
28124,56258
28125,56264
28126,56268
28127,56269
28128,56271
28129,56273
28130,56276
28131,56278
28132,56279
28133,56280
28134,56281
28135,56282
28136,56283
28137,56285
28138,56286
28139,56291
28140,56292
28141,56299
28142,56300
28143,56302
28144,56303
28145,56305
28146,56308
28147,56309
28148,56314
28149,56316
28150,56318
28151,56323
28152,56324
28153,56326
28154,56327
28155,56328
28156,56329
28157,56330
28158,56331
28159,56333
28160,56334
28161,56339
28162,56341
28163,56342
28164,56344
28165,56345
28166,56347
28167,56348
28168,56351
28169,56352
28170,56353
28171,56355
28172,56356
28173,56358
28174,56359
28175,56360
28176,56362
28177,56365
28178,56366
28179,56367
28180,56374
28181,56375
28182,56377
28183,56380
28184,56382
28185,56385
28186,56387
28187,56388
28188,56389
28189,56393
28190,56394
28191,56395
28192,56397
28193,56398
28194,56400
28195,56403
28196,56404
28197,56409
28198,56411
28199,56412
28200,56413
28201,56414
28202,56415
28203,56416
28204,56417
28205,56418
28206,56419
28207,56423
28208,56425
28209,56427
28210,56428
28211,56431
28212,56435
28213,56437
28214,56440
28215,56444
28216,56445
28217,56446
28218,56449
28219,56451
28220,56452
28221,56457
28222,56458
28223,56459
28224,56462
28225,56463
28226,56464
28227,56467
28228,56471
28229,56472
28230,56474
28231,56475
28232,56476
28233,56478
28234,56482
28235,56483
28236,56485
28237,56488
28238,56490
28239,56494
28240,56497
28241,56500
28242,56502
28243,56505
28244,56507
28245,56508
28246,56510
28247,56511
28248,56515
28249,56516
28250,56517
28251,56519
28252,56521
28253,56522
28254,56523
28255,56524
28256,56526
28257,56528
28258,56530
28259,56533
28260,56534
28261,56535
28262,56537
28263,56539
28264,56541
28265,56543
28266,56544
28267,56545
28268,56546
28269,56547
28270,56548
28271,56549
28272,56550
28273,56552
28274,56555
28275,56558
28276,56559
28277,56560
28278,56561
28279,56562
28280,56566
28281,56567
28282,56569
28283,56570
28284,56571
28285,56573
28286,56578
28287,56580
28288,56581
28289,56585
28290,56586
28291,56590
28292,56594
28293,56596
28294,56598
28295,56599
28296,56600
28297,56601
28298,56602
28299,56605
28300,56606
28301,56608
28302,56609
28303,56610
28304,56616
28305,56620
28306,56621
28307,56626
28308,56627
28309,56628
28310,56629
28311,56633
28312,56634
28313,56635
28314,56642
28315,56643
28316,56645
28317,56649
28318,56650
28319,56655
28320,56656
28321,56659
28322,56661
28323,56664
28324,56666
28325,56667
28326,56669
28327,56670
28328,56675
28329,56676
28330,56677
28331,56678
28332,56679
28333,56680
28334,56681
28335,56684
28336,56685
28337,56686
28338,56689
28339,56694
28340,56698
28341,56699
28342,56702
28343,56703
28344,56707
28345,56709
28346,56710
28347,56713
28348,56714
28349,56715
28350,56724
28351,56725
28352,56726
28353,56729
28354,56734
28355,56735
28356,56736
28357,56740
28358,56743
28359,56744
28360,56746
28361,56747
28362,56748
28363,56749
28364,56750
28365,56753
28366,56758
28367,56759
28368,56760
28369,56763
28370,56764
28371,56765
28372,56768
28373,56771
28374,56772
28375,56776
28376,56780
28377,56781
28378,56787
28379,56788
28380,56789
28381,56790
28382,56791
28383,56792
28384,56795
28385,56797
28386,56798
28387,56802
28388,56811
28389,56813
28390,56815
28391,56817
28392,56819
28393,56820
28394,56822
28395,56823
28396,56826
28397,56827
28398,56828
28399,56831
28400,56834
28401,56836
28402,56838
28403,56840
28404,56841
28405,56842
28406,56845
28407,56846
28408,56847
28409,56848
28410,56849
28411,56852
28412,56855
28413,56857
28414,56858
28415,56859
28416,56860
28417,56864
28418,56867
28419,56870
28420,56874
28421,56875
28422,56876
28423,56877
28424,56878
28425,56880
28426,56881
28427,56882
28428,56883
28429,56884
28430,56885
28431,56888
28432,56891
28433,56892
28434,56893
28435,56894
28436,56895
28437,56896
28438,56897
28439,56899
28440,56905
28441,56912
28442,56916
28443,56919
28444,56921
28445,56924
28446,56926
28447,56931
28448,56936
28449,56938
28450,56941
28451,56942
28452,56946
28453,56948
28454,56950
28455,56951
28456,56952
28457,56955
28458,56956
28459,56957
28460,56959
28461,56960
28462,56962
28463,56963
28464,56966
28465,56967
28466,56970
28467,56971
28468,56973
28469,56975
28470,56976
28471,56982
28472,56985
28473,56986
28474,56987
28475,56988
28476,56990
28477,56991
28478,56993
28479,56994
28480,56997
28481,56999
28482,57000
28483,57001
28484,57002
28485,57005
28486,57013
28487,57014
28488,57016
28489,57017
28490,57019
28491,57020
28492,57021
28493,57023
28494,57025
28495,57027
28496,57028
28497,57034
28498,57041
28499,57043
28500,57046
28501,57047
28502,57050
28503,57053
28504,57054
28505,57056
28506,57060
28507,57062
28508,57063
28509,57064
28510,57065
28511,57068
28512,57069
28513,57070
28514,57072
28515,57075
28516,57078
28517,57080
28518,57081
28519,57084
28520,57085
28521,57086
28522,57087
28523,57089
28524,57090
28525,57091
28526,57092
28527,57096
28528,57098
28529,57099
28530,57102
28531,57103
28532,57104
28533,57106
28534,57112
28535,57114
28536,57115
28537,57117
28538,57118
28539,57119
28540,57121
28541,57122
28542,57124
28543,57127
28544,57128
28545,57129
28546,57131
28547,57132
28548,57136
28549,57137
28550,57138
28551,57141
28552,57142
28553,57143
28554,57144
28555,57145
28556,57147
28557,57149
28558,57150
28559,57151
28560,57155
28561,57157
28562,57158
28563,57159
28564,57160
28565,57162
28566,57168
28567,57169
28568,57170
28569,57172
28570,57173
28571,57174
28572,57175
28573,57177
28574,57179
28575,57181
28576,57187
28577,57188
28578,57189
28579,57190
28580,57191
28581,57193
28582,57197
28583,57198
28584,57199
28585,57201
28586,57202
28587,57204
28588,57207
28589,57208
28590,57213
28591,57214
28592,57215
28593,57219
28594,57220
28595,57221
28596,57224
28597,57227
28598,57228
28599,57231
28600,57232
28601,57233
28602,57234
28603,57236
28604,57238
28605,57241
28606,57244
28607,57249
28608,57251
28609,57252
28610,57254
28611,57257
28612,57258
28613,57260
28614,57262
28615,57263
28616,57264
28617,57265
28618,57266
28619,57268
28620,57272
28621,57273
28622,57274
28623,57276
28624,57277
28625,57279
28626,57280
28627,57282
28628,57283
28629,57284
28630,57285
28631,57286
28632,57287
28633,57292
28634,57293
28635,57294
28636,57297
28637,57298
28638,57299
28639,57301
28640,57302
28641,57303
28642,57305
28643,57306
28644,57308
28645,57309
28646,57310
28647,57312
28648,57315
28649,57317
28650,57318
28651,57328
28652,57329
28653,57333
28654,57336
28655,57337
28656,57338
28657,57339
28658,57340
28659,57341
28660,57346
28661,57347
28662,57348
28663,57349
28664,57350
28665,57352
28666,57353
28667,57355
28668,57356
28669,57357
28670,57362
28671,57364
28672,57368
28673,57373
28674,57374
28675,57376
28676,57377
28677,57383
28678,57384
28679,57387
28680,57389
28681,57392
28682,57393
28683,57395
28684,57396
28685,57397
28686,57398
28687,57399
28688,57400
28689,57401
28690,57403
28691,57405
28692,57406
28693,57408
28694,57410
28695,57411
28696,57416
28697,57418
28698,57420
28699,57422
28700,57423
28701,57425
28702,57427
28703,57428
28704,57429
28705,57430
28706,57431
28707,57432
28708,57433
28709,57436
28710,57439
28711,57440
28712,57443
28713,57444
28714,57445
28715,57446
28716,57447
28717,57448
28718,57452
28719,57453
28720,57455
28721,57458
28722,57460
28723,57461
28724,57463
28725,57464
28726,57465
28727,57466
28728,57467
28729,57469
28730,57472
28731,57473
28732,57475
28733,57476
28734,57477
28735,57478
28736,57479
28737,57483
28738,57484
28739,57485
28740,57486
28741,57487
28742,57488
28743,57490
28744,57491
28745,57492
28746,57493
28747,57494
28748,57496
28749,57497
28750,57500
28751,57502
28752,57503
28753,57504
28754,57506
28755,57507
28756,57508
28757,57509
28758,57513
28759,57515
28760,57517
28761,57518
28762,57520
28763,57521
28764,57522
28765,57523
28766,57524
28767,57525
28768,57527
28769,57528
28770,57534
28771,57535
28772,57537
28773,57539
28774,57543
28775,57544
28776,57546
28777,57547
28778,57550
28779,57553
28780,57554
28781,57556
28782,57557
28783,57559
28784,57560
28785,57561
28786,57562
28787,57564
28788,57565
28789,57566
28790,57567
28791,57568
28792,57570
28793,57571
28794,57572
28795,57575
28796,57576
28797,57577
28798,57580
28799,57582
28800,57585
28801,57586
28802,57588
28803,57589
28804,57590
28805,57593
28806,57596
28807,57597
28808,57600
28809,57601
28810,57602
28811,57603
28812,57605
28813,57606
28814,57611
28815,57613
28816,57614
28817,57616
28818,57617
28819,57620
28820,57623
28821,57625
28822,57626
28823,57628
28824,57630
28825,57632
28826,57634
28827,57635
28828,57637
28829,57641
28830,57647
28831,57652
28832,57653
28833,57654
28834,57658
28835,57661
28836,57664
28837,57665
28838,57666
28839,57668
28840,57669
28841,57671
28842,57673
28843,57678
28844,57680
28845,57685
28846,57687
28847,57689
28848,57690
28849,57692
28850,57697
28851,57699
28852,57700
28853,57705
28854,57706
28855,57707
28856,57711
28857,57712
28858,57714
28859,57716
28860,57721
28861,57724
28862,57726
28863,57727
28864,57731
28865,57734
28866,57735
28867,57736
28868,57738
28869,57740
28870,57741
28871,57742
28872,57743
28873,57746
28874,57750
28875,57751
28876,57757
28877,57761
28878,57762
28879,57763
28880,57765
28881,57769
28882,57770
28883,57773
28884,57775
28885,57776
28886,57778
28887,57779
28888,57780
28889,57784
28890,57786
28891,57787
28892,57788
28893,57791
28894,57793
28895,57794
28896,57795
28897,57797
28898,57798
28899,57805
28900,57806
28901,57808
28902,57811
28903,57812
28904,57816
28905,57820
28906,57821
28907,57829
28908,57831
28909,57832
28910,57835
28911,57839
28912,57840
28913,57841
28914,57843
28915,57844
28916,57846
28917,57847
28918,57848
28919,57854
28920,57855
28921,57857
28922,57858
28923,57859
28924,57863
28925,57866
28926,57868
28927,57869
28928,57870
28929,57871
28930,57876
28931,57878
28932,57879
28933,57882
28934,57886
28935,57887
28936,57888
28937,57889
28938,57890
28939,57893
28940,57895
28941,57897
28942,57898
28943,57899
28944,57902
28945,57904
28946,57905
28947,57907
28948,57908
28949,57914
28950,57918
28951,57919
28952,57920
28953,57923
28954,57924
28955,57925
28956,57929
28957,57931
28958,57934
28959,57935
28960,57936
28961,57937
28962,57940
28963,57941
28964,57943
28965,57944
28966,57946
28967,57954
28968,57957
28969,57958
28970,57959
28971,57960
28972,57962
28973,57966
28974,57968
28975,57969
28976,57970
28977,57973
28978,57974
28979,57977
28980,57980
28981,57982
28982,57983
28983,57985
28984,57987
28985,57988
28986,57989
28987,57991
28988,57994
28989,57995
28990,57996
28991,57998
28992,58000
28993,58003
28994,58004
28995,58006
28996,58013
28997,58015
28998,58017
28999,58018
29000,58019
29001,58021
29002,58022
29003,58026
29004,58028
29005,58029
29006,58030
29007,58031
29008,58034
29009,58037
29010,58039
29011,58041
29012,58042
29013,58045
29014,58047
29015,58048
29016,58049
29017,58052
29018,58057
29019,58060
29020,58061
29021,58063
29022,58064
29023,58065
29024,58066
29025,58072
29026,58073
29027,58074
29028,58079
29029,58085
29030,58088
29031,58089
29032,58090
29033,58091
29034,58094
29035,58099
29036,58100
29037,58101
29038,58102
29039,58103
29040,58106
29041,58107
29042,58108
29043,58109
29044,58112
29045,58113
29046,58115
29047,58116
29048,58118
29049,58119
29050,58120
29051,58121
29052,58122
29053,58123
29054,58125
29055,58127
29056,58128
29057,58129
29058,58133
29059,58134
29060,58137
29061,58139
29062,58148
29063,58150
29064,58151
29065,58152
29066,58154
29067,58156
29068,58157
29069,58158
29070,58159
29071,58160
29072,58161
29073,58162
29074,58163
29075,58164
29076,58165
29077,58167
29078,58169
29079,58170
29080,58174
29081,58175
29082,58176
29083,58180
29084,58183
29085,58184
29086,58186
29087,58188
29088,58191
29089,58192
29090,58195
29091,58200
29092,58201
29093,58203
29094,58204
29095,58206
29096,58208
29097,58210
29098,58216
29099,58217
29100,58218
29101,58219
29102,58220
29103,58223
29104,58230
29105,58233
29106,58236
29107,58239
29108,58243
29109,58245
29110,58246
29111,58249
29112,58250
29113,58251
29114,58253
29115,58255
29116,58257
29117,58258
29118,58260
29119,58262
29120,58263
29121,58264
29122,58265
29123,58267
29124,58269
29125,58270
29126,58272
29127,58282
29128,58284
29129,58285
29130,58286
29131,58294
29132,58295
29133,58296
29134,58298
29135,58299
29136,58301
29137,58308
29138,58309
29139,58310
29140,58312
29141,58314
29142,58317
29143,58318
29144,58320
29145,58321
29146,58322
29147,58323
29148,58328
29149,58330
29150,58331
29151,58335
29152,58337
29153,58338
29154,58342
29155,58343
29156,58345
29157,58346
29158,58347
29159,58348
29160,58350
29161,58354
29162,58357
29163,58359
29164,58365
29165,58366
29166,58368
29167,58369
29168,58372
29169,58373
29170,58374
29171,58378
29172,58380
29173,58382
29174,58384
29175,58385
29176,58387
29177,58392
29178,58394
29179,58395
29180,58398
29181,58399
29182,58400
29183,58401
29184,58403
29185,58404
29186,58405
29187,58407
29188,58409
29189,58410
29190,58412
29191,58413
29192,58414
29193,58415
29194,58416
29195,58417
29196,58418
29197,58420
29198,58422
29199,58423
29200,58424
29201,58427
29202,58428
29203,58430
29204,58431
29205,58433
29206,58434
29207,58436
29208,58438
29209,58439
29210,58440
29211,58442
29212,58443
29213,58444
29214,58447
29215,58449
29216,58450
29217,58453
29218,58456
29219,58459
29220,58460
29221,58461
29222,58462
29223,58463
29224,58464
29225,58468
29226,58469
29227,58471
29228,58472
29229,58474
29230,58476
29231,58477
29232,58480
29233,58481
29234,58483
29235,58484
29236,58496
29237,58499
29238,58501
29239,58502
29240,58505
29241,58507
29242,58508
29243,58511
29244,58514
29245,58519
29246,58520
29247,58521
29248,58523
29249,58524
29250,58525
29251,58530
29252,58532
29253,58533
29254,58534
29255,58535
29256,58539
29257,58540
29258,58541
29259,58542
29260,58543
29261,58545
29262,58546
29263,58547
29264,58549
29265,58551
29266,58554
29267,58556
29268,58561
29269,58562
29270,58569
29271,58573
29272,58574
29273,58578
29274,58579
29275,58581
29276,58582
29277,58583
29278,58588
29279,58590
29280,58591
29281,58592
29282,58595
29283,58598
29284,58599
29285,58602
29286,58604
29287,58608
29288,58612
29289,58613
29290,58614
29291,58615
29292,58616
29293,58618
29294,58619
29295,58623
29296,58626
29297,58627
29298,58630
29299,58633
29300,58634
29301,58635
29302,58636
29303,58637
29304,58638
29305,58640
29306,58641
29307,58642
29308,58643
29309,58644
29310,58650
29311,58655
29312,58657
29313,58658
29314,58659
29315,58660
29316,58661
29317,58663
29318,58664
29319,58665
29320,58667
29321,58669
29322,58670
29323,58671
29324,58673
29325,58674
29326,58675
29327,58676
29328,58678
29329,58679
29330,58680
29331,58681
29332,58682
29333,58683
29334,58686
29335,58691
29336,58692
29337,58696
29338,58701
29339,58704
29340,58705
29341,58706
29342,58708
29343,58709
29344,58710
29345,58711
29346,58712
29347,58714
29348,58718
29349,58720
29350,58721
29351,58725
29352,58726
29353,58729
29354,58730
29355,58731
29356,58732
29357,58733
29358,58735
29359,58736
29360,58738
29361,58741
29362,58743
29363,58744
29364,58745
29365,58746
29366,58752
29367,58756
29368,58758
29369,58762
29370,58763
29371,58766
29372,58768
29373,58769
29374,58770
29375,58772
29376,58773
29377,58775
29378,58779
29379,58780
29380,58781
29381,58782
29382,58790
29383,58795
29384,58797
29385,58798
29386,58801
29387,58803
29388,58805
29389,58807
29390,58808
29391,58810
29392,58814
29393,58815
29394,58816
29395,58817
29396,58819
29397,58820
29398,58821
29399,58822
29400,58823
29401,58824
29402,58825
29403,58830
29404,58831
29405,58832
29406,58836
29407,58838
29408,58840
29409,58841
29410,58842
29411,58843
29412,58844
29413,58845
29414,58847
29415,58850
29416,58853
29417,58854
29418,58855
29419,58859
29420,58863
29421,58865
29422,58866
29423,58869
29424,58870
29425,58872
29426,58873
29427,58874
29428,58876
29429,58877
29430,58878
29431,58879
29432,58881
29433,58882
29434,58883
29435,58884
29436,58887
29437,58892
29438,58893
29439,58902
29440,58903
29441,58905
29442,58906
29443,58907
29444,58908
29445,58909
29446,58910
29447,58911
29448,58912
29449,58916
29450,58917
29451,58918
29452,58919
29453,58920
29454,58921
29455,58922
29456,58923
29457,58927
29458,58928
29459,58929
29460,58933
29461,58937
29462,58939
29463,58940
29464,58941
29465,58942
29466,58944
29467,58945
29468,58946
29469,58954
29470,58955
29471,58956
29472,58957
29473,58959
29474,58960
29475,58961
29476,58962
29477,58963
29478,58965
29479,58967
29480,58968
29481,58970
29482,58973
29483,58975
29484,58977
29485,58978
29486,58983
29487,58984
29488,58986
29489,58987
29490,58988
29491,58993
29492,58994
29493,58996
29494,58998
29495,59001
29496,59003
29497,59006
29498,59007
29499,59009
29500,59016
29501,59017
29502,59019
29503,59020
29504,59021
29505,59026
29506,59030
29507,59031
29508,59033
29509,59035
29510,59039
29511,59041
29512,59042
29513,59044
29514,59046
29515,59047
29516,59049
29517,59051
29518,59052
29519,59057
29520,59059
29521,59061
29522,59062
29523,59063
29524,59064
29525,59066
29526,59067
29527,59069
29528,59070
29529,59074
29530,59076
29531,59077
29532,59080
29533,59082
29534,59083
29535,59084
29536,59086
29537,59089
29538,59093
29539,59094
29540,59095
29541,59096
29542,59097
29543,59098
29544,59099
29545,59100
29546,59103
29547,59104
29548,59106
29549,59108
29550,59109
29551,59110
29552,59111
29553,59113
29554,59121
29555,59122
29556,59124
29557,59125
29558,59126
29559,59127
29560,59129
29561,59130
29562,59132
29563,59133
29564,59134
29565,59135
29566,59136
29567,59137
29568,59138
29569,59140
29570,59142
29571,59147
29572,59148
29573,59149
29574,59151
29575,59152
29576,59156
29577,59157
29578,59160
29579,59161
29580,59162
29581,59163
29582,59164
29583,59165
29584,59166
29585,59168
29586,59169
29587,59171
29588,59173
29589,59174
29590,59176
29591,59178
29592,59180
29593,59182
29594,59184
29595,59188
29596,59190
29597,59196
29598,59197
29599,59199
29600,59200
29601,59203
29602,59204
29603,59205
29604,59206
29605,59208
29606,59209
29607,59211
29608,59212
29609,59213
29610,59214
29611,59215
29612,59216
29613,59218
29614,59222
29615,59224
29616,59226
29617,59228
29618,59229
29619,59232
29620,59234
29621,59235
29622,59238
29623,59242
29624,59245
29625,59247
29626,59251
29627,59253
29628,59254
29629,59255
29630,59257
29631,59259
29632,59263
29633,59266
29634,59267
29635,59268
29636,59269
29637,59270
29638,59272
29639,59274
29640,59275
29641,59276
29642,59277
29643,59278
29644,59279
29645,59280
29646,59281
29647,59283
29648,59285
29649,59286
29650,59290
29651,59294
29652,59298
29653,59299
29654,59303
29655,59305
29656,59307
29657,59308
29658,59309
29659,59310
29660,59313
29661,59315
29662,59316
29663,59317
29664,59319
29665,59321
29666,59322
29667,59323
29668,59325
29669,59326
29670,59328
29671,59331
29672,59335
29673,59337
29674,59339
29675,59340
29676,59346
29677,59347
29678,59348
29679,59350
29680,59351
29681,59352
29682,59354
29683,59358
29684,59359
29685,59360
29686,59361
29687,59362
29688,59363
29689,59366
29690,59368
29691,59371
29692,59372
29693,59377
29694,59378
29695,59379
29696,59384
29697,59386
29698,59387
29699,59393
29700,59397
29701,59400
29702,59403
29703,59404
29704,59406
29705,59407
29706,59408
29707,59410
29708,59411
29709,59413
29710,59414
29711,59417
29712,59418
29713,59419
29714,59426
29715,59428
29716,59429
29717,59432
29718,59434
29719,59436
29720,59437
29721,59438
29722,59441
29723,59445
29724,59447
29725,59451
29726,59458
29727,59460
29728,59465
29729,59466
29730,59467
29731,59470
29732,59471
29733,59473
29734,59474
29735,59476
29736,59483
29737,59486
29738,59488
29739,59490
29740,59491
29741,59496
29742,59497
29743,59498
29744,59499
29745,59503
29746,59506
29747,59507
29748,59509
29749,59510
29750,59513
29751,59515
29752,59517
29753,59518
29754,59521
29755,59522
29756,59524
29757,59525
29758,59526
29759,59527
29760,59528
29761,59530
29762,59532
29763,59534
29764,59535
29765,59539
29766,59543
29767,59545
29768,59546
29769,59547
29770,59548
29771,59550
29772,59552
29773,59559
29774,59561
29775,59562
29776,59564
29777,59565
29778,59567
29779,59569
29780,59572
29781,59573
29782,59574
29783,59575
29784,59577
29785,59578
29786,59579
29787,59580
29788,59583
29789,59584
29790,59585
29791,59586
29792,59587
29793,59588
29794,59590
29795,59592
29796,59593
29797,59595
29798,59598
29799,59600
29800,59601
29801,59602
29802,59604
29803,59610
29804,59612
29805,59615
29806,59616
29807,59619
29808,59625
29809,59626
29810,59627
29811,59630
29812,59631
29813,59633
29814,59635
29815,59636
29816,59637
29817,59639
29818,59640
29819,59643
29820,59645
29821,59647
29822,59648
29823,59651
29824,59652
29825,59653
29826,59654
29827,59656
29828,59657
29829,59659
29830,59661
29831,59662
29832,59663
29833,59665
29834,59666
29835,59668
29836,59670
29837,59672
29838,59673
29839,59674
29840,59675
29841,59678
29842,59679
29843,59682
29844,59685
29845,59687
29846,59688
29847,59690
29848,59695
29849,59701
29850,59702
29851,59705
29852,59706
29853,59709
29854,59710
29855,59711
29856,59712
29857,59714
29858,59716
29859,59717
29860,59718
29861,59719
29862,59720
29863,59721
29864,59722
29865,59725
29866,59726
29867,59727
29868,59728
29869,59730
29870,59732
29871,59733
29872,59734
29873,59735
29874,59737
29875,59739
29876,59742
29877,59743
29878,59744
29879,59747
29880,59752
29881,59753
29882,59754
29883,59756
29884,59757
29885,59759
29886,59760
29887,59761
29888,59762
29889,59765
29890,59766
29891,59770
29892,59771
29893,59772
29894,59774
29895,59777
29896,59779
29897,59783
29898,59784
29899,59786
29900,59789
29901,59791
29902,59792
29903,59794
29904,59796
29905,59799
29906,59801
29907,59803
29908,59804
29909,59806
29910,59808
29911,59812
29912,59816
29913,59819
29914,59820
29915,59822
29916,59824
29917,59825
29918,59828
29919,59829
29920,59830
29921,59831
29922,59832
29923,59834
29924,59835
29925,59836
29926,59837
29927,59838
29928,59839
29929,59840
29930,59842
29931,59845
29932,59847
29933,59848
29934,59850
29935,59852
29936,59856
29937,59857
29938,59861
29939,59868
29940,59869
29941,59870
29942,59871
29943,59872
29944,59875
29945,59878
29946,59880
29947,59881
29948,59886
29949,59888
29950,59890
29951,59892
29952,59896
29953,59897
29954,59899
29955,59901
29956,59906
29957,59913
29958,59915
29959,59916
29960,59922
29961,59926
29962,59929
29963,59930
29964,59931
29965,59932
29966,59933
29967,59934
29968,59935
29969,59937
29970,59938
29971,59941
29972,59942
29973,59944
29974,59947
29975,59949
29976,59954
29977,59957
29978,59963
29979,59964
29980,59965
29981,59966
29982,59967
29983,59970
29984,59971
29985,59972
29986,59973
29987,59975
29988,59977
29989,59978
29990,59980
29991,59983
29992,59984
29993,59987
29994,59988
29995,59989
29996,59992
29997,59994
29998,59998
29999,60001
30000,60005
30001,60006
30002,60009
30003,60012
30004,60014
30005,60015
30006,60016
30007,60019
30008,60024
30009,60025
30010,60026
30011,60027
30012,60028
30013,60029
30014,60031
30015,60036
30016,60040
30017,60041
30018,60044
30019,60045
30020,60046
30021,60047
30022,60050
30023,60051
30024,60055
30025,60056
30026,60057
30027,60058
30028,60060
30029,60061
30030,60063
30031,60065
30032,60067
30033,60068
30034,60071
30035,60072
30036,60076
30037,60077
30038,60078
30039,60079
30040,60080
30041,60081
30042,60082
30043,60083
30044,60084
30045,60085
30046,60086
30047,60088
30048,60090
30049,60091
30050,60096
30051,60102
30052,60103
30053,60105
30054,60106
30055,60107
30056,60108
30057,60112
30058,60116
30059,60118
30060,60119
30061,60122
30062,60123
30063,60124
30064,60126
30065,60128
30066,60129
30067,60131
30068,60132
30069,60133
30070,60135
30071,60137
30072,60139
30073,60140
30074,60142
30075,60143
30076,60145
30077,60148
30078,60151
30079,60152
30080,60155
30081,60156
30082,60157
30083,60161
30084,60165
30085,60166
30086,60167
30087,60168
30088,60169
30089,60173
30090,60174
30091,60175
30092,60176
30093,60178
30094,60179
30095,60180
30096,60181
30097,60182
30098,60183
30099,60184
30100,60187
30101,60188
30102,60189
30103,60190
30104,60191
30105,60192
30106,60193
30107,60194
30108,60196
30109,60197
30110,60199
30111,60200
30112,60201
30113,60202
30114,60206
30115,60208
30116,60210
30117,60213
30118,60214
30119,60215
30120,60216
30121,60217
30122,60221
30123,60225
30124,60226
30125,60227
30126,60229
30127,60230
30128,60233
30129,60235
30130,60236
30131,60237
30132,60238
30133,60240
30134,60241
30135,60248
30136,60249
30137,60250
30138,60254
30139,60255
30140,60256
30141,60257
30142,60259
30143,60266
30144,60269
30145,60271
30146,60272
30147,60273
30148,60274
30149,60279
30150,60280
30151,60282
30152,60284
30153,60285
30154,60287
30155,60289
30156,60290
30157,60291
30158,60293
30159,60294
30160,60295
30161,60298
30162,60299
30163,60302
30164,60304
30165,60309
30166,60311
30167,60312
30168,60313
30169,60315
30170,60316
30171,60317
30172,60318
30173,60321
30174,60323
30175,60324
30176,60327
30177,60328
30178,60330
30179,60331
30180,60334
30181,60336
30182,60340
30183,60343
30184,60344
30185,60346
30186,60348
30187,60349
30188,60350
30189,60353
30190,60355
30191,60358
30192,60359
30193,60360
30194,60361
30195,60362
30196,60366
30197,60367
30198,60368
30199,60373
30200,60375
30201,60376
30202,60378
30203,60381
30204,60382
30205,60384
30206,60386
30207,60387
30208,60389
30209,60390
30210,60392
30211,60393
30212,60397
30213,60399
30214,60400
30215,60403
30216,60404
30217,60405
30218,60406
30219,60407
30220,60408
30221,60410
30222,60411
30223,60412
30224,60413
30225,60415
30226,60417
30227,60419
30228,60420
30229,60422
30230,60425
30231,60426
30232,60429
30233,60431
30234,60433
30235,60436
30236,60437
30237,60438
30238,60439
30239,60440
30240,60442
30241,60443
30242,60444
30243,60445
30244,60446
30245,60447
30246,60451
30247,60454
30248,60455
30249,60457
30250,60458
30251,60459
30252,60462
30253,60465
30254,60467
30255,60470
30256,60472
30257,60473
30258,60476
30259,60477
30260,60478
30261,60479
30262,60482
30263,60483
30264,60485
30265,60488
30266,60490
30267,60491
30268,60493
30269,60494
30270,60495
30271,60496
30272,60499
30273,60500
30274,60501
30275,60504
30276,60505
30277,60506
30278,60508
30279,60509
30280,60513
30281,60514
30282,60517
30283,60519
30284,60522
30285,60524
30286,60525
30287,60527
30288,60528
30289,60530
30290,60531
30291,60532
30292,60536
30293,60540
30294,60541
30295,60543
30296,60544
30297,60545
30298,60546
30299,60548
30300,60549
30301,60550
30302,60551
30303,60553
30304,60556
30305,60557
30306,60560
30307,60561
30308,60563
30309,60565
30310,60568
30311,60569
30312,60571
30313,60572
30314,60573
30315,60575
30316,60576
30317,60577
30318,60578
30319,60579
30320,60580
30321,60581
30322,60585
30323,60586
30324,60587
30325,60588
30326,60591
30327,60592
30328,60593
30329,60594
30330,60595
30331,60596
30332,60597
30333,60599
30334,60600
30335,60601
30336,60602
30337,60606
30338,60609
30339,60615
30340,60616
30341,60617
30342,60618
30343,60621
30344,60623
30345,60625
30346,60626
30347,60628
30348,60637
30349,60638
30350,60639
30351,60646
30352,60647
30353,60648
30354,60651
30355,60652
30356,60653
30357,60655
30358,60656
30359,60661
30360,60665
30361,60666
30362,60667
30363,60669
30364,60670
30365,60671
30366,60674
30367,60677
30368,60680
30369,60681
30370,60682
30371,60684
30372,60685
30373,60686
30374,60687
30375,60690
30376,60694
30377,60695
30378,60698
30379,60699
30380,60700
30381,60701
30382,60703
30383,60704
30384,60707
30385,60709
30386,60713
30387,60714
30388,60715
30389,60717
30390,60718
30391,60721
30392,60723
30393,60724
30394,60725
30395,60726
30396,60728
30397,60729
30398,60730
30399,60731
30400,60732
30401,60733
30402,60734
30403,60735
30404,60736
30405,60737
30406,60738
30407,60739
30408,60740
30409,60742
30410,60747
30411,60748
30412,60749
30413,60751
30414,60755
30415,60758
30416,60760
30417,60761
30418,60762
30419,60763
30420,60764
30421,60765
30422,60767
30423,60769
30424,60771
30425,60773
30426,60774
30427,60775
30428,60776
30429,60777
30430,60778
30431,60781
30432,60783
30433,60784
30434,60785
30435,60786
30436,60787
30437,60790
30438,60791
30439,60792
30440,60793
30441,60796
30442,60801
30443,60802
30444,60803
30445,60804
30446,60805
30447,60806
30448,60807
30449,60808
30450,60811
30451,60816
30452,60820
30453,60822
30454,60823
30455,60824
30456,60826
30457,60828
30458,60830
30459,60835
30460,60840
30461,60841
30462,60843
30463,60844
30464,60845
30465,60846
30466,60847
30467,60849
30468,60850
30469,60853
30470,60855
30471,60856
30472,60857
30473,60861
30474,60863
30475,60864
30476,60867
30477,60870
30478,60873
30479,60877
30480,60879
30481,60881
30482,60885
30483,60887
30484,60888
30485,60889
30486,60890
30487,60892
30488,60893
30489,60896
30490,60897
30491,60903
30492,60904
30493,60906
30494,60907
30495,60908
30496,60910
30497,60911
30498,60912
30499,60913
30500,60914
30501,60915
30502,60916
30503,60917
30504,60919
30505,60920
30506,60921
30507,60926
30508,60930
30509,60931
30510,60933
30511,60934
30512,60936
30513,60937
30514,60938
30515,60939
30516,60941
30517,60943
30518,60945
30519,60946
30520,60947
30521,60948
30522,60950
30523,60952
30524,60953
30525,60954
30526,60955
30527,60956
30528,60958
30529,60960
30530,60964
30531,60968
30532,60971
30533,60972
30534,60976
30535,60982
30536,60987
30537,60989
30538,60990
30539,60991
30540,60993
30541,60996
30542,60998
30543,60999
30544,61000
30545,61001
30546,61002
30547,61003
30548,61006
30549,61007
30550,61010
30551,61011
30552,61014
30553,61017
30554,61020
30555,61021
30556,61025
30557,61030
30558,61031
30559,61032
30560,61033
30561,61040
30562,61041
30563,61044
30564,61046
30565,61050
30566,61054
30567,61057
30568,61058
30569,61060
30570,61061
30571,61066
30572,61067
30573,61072
30574,61073
30575,61075
30576,61076
30577,61077
30578,61084
30579,61085
30580,61087
30581,61088
30582,61089
30583,61090
30584,61091
30585,61096
30586,61097
30587,61098
30588,61099
30589,61100
30590,61106
30591,61108
30592,61113
30593,61115
30594,61116
30595,61117
30596,61118
30597,61120
30598,61121
30599,61122
30600,61123
30601,61126
30602,61128
30603,61129
30604,61131
30605,61132
30606,61134
30607,61135
30608,61137
30609,61139
30610,61142
30611,61143
30612,61144
30613,61146
30614,61148
30615,61152
30616,61154
30617,61157
30618,61158
30619,61160
30620,61161
30621,61162
30622,61168
30623,61169
30624,61170
30625,61172
30626,61173
30627,61174
30628,61176
30629,61178
30630,61179
30631,61184
30632,61189
30633,61193
30634,61197
30635,61201
30636,61203
30637,61206
30638,61209
30639,61211
30640,61212
30641,61214
30642,61215
30643,61217
30644,61218
30645,61219
30646,61220
30647,61226
30648,61227
30649,61231
30650,61233
30651,61238
30652,61240
30653,61243
30654,61246
30655,61249
30656,61250
30657,61254
30658,61255
30659,61256
30660,61260
30661,61261
30662,61264
30663,61267
30664,61269
30665,61273
30666,61275
30667,61279
30668,61280
30669,61281
30670,61283
30671,61284
30672,61285
30673,61286
30674,61288
30675,61292
30676,61295
30677,61302
30678,61303
30679,61307
30680,61308
30681,61312
30682,61318
30683,61319
30684,61320
30685,61321
30686,61322
30687,61323
30688,61324
30689,61325
30690,61328
30691,61329
30692,61330
30693,61331
30694,61336
30695,61337
30696,61340
30697,61342
30698,61343
30699,61346
30700,61349
30701,61350
30702,61351
30703,61353
30704,61354
30705,61356
30706,61357
30707,61360
30708,61362
30709,61364
30710,61366
30711,61367
30712,61369
30713,61372
30714,61374
30715,61375
30716,61376
30717,61377
30718,61379
30719,61381
30720,61382
30721,61383
30722,61384
30723,61385
30724,61386
30725,61387
30726,61388
30727,61390
30728,61392
30729,61393
30730,61397
30731,61404
30732,61405
30733,61406
30734,61407
30735,61410
30736,61411
30737,61413
30738,61414
30739,61417
30740,61418
30741,61419
30742,61420
30743,61423
30744,61424
30745,61425
30746,61426
30747,61428
30748,61429
30749,61430
30750,61433
30751,61447
30752,61448
30753,61449
30754,61452
30755,61453
30756,61457
30757,61458
30758,61459
30759,61460
30760,61463
30761,61467
30762,61472
30763,61473
30764,61475
30765,61476
30766,61478
30767,61481
30768,61483
30769,61485
30770,61486
30771,61487
30772,61488
30773,61490
30774,61492
30775,61493
30776,61494
30777,61496
30778,61501
30779,61503
30780,61505
30781,61507
30782,61508
30783,61509
30784,61514
30785,61518
30786,61519
30787,61520
30788,61522
30789,61525
30790,61527
30791,61528
30792,61533
30793,61534
30794,61535
30795,61536
30796,61538
30797,61540
30798,61541
30799,61545
30800,61546
30801,61548
30802,61550
30803,61551
30804,61552
30805,61553
30806,61555
30807,61557
30808,61559
30809,61560
30810,61561
30811,61562
30812,61564
30813,61566
30814,61568
30815,61570
30816,61571
30817,61572
30818,61574
30819,61575
30820,61578
30821,61579
30822,61582
30823,61583
30824,61585
30825,61587
30826,61589
30827,61592
30828,61593
30829,61595
30830,61597
30831,61599
30832,61603
30833,61604
30834,61605
30835,61609
30836,61611
30837,61613
30838,61615
30839,61617
30840,61618
30841,61619
30842,61621
30843,61626
30844,61628
30845,61629
30846,61637
30847,61641
30848,61642
30849,61644
30850,61645
30851,61646
30852,61647
30853,61654
30854,61657
30855,61659
30856,61663
30857,61664
30858,61669
30859,61671
30860,61672
30861,61673
30862,61674
30863,61676
30864,61678
30865,61679
30866,61681
30867,61682
30868,61685
30869,61686
30870,61690
30871,61691
30872,61695
30873,61696
30874,61697
30875,61700
30876,61701
30877,61702
30878,61703
30879,61704
30880,61709
30881,61711
30882,61712
30883,61713
30884,61715
30885,61716
30886,61717
30887,61718
30888,61719
30889,61720
30890,61724
30891,61732
30892,61733
30893,61734
30894,61737
30895,61739
30896,61741
30897,61744
30898,61745
30899,61747
30900,61748
30901,61749
30902,61752
30903,61755
30904,61756
30905,61757
30906,61759
30907,61762
30908,61763
30909,61764
30910,61766
30911,61767
30912,61768
30913,61769
30914,61771
30915,61772
30916,61775
30917,61776
30918,61777
30919,61783
30920,61787
30921,61788
30922,61791
30923,61792
30924,61795
30925,61796
30926,61801
30927,61802
30928,61803
30929,61805
30930,61807
30931,61810
30932,61814
30933,61817
30934,61818
30935,61820
30936,61821
30937,61822
30938,61823
30939,61826
30940,61827
30941,61828
30942,61832
30943,61835
30944,61836
30945,61837
30946,61838
30947,61840
30948,61841
30949,61843
30950,61844
30951,61846
30952,61848
30953,61851
30954,61855
30955,61859
30956,61861
30957,61862
30958,61864
30959,61865
30960,61866
30961,61867
30962,61869
30963,61871
30964,61873
30965,61874
30966,61875
30967,61877
30968,61880
30969,61881
30970,61884
30971,61885
30972,61887
30973,61888
30974,61892
30975,61893
30976,61895
30977,61896
30978,61901
30979,61907
30980,61908
30981,61910
30982,61911
30983,61914
30984,61915
30985,61918
30986,61919
30987,61922
30988,61923
30989,61926
30990,61928
30991,61929
30992,61933
30993,61934
30994,61941
30995,61943
30996,61946
30997,61951
30998,61952
30999,61953
31000,61954
31001,61955
31002,61956
31003,61958
31004,61960
31005,61961
31006,61962
31007,61963
31008,61964
31009,61965
31010,61967
31011,61968
31012,61973
31013,61974
31014,61983
31015,61984
31016,61987
31017,61988
31018,61989
31019,61993
31020,61995
31021,62000
31022,62001
31023,62006
31024,62011
31025,62014
31026,62015
31027,62018
31028,62019
31029,62021
31030,62022
31031,62023
31032,62024
31033,62025
31034,62027
31035,62029
31036,62030
31037,62031
31038,62032
31039,62033
31040,62034
31041,62036
31042,62038
31043,62040
31044,62041
31045,62044
31046,62045
31047,62046
31048,62049
31049,62050
31050,62055
31051,62058
31052,62064
31053,62065
31054,62066
31055,62067
31056,62068
31057,62069
31058,62072
31059,62077
31060,62078
31061,62079
31062,62080
31063,62081
31064,62082
31065,62083
31066,62084
31067,62086
31068,62093
31069,62096
31070,62098
31071,62102
31072,62104
31073,62105
31074,62107
31075,62109
31076,62110
31077,62111
31078,62112
31079,62117
31080,62122
31081,62124
31082,62125
31083,62126
31084,62128
31085,62129
31086,62131
31087,62132
31088,62134
31089,62135
31090,62137
31091,62139
31092,62144
31093,62145
31094,62146
31095,62152
31096,62155
31097,62156
31098,62161
31099,62162
31100,62163
31101,62169
31102,62171
31103,62172
31104,62173
31105,62174
31106,62176
31107,62178
31108,62179
31109,62180
31110,62181
31111,62182
31112,62183
31113,62184
31114,62187
31115,62192
31116,62193
31117,62194
31118,62198
31119,62200
31120,62201
31121,62205
31122,62206
31123,62208
31124,62209
31125,62214
31126,62215
31127,62219
31128,62224
31129,62227
31130,62230
31131,62231
31132,62233
31133,62235
31134,62236
31135,62237
31136,62238
31137,62239
31138,62240
31139,62241
31140,62242
31141,62243
31142,62245
31143,62247
31144,62250
31145,62251
31146,62252
31147,62256
31148,62257
31149,62258
31150,62260
31151,62261
31152,62262
31153,62270
31154,62271
31155,62272
31156,62275
31157,62276
31158,62279
31159,62280
31160,62281
31161,62283
31162,62287
31163,62288
31164,62291
31165,62292
31166,62296
31167,62298
31168,62299
31169,62301
31170,62306
31171,62312
31172,62314
31173,62317
31174,62318
31175,62320
31176,62321
31177,62322
31178,62325
31179,62326
31180,62327
31181,62328
31182,62330
31183,62331
31184,62336
31185,62338
31186,62346
31187,62348
31188,62351
31189,62352
31190,62353
31191,62355
31192,62356
31193,62358
31194,62359
31195,62361
31196,62362
31197,62363
31198,62367
31199,62368
31200,62371
31201,62372
31202,62373
31203,62374
31204,62380
31205,62385
31206,62388
31207,62389
31208,62391
31209,62392
31210,62393
31211,62394
31212,62397
31213,62399
31214,62400
31215,62403
31216,62406
31217,62407
31218,62408
31219,62409
31220,62410
31221,62411
31222,62412
31223,62413
31224,62414
31225,62416
31226,62421
31227,62425
31228,62428
31229,62432
31230,62434
31231,62436
31232,62437
31233,62439
31234,62440
31235,62441
31236,62443
31237,62444
31238,62445
31239,62447
31240,62452
31241,62454
31242,62455
31243,62460
31244,62462
31245,62466
31246,62467
31247,62468
31248,62471
31249,62473
31250,62474
31251,62475
31252,62476
31253,62477
31254,62478
31255,62480
31256,62482
31257,62486
31258,62487
31259,62489
31260,62492
31261,62493
31262,62496
31263,62497
31264,62499
31265,62502
31266,62503
31267,62508
31268,62510
31269,62513
31270,62514
31271,62516
31272,62517
31273,62520
31274,62521
31275,62522
31276,62524
31277,62525
31278,62527
31279,62528
31280,62530
31281,62534
31282,62536
31283,62539
31284,62543
31285,62545
31286,62546
31287,62548
31288,62549
31289,62550
31290,62551
31291,62552
31292,62554
31293,62558
31294,62559
31295,62560
31296,62562
31297,62564
31298,62566
31299,62567
31300,62571
31301,62572
31302,62573
31303,62574
31304,62575
31305,62576
31306,62577
31307,62579
31308,62580
31309,62592
31310,62595
31311,62599
31312,62602
31313,62603
31314,62608
31315,62613
31316,62614
31317,62615
31318,62616
31319,62619
31320,62620
31321,62623
31322,62624
31323,62625
31324,62628
31325,62629
31326,62630
31327,62632
31328,62634
31329,62639
31330,62640
31331,62641
31332,62646
31333,62649
31334,62650
31335,62652
31336,62657
31337,62659
31338,62660
31339,62661
31340,62663
31341,62664
31342,62665
31343,62667
31344,62668
31345,62670
31346,62671
31347,62673
31348,62676
31349,62677
31350,62679
31351,62681
31352,62682
31353,62684
31354,62685
31355,62692
31356,62695
31357,62697
31358,62703
31359,62710
31360,62712
31361,62713
31362,62714
31363,62716
31364,62717
31365,62718
31366,62719
31367,62722
31368,62724
31369,62728
31370,62730
31371,62731
31372,62732
31373,62735
31374,62736
31375,62737
31376,62738
31377,62739
31378,62740
31379,62743
31380,62744
31381,62747
31382,62748
31383,62750
31384,62751
31385,62752
31386,62756
31387,62758
31388,62759
31389,62762
31390,62763
31391,62765
31392,62766
31393,62767
31394,62768
31395,62770
31396,62771
31397,62772
31398,62773
31399,62774
31400,62775
31401,62778
31402,62780
31403,62786
31404,62788
31405,62790
31406,62791
31407,62792
31408,62793
31409,62795
31410,62798
31411,62799
31412,62800
31413,62802
31414,62805
31415,62806
31416,62809
31417,62812
31418,62813
31419,62814
31420,62817
31421,62818
31422,62819
31423,62825
31424,62828
31425,62829
31426,62830
31427,62831
31428,62835
31429,62836
31430,62837
31431,62842
31432,62843
31433,62846
31434,62847
31435,62850
31436,62853
31437,62855
31438,62857
31439,62858
31440,62860
31441,62861
31442,62863
31443,62866
31444,62867
31445,62868
31446,62869
31447,62870
31448,62874
31449,62875
31450,62878
31451,62879
31452,62881
31453,62884
31454,62886
31455,62887
31456,62889
31457,62891
31458,62892
31459,62894
31460,62896
31461,62897
31462,62898
31463,62899
31464,62900
31465,62901
31466,62903
31467,62904
31468,62905
31469,62911
31470,62914
31471,62916
31472,62917
31473,62919
31474,62922
31475,62923
31476,62924
31477,62925
31478,62927
31479,62929
31480,62930
31481,62931
31482,62933
31483,62935
31484,62936
31485,62937
31486,62939
31487,62941
31488,62942
31489,62945
31490,62950
31491,62951
31492,62952
31493,62955
31494,62957
31495,62959
31496,62960
31497,62963
31498,62965
31499,62967
31500,62971
31501,62976
31502,62977
31503,62978
31504,62980
31505,62982
31506,62983
31507,62984
31508,62986
31509,62987
31510,62989
31511,62991
31512,62994
31513,62996
31514,62999
31515,63000
31516,63006
31517,63009
31518,63010
31519,63011
31520,63013
31521,63014
31522,63015
31523,63016
31524,63017
31525,63018
31526,63019
31527,63022
31528,63024
31529,63026
31530,63027
31531,63029
31532,63031
31533,63032
31534,63033
31535,63035
31536,63036
31537,63037
31538,63038
31539,63044
31540,63046
31541,63048
31542,63050
31543,63052
31544,63053
31545,63054
31546,63058
31547,63059
31548,63061
31549,63062
31550,63066
31551,63073
31552,63074
31553,63075
31554,63078
31555,63079
31556,63081
31557,63083
31558,63087
31559,63089
31560,63090
31561,63095
31562,63098
31563,63099
31564,63101
31565,63102
31566,63104
31567,63107
31568,63108
31569,63109
31570,63112
31571,63114
31572,63116
31573,63117
31574,63120
31575,63122
31576,63123
31577,63124
31578,63125
31579,63126
31580,63128
31581,63129
31582,63135
31583,63136
31584,63137
31585,63139
31586,63140
31587,63141
31588,63143
31589,63144
31590,63146
31591,63148
31592,63149
31593,63150
31594,63152
31595,63154
31596,63155
31597,63156
31598,63157
31599,63159
31600,63161
31601,63164
31602,63168
31603,63169
31604,63171
31605,63174
31606,63175
31607,63178
31608,63179
31609,63180
31610,63181
31611,63183
31612,63184
31613,63185
31614,63186
31615,63188
31616,63189
31617,63191
31618,63192
31619,63194
31620,63196
31621,63198
31622,63199
31623,63201
31624,63204
31625,63205
31626,63207
31627,63208
31628,63210
31629,63211
31630,63216
31631,63218
31632,63219
31633,63222
31634,63223
31635,63224
31636,63225
31637,63228
31638,63229
31639,63230
31640,63231
31641,63235
31642,63236
31643,63238
31644,63239
31645,63240
31646,63242
31647,63245
31648,63246
31649,63247
31650,63248
31651,63249
31652,63250
31653,63252
31654,63253
31655,63255
31656,63259
31657,63260
31658,63261
31659,63262
31660,63263
31661,63264
31662,63266
31663,63267
31664,63268
31665,63269
31666,63270
31667,63274
31668,63276
31669,63278
31670,63281
31671,63282
31672,63284
31673,63289
31674,63291
31675,63297
31676,63298
31677,63299
31678,63301
31679,63304
31680,63305
31681,63306
31682,63307
31683,63308
31684,63311
31685,63317
31686,63318
31687,63319
31688,63320
31689,63322
31690,63323
31691,63324
31692,63325
31693,63329
31694,63331
31695,63332
31696,63336
31697,63337
31698,63340
31699,63342
31700,63343
31701,63345
31702,63347
31703,63349
31704,63350
31705,63351
31706,63353
31707,63356
31708,63358
31709,63359
31710,63360
31711,63361
31712,63363
31713,63364
31714,63365
31715,63370
31716,63372
31717,63373
31718,63377
31719,63380
31720,63381
31721,63382
31722,63383
31723,63385
31724,63388
31725,63389
31726,63391
31727,63394
31728,63395
31729,63397
31730,63399
31731,63401
31732,63402
31733,63405
31734,63406
31735,63407
31736,63409
31737,63410
31738,63414
31739,63417
31740,63419
31741,63421
31742,63425
31743,63428
31744,63430
31745,63431
31746,63433
31747,63437
31748,63438
31749,63440
31750,63441
31751,63443
31752,63446
31753,63447
31754,63449
31755,63450
31756,63452
31757,63457
31758,63463
31759,63465
31760,63466
31761,63467
31762,63469
31763,63471
31764,63472
31765,63473
31766,63475
31767,63476
31768,63478
31769,63479
31770,63480
31771,63481
31772,63485
31773,63487
31774,63490
31775,63491
31776,63492
31777,63494
31778,63495
31779,63497
31780,63499
31781,63500
31782,63501
31783,63502
31784,63503
31785,63504
31786,63507
31787,63508
31788,63509
31789,63511
31790,63512
31791,63514
31792,63516
31793,63517
31794,63518
31795,63520
31796,63525
31797,63526
31798,63528
31799,63531
31800,63532
31801,63533
31802,63534
31803,63536
31804,63539
31805,63540
31806,63542
31807,63544
31808,63545
31809,63553
31810,63554
31811,63555
31812,63556
31813,63557
31814,63558
31815,63560
31816,63561
31817,63563
31818,63565
31819,63567
31820,63570
31821,63573
31822,63574
31823,63575
31824,63576
31825,63579
31826,63581
31827,63583
31828,63585
31829,63586
31830,63589
31831,63590
31832,63591
31833,63592
31834,63593
31835,63595
31836,63598
31837,63599
31838,63605
31839,63608
31840,63609
31841,63611
31842,63612
31843,63615
31844,63616
31845,63617
31846,63618
31847,63620
31848,63627
31849,63628
31850,63629
31851,63632
31852,63633
31853,63635
31854,63636
31855,63637
31856,63640
31857,63642
31858,63643
31859,63645
31860,63646
31861,63648
31862,63651
31863,63653
31864,63656
31865,63659
31866,63660
31867,63661
31868,63664
31869,63666
31870,63671
31871,63677
31872,63681
31873,63683
31874,63684
31875,63685
31876,63686
31877,63687
31878,63695
31879,63698
31880,63699
31881,63701
31882,63704
31883,63705
31884,63707
31885,63708
31886,63709
31887,63710
31888,63713
31889,63714
31890,63715
31891,63716
31892,63717
31893,63718
31894,63720
31895,63723
31896,63725
31897,63729
31898,63730
31899,63735
31900,63739
31901,63740
31902,63741
31903,63746
31904,63749
31905,63750
31906,63751
31907,63752
31908,63754
31909,63756
31910,63758
31911,63762
31912,63767
31913,63769
31914,63771
31915,63772
31916,63775
31917,63777
31918,63778
31919,63779
31920,63780
31921,63782
31922,63784
31923,63785
31924,63786
31925,63788
31926,63790
31927,63792
31928,63793
31929,63794
31930,63801
31931,63802
31932,63804
31933,63810
31934,63811
31935,63814
31936,63816
31937,63818
31938,63819
31939,63820
31940,63821
31941,63823
31942,63824
31943,63825
31944,63826
31945,63827
31946,63829
31947,63830
31948,63832
31949,63834
31950,63835
31951,63839
31952,63845
31953,63849
31954,63850
31955,63852
31956,63853
31957,63854
31958,63855
31959,63857
31960,63859
31961,63860
31962,63861
31963,63865
31964,63866
31965,63869
31966,63870
31967,63871
31968,63875
31969,63877
31970,63879
31971,63883
31972,63886
31973,63888
31974,63889
31975,63891
31976,63896
31977,63898
31978,63903
31979,63904
31980,63906
31981,63908
31982,63909
31983,63913
31984,63918
31985,63919
31986,63920
31987,63921
31988,63923
31989,63925
31990,63926
31991,63930
31992,63931
31993,63934
31994,63939
31995,63940
31996,63942
31997,63943
31998,63946
31999,63949
32000,63952
32001,63953
32002,63954
32003,63955
32004,63958
32005,63962
32006,63965
32007,63966
32008,63967
32009,63968
32010,63970
32011,63975
32012,63978
32013,63981
32014,63982
32015,63983
32016,63984
32017,63985
32018,63987
32019,63988
32020,63989
32021,63990
32022,63992
32023,63993
32024,63994
32025,63995
32026,63996
32027,63997
32028,64001
32029,64002
32030,64003
32031,64004
32032,64006
32033,64007
32034,64008
32035,64009
32036,64010
32037,64012
32038,64013
32039,64015
32040,64016
32041,64017
32042,64019
32043,64021
32044,64023
32045,64024
32046,64026
32047,64028
32048,64031
32049,64032
32050,64035
32051,64036
32052,64039
32053,64040
32054,64041
32055,64042
32056,64044
32057,64050
32058,64052
32059,64053
32060,64054
32061,64055
32062,64056
32063,64060
32064,64063
32065,64064
32066,64065
32067,64066
32068,64068
32069,64069
32070,64071
32071,64072
32072,64074
32073,64076
32074,64077
32075,64078
32076,64083
32077,64089
32078,64090
32079,64091
32080,64092
32081,64094
32082,64095
32083,64096
32084,64097
32085,64102
32086,64105
32087,64106
32088,64109
32089,64111
32090,64112
32091,64113
32092,64114
32093,64116
32094,64118
32095,64120
32096,64122
32097,64125
32098,64127
32099,64131
32100,64132
32101,64134
32102,64136
32103,64138
32104,64142
32105,64143
32106,64144
32107,64146
32108,64149
32109,64150
32110,64151
32111,64152
32112,64153
32113,64154
32114,64155
32115,64158
32116,64159
32117,64160
32118,64161
32119,64162
32120,64166
32121,64168
32122,64169
32123,64171
32124,64172
32125,64174
32126,64175
32127,64177
32128,64178
32129,64179
32130,64181
32131,64183
32132,64187
32133,64188
32134,64191
32135,64192
32136,64195
32137,64199
32138,64202
32139,64204
32140,64205
32141,64206
32142,64207
32143,64209
32144,64211
32145,64214
32146,64215
32147,64217
32148,64221
32149,64222
32150,64228
32151,64232
32152,64233
32153,64234
32154,64238
32155,64240
32156,64241
32157,64244
32158,64248
32159,64249
32160,64251
32161,64252
32162,64253
32163,64254
32164,64257
32165,64258
32166,64261
32167,64263
32168,64268
32169,64269
32170,64274
32171,64275
32172,64276
32173,64277
32174,64278
32175,64279
32176,64280
32177,64281
32178,64282
32179,64283
32180,64284
32181,64286
32182,64288
32183,64290
32184,64291
32185,64293
32186,64294
32187,64299
32188,64301
32189,64304
32190,64305
32191,64306
32192,64307
32193,64310
32194,64311
32195,64313
32196,64315
32197,64316
32198,64318
32199,64320
32200,64328
32201,64329
32202,64332
32203,64335
32204,64336
32205,64337
32206,64338
32207,64340
32208,64344
32209,64345
32210,64347
32211,64348
32212,64352
32213,64354
32214,64355
32215,64356
32216,64357
32217,64358
32218,64360
32219,64363
32220,64364
32221,64367
32222,64370
32223,64372
32224,64373
32225,64376
32226,64384
32227,64386
32228,64389
32229,64390
32230,64392
32231,64393
32232,64394
32233,64397
32234,64398
32235,64400
32236,64401
32237,64402
32238,64405
32239,64406
32240,64407
32241,64408
32242,64409
32243,64410
32244,64412
32245,64414
32246,64416
32247,64417
32248,64420
32249,64424
32250,64427
32251,64428
32252,64429
32253,64430
32254,64431
32255,64432
32256,64433
32257,64435
32258,64436
32259,64437
32260,64438
32261,64440
32262,64441
32263,64446
32264,64447
32265,64448
32266,64449
32267,64450
32268,64451
32269,64453
32270,64454
32271,64457
32272,64461
32273,64462
32274,64463
32275,64466
32276,64467
32277,64469
32278,64470
32279,64476
32280,64477
32281,64479
32282,64480
32283,64483
32284,64492
32285,64494
32286,64495
32287,64498
32288,64499
32289,64504
32290,64507
32291,64508
32292,64511
32293,64514
32294,64515
32295,64516
32296,64517
32297,64520
32298,64521
32299,64524
32300,64528
32301,64529
32302,64530
32303,64533
32304,64536
32305,64538
32306,64540
32307,64542
32308,64543
32309,64545
32310,64547
32311,64549
32312,64550
32313,64552
32314,64553
32315,64555
32316,64556
32317,64558
32318,64564
32319,64565
32320,64567
32321,64568
32322,64572
32323,64573
32324,64574
32325,64576
32326,64577
32327,64580
32328,64581
32329,64583
32330,64586
32331,64590
32332,64591
32333,64594
32334,64595
32335,64596
32336,64597
32337,64599
32338,64601
32339,64604
32340,64607
32341,64608
32342,64610
32343,64611
32344,64614
32345,64615
32346,64617
32347,64620
32348,64623
32349,64624
32350,64626
32351,64627
32352,64631
32353,64633
32354,64635
32355,64636
32356,64639
32357,64641
32358,64644
32359,64646
32360,64648
32361,64650
32362,64654
32363,64658
32364,64659
32365,64661
32366,64663
32367,64667
32368,64668
32369,64669
32370,64670
32371,64672
32372,64675
32373,64676
32374,64679
32375,64680
32376,64682
32377,64685
32378,64686
32379,64690
32380,64694
32381,64696
32382,64698
32383,64700
32384,64703
32385,64704
32386,64705
32387,64709
32388,64714
32389,64717
32390,64718
32391,64721
32392,64723
32393,64724
32394,64725
32395,64730
32396,64735
32397,64741
32398,64744
32399,64746
32400,64748
32401,64751
32402,64756
32403,64757
32404,64762
32405,64763
32406,64764
32407,64768
32408,64771
32409,64772
32410,64773
32411,64774
32412,64779
32413,64782
32414,64785
32415,64786
32416,64787
32417,64792
32418,64795
32419,64796
32420,64797
32421,64799
32422,64800
32423,64801
32424,64802
32425,64803
32426,64806
32427,64809
32428,64810
32429,64811
32430,64812
32431,64814
32432,64816
32433,64817
32434,64818
32435,64820
32436,64821
32437,64822
32438,64823
32439,64824
32440,64825
32441,64826
32442,64834
32443,64835
32444,64837
32445,64839
32446,64840
32447,64843
32448,64845
32449,64846
32450,64848
32451,64852
32452,64853
32453,64854
32454,64856
32455,64858
32456,64860
32457,64861
32458,64863
32459,64864
32460,64869
32461,64874
32462,64876
32463,64877
32464,64878
32465,64880
32466,64881
32467,64884
32468,64886
32469,64889
32470,64890
32471,64891
32472,64897
32473,64900
32474,64901
32475,64902
32476,64904
32477,64905
32478,64908
32479,64909
32480,64913
32481,64917
32482,64918
32483,64919
32484,64920
32485,64921
32486,64923
32487,64931
32488,64933
32489,64934
32490,64937
32491,64944
32492,64945
32493,64946
32494,64951
32495,64953
32496,64954
32497,64955
32498,64958
32499,64960
32500,64962
32501,64963
32502,64965
32503,64966
32504,64969
32505,64972
32506,64975
32507,64976
32508,64979
32509,64980
32510,64982
32511,64983
32512,64985
32513,64987
32514,64988
32515,64991
32516,64992
32517,64994
32518,64995
32519,64996
32520,64997
32521,64999
32522,65002
32523,65003
32524,65006
32525,65009
32526,65010
32527,65011
32528,65016
32529,65019
32530,65021
32531,65023
32532,65024
32533,65027
32534,65028
32535,65029
32536,65030
32537,65031
32538,65032
32539,65033
32540,65035
32541,65038
32542,65041
32543,65049
32544,65050
32545,65051
32546,65052
32547,65053
32548,65054
32549,65055
32550,65059
32551,65063
32552,65068
32553,65069
32554,65070
32555,65071
32556,65077
32557,65081
32558,65082
32559,65086
32560,65089
32561,65092
32562,65093
32563,65094
32564,65098
32565,65100
32566,65101
32567,65102
32568,65103
32569,65104
32570,65105
32571,65107
32572,65111
32573,65119
32574,65121
32575,65123
32576,65127
32577,65128
32578,65131
32579,65133
32580,65134
32581,65136
32582,65137
32583,65139
32584,65141
32585,65142
32586,65143
32587,65146
32588,65149
32589,65152
32590,65155
32591,65159
32592,65160
32593,65161
32594,65162
32595,65164
32596,65166
32597,65167
32598,65168
32599,65171
32600,65175
32601,65176
32602,65177
32603,65181
32604,65183
32605,65185
32606,65186
32607,65191
32608,65192
32609,65193
32610,65198
32611,65200
32612,65201
32613,65204
32614,65205
32615,65208
32616,65209
32617,65210
32618,65212
32619,65213
32620,65215
32621,65218
32622,65221
32623,65222
32624,65224
32625,65225
32626,65226
32627,65227
32628,65229
32629,65231
32630,65233
32631,65234
32632,65237
32633,65239
32634,65240
32635,65241
32636,65243
32637,65245
32638,65246
32639,65247
32640,65248
32641,65249
32642,65250
32643,65251
32644,65252
32645,65255
32646,65258
32647,65259
32648,65260
32649,65262
32650,65263
32651,65264
32652,65265
32653,65267
32654,65269
32655,65270
32656,65271
32657,65272
32658,65279
32659,65280
32660,65281
32661,65284
32662,65285
32663,65286
32664,65287
32665,65288
32666,65289
32667,65291
32668,65292
32669,65295
32670,65301
32671,65302
32672,65303
32673,65304
32674,65306
32675,65309
32676,65311
32677,65312
32678,65313
32679,65315
32680,65318
32681,65319
32682,65322
32683,65323
32684,65324
32685,65325
32686,65326
32687,65331
32688,65332
32689,65333
32690,65336
32691,65338
32692,65341
32693,65342
32694,65346
32695,65349
32696,65351
32697,65359
32698,65362
32699,65364
32700,65365
32701,65366
32702,65367
32703,65372
32704,65373
32705,65374
32706,65376
32707,65378
32708,65379
32709,65381
32710,65382
32711,65387
32712,65388
32713,65389
32714,65390
32715,65391
32716,65392
32717,65394
32718,65395
32719,65402
32720,65404
32721,65405
32722,65406
32723,65407
32724,65408
32725,65409
32726,65410
32727,65411
32728,65413
32729,65416
32730,65417
32731,65418
32732,65427
32733,65431
32734,65435
32735,65436
32736,65442
32737,65445
32738,65454
32739,65459
32740,65461
32741,65462
32742,65466
32743,65470
32744,65471
32745,65475
32746,65476
32747,65477
32748,65478
32749,65479
32750,65480
32751,65484
32752,65485
32753,65487
32754,65488
32755,65489
32756,65494
32757,65496
32758,65497
32759,65499
32760,65503
32761,65504
32762,65507
32763,65516
32764,65517
32765,65518
32766,65520
32767,65521
32768,65523
32769,65526
32770,65528
32771,65529
32772,65530
32773,65531
32774,65534
32775,65535
32776,65537
32777,65540
32778,65542
32779,65543
32780,65544
32781,65547
32782,65550
32783,65552
32784,65556
32785,65557
32786,65558
32787,65559
32788,65561
32789,65569
32790,65570
32791,65575
32792,65576
32793,65577
32794,65578
32795,65579
32796,65580
32797,65582
32798,65583
32799,65584
32800,65587
32801,65588
32802,65589
32803,65591
32804,65593
32805,65596
32806,65598
32807,65599
32808,65602
32809,65603
32810,65604
32811,65607
32812,65610
32813,65611
32814,65612
32815,65614
32816,65616
32817,65619
32818,65621
32819,65622
32820,65623
32821,65624
32822,65626
32823,65629
32824,65634
32825,65635
32826,65637
32827,65638
32828,65639
32829,65640
32830,65641
32831,65642
32832,65643
32833,65646
32834,65647
32835,65649
32836,65651
32837,65652
32838,65657
32839,65658
32840,65659
32841,65664
32842,65666
32843,65669
32844,65673
32845,65679
32846,65680
32847,65681
32848,65686
32849,65687
32850,65688
32851,65691
32852,65700
32853,65702
32854,65704
32855,65705
32856,65708
32857,65710
32858,65711
32859,65712
32860,65713
32861,65714
32862,65715
32863,65718
32864,65720
32865,65723
32866,65725
32867,65728
32868,65731
32869,65734
32870,65735
32871,65742
32872,65743
32873,65746
32874,65747
32875,65748
32876,65751
32877,65752
32878,65755
32879,65760
32880,65762
32881,65765
32882,65766
32883,65767
32884,65769
32885,65770
32886,65771
32887,65773
32888,65774
32889,65775
32890,65777
32891,65778
32892,65779
32893,65782
32894,65783
32895,65784
32896,65785
32897,65788
32898,65790
32899,65791
32900,65793
32901,65794
32902,65797
32903,65798
32904,65800
32905,65804
32906,65807
32907,65809
32908,65810
32909,65817
32910,65821
32911,65822
32912,65823
32913,65826
32914,65827
32915,65828
32916,65831
32917,65832
32918,65833
32919,65834
32920,65838
32921,65839
32922,65840
32923,65842
32924,65843
32925,65847
32926,65849
32927,65850
32928,65851
32929,65852
32930,65855
32931,65856
32932,65857
32933,65859
32934,65860
32935,65862
32936,65864
32937,65866
32938,65867
32939,65868
32940,65869
32941,65871
32942,65873
32943,65874
32944,65877
32945,65878
32946,65883
32947,65884
32948,65887
32949,65891
32950,65893
32951,65895
32952,65896
32953,65897
32954,65899
32955,65900
32956,65902
32957,65905
32958,65908
32959,65909
32960,65910
32961,65913
32962,65914
32963,65915
32964,65919
32965,65920
32966,65922
32967,65923
32968,65926
32969,65927
32970,65928
32971,65929
32972,65930
32973,65933
32974,65936
32975,65937
32976,65938
32977,65939
32978,65945
32979,65947
32980,65950
32981,65951
32982,65952
32983,65954
32984,65956
32985,65959
32986,65963
32987,65968
32988,65969
32989,65970
32990,65972
32991,65977
32992,65978
32993,65979
32994,65980
32995,65984
32996,65987
32997,65988
32998,65990
32999,65991
33000,65992
33001,65993
33002,65994
33003,65995
33004,65996
33005,65998
33006,65999
33007,66000
33008,66001
33009,66002
33010,66003
33011,66004
33012,66005
33013,66007
33014,66008
33015,66009
33016,66012
33017,66013
33018,66014
33019,66015
33020,66018
33021,66021
33022,66022
33023,66023
33024,66024
33025,66025
33026,66027
33027,66029
33028,66031
33029,66034
33030,66035
33031,66037
33032,66040
33033,66041
33034,66042
33035,66046
33036,66047
33037,66052
33038,66054
33039,66055
33040,66057
33041,66058
33042,66063
33043,66067
33044,66068
33045,66069
33046,66072
33047,66073
33048,66081
33049,66082
33050,66085
33051,66088
33052,66089
33053,66090
33054,66092
33055,66095
33056,66097
33057,66098
33058,66100
33059,66101
33060,66103
33061,66105
33062,66106
33063,66108
33064,66109
33065,66111
33066,66112
33067,66116
33068,66117
33069,66118
33070,66120
33071,66121
33072,66123
33073,66124
33074,66125
33075,66127
33076,66129
33077,66133
33078,66140
33079,66141
33080,66142
33081,66144
33082,66146
33083,66147
33084,66149
33085,66153
33086,66154
33087,66155
33088,66156
33089,66158
33090,66163
33091,66164
33092,66169
33093,66170
33094,66171
33095,66175
33096,66179
33097,66180
33098,66181
33099,66184
33100,66185
33101,66186
33102,66187
33103,66189
33104,66190
33105,66192
33106,66193
33107,66195
33108,66197
33109,66198
33110,66199
33111,66204
33112,66206
33113,66209
33114,66210
33115,66211
33116,66212
33117,66214
33118,66217
33119,66218
33120,66219
33121,66221
33122,66222
33123,66228
33124,66231
33125,66233
33126,66238
33127,66241
33128,66242
33129,66244
33130,66247
33131,66249
33132,66251
33133,66252
33134,66253
33135,66254
33136,66256
33137,66258
33138,66259
33139,66262
33140,66263
33141,66265
33142,66266
33143,66268
33144,66274
33145,66275
33146,66278
33147,66279
33148,66280
33149,66282
33150,66284
33151,66285
33152,66286
33153,66287
33154,66288
33155,66289
33156,66291
33157,66293
33158,66295
33159,66299
33160,66300
33161,66301
33162,66302
33163,66303
33164,66306
33165,66307
33166,66308
33167,66315
33168,66316
33169,66317
33170,66319
33171,66321
33172,66322
33173,66323
33174,66326
33175,66327
33176,66328
33177,66329
33178,66330
33179,66332
33180,66335
33181,66336
33182,66338
33183,66340
33184,66343
33185,66344
33186,66346
33187,66348
33188,66349
33189,66353
33190,66354
33191,66357
33192,66359
33193,66361
33194,66362
33195,66367
33196,66369
33197,66371
33198,66373
33199,66376
33200,66379
33201,66386
33202,66387
33203,66389
33204,66390
33205,66399
33206,66400
33207,66402
33208,66404
33209,66405
33210,66406
33211,66407
33212,66411
33213,66412
33214,66414
33215,66418
33216,66419
33217,66420
33218,66424
33219,66425
33220,66426
33221,66428
33222,66429
33223,66430
33224,66432
33225,66434
33226,66435
33227,66436
33228,66437
33229,66440
33230,66442
33231,66443
33232,66446
33233,66456
33234,66457
33235,66461
33236,66462
33237,66464
33238,66465
33239,66466
33240,66468
33241,66471
33242,66472
33243,66473
33244,66475
33245,66476
33246,66478
33247,66485
33248,66486
33249,66488
33250,66491
33251,66492
33252,66495
33253,66497
33254,66498
33255,66499
33256,66500
33257,66503
33258,66505
33259,66507
33260,66510
33261,66512
33262,66520
33263,66522
33264,66525
33265,66526
33266,66527
33267,66528
33268,66529
33269,66531
33270,66533
33271,66534
33272,66535
33273,66538
33274,66539
33275,66541
33276,66543
33277,66546
33278,66547
33279,66550
33280,66553
33281,66555
33282,66557
33283,66558
33284,66559
33285,66560
33286,66561
33287,66564
33288,66566
33289,66568
33290,66571
33291,66572
33292,66573
33293,66577
33294,66578
33295,66579
33296,66588
33297,66589
33298,66590
33299,66592
33300,66594
33301,66595
33302,66597
33303,66599
33304,66600
33305,66602
33306,66609
33307,66613
33308,66614
33309,66617
33310,66618
33311,66620
33312,66627
33313,66628
33314,66629
33315,66630
33316,66632
33317,66635
33318,66636
33319,66637
33320,66638
33321,66639
33322,66641
33323,66642
33324,66643
33325,66646
33326,66649
33327,66650
33328,66651
33329,66656
33330,66660
33331,66661
33332,66668
33333,66669
33334,66670
33335,66672
33336,66674
33337,66675
33338,66677
33339,66679
33340,66681
33341,66684
33342,66687
33343,66688
33344,66690
33345,66691
33346,66697
33347,66701
33348,66703
33349,66704
33350,66707
33351,66708
33352,66709
33353,66710
33354,66711
33355,66715
33356,66721
33357,66722
33358,66723
33359,66724
33360,66725
33361,66726
33362,66727
33363,66729
33364,66731
33365,66733
33366,66734
33367,66735
33368,66736
33369,66738
33370,66743
33371,66745
33372,66747
33373,66750
33374,66751
33375,66752
33376,66753
33377,66754
33378,66758
33379,66759
33380,66760
33381,66761
33382,66765
33383,66766
33384,66771
33385,66772
33386,66773
33387,66774
33388,66776
33389,66777
33390,66779
33391,66782
33392,66783
33393,66784
33394,66785
33395,66790
33396,66791
33397,66792
33398,66794
33399,66796
33400,66798
33401,66800
33402,66802
33403,66807
33404,66809
33405,66812
33406,66813
33407,66814
33408,66817
33409,66821
33410,66822
33411,66823
33412,66826
33413,66827
33414,66829
33415,66830
33416,66831
33417,66832
33418,66833
33419,66834
33420,66840
33421,66841
33422,66844
33423,66847
33424,66850
33425,66852
33426,66853
33427,66857
33428,66858
33429,66859
33430,66860
33431,66864
33432,66865
33433,66866
33434,66867
33435,66869
33436,66870
33437,66871
33438,66873
33439,66875
33440,66877
33441,66880
33442,66881
33443,66882
33444,66886
33445,66887
33446,66888
33447,66889
33448,66891
33449,66892
33450,66893
33451,66894
33452,66902
33453,66903
33454,66904
33455,66909
33456,66910
33457,66915
33458,66916
33459,66918
33460,66920
33461,66921
33462,66922
33463,66924
33464,66930
33465,66932
33466,66935
33467,66936
33468,66937
33469,66938
33470,66939
33471,66942
33472,66947
33473,66948
33474,66951
33475,66953
33476,66956
33477,66957
33478,66961
33479,66962
33480,66963
33481,66964
33482,66967
33483,66968
33484,66970
33485,66971
33486,66973
33487,66975
33488,66976
33489,66977
33490,66978
33491,66982
33492,66985
33493,66987
33494,66989
33495,66990
33496,66992
33497,66994
33498,66997
33499,66999
33500,67000
33501,67003
33502,67004
33503,67005
33504,67006
33505,67007
33506,67010
33507,67012
33508,67014
33509,67015
33510,67016
33511,67017
33512,67019
33513,67020
33514,67023
33515,67026
33516,67031
33517,67033
33518,67034
33519,67035
33520,67041
33521,67042
33522,67044
33523,67047
33524,67048
33525,67049
33526,67054
33527,67060
33528,67061
33529,67063
33530,67066
33531,67067
33532,67069
33533,67073
33534,67076
33535,67077
33536,67078
33537,67081
33538,67082
33539,67083
33540,67084
33541,67085
33542,67088
33543,67089
33544,67092
33545,67093
33546,67095
33547,67097
33548,67098
33549,67099
33550,67100
33551,67104
33552,67107
33553,67108
33554,67110
33555,67112
33556,67114
33557,67115
33558,67120
33559,67121
33560,67124
33561,67126
33562,67128
33563,67134
33564,67135
33565,67138
33566,67143
33567,67146
33568,67150
33569,67152
33570,67153
33571,67155
33572,67157
33573,67164
33574,67165
33575,67168
33576,67174
33577,67175
33578,67178
33579,67181
33580,67184
33581,67188
33582,67189
33583,67190
33584,67191
33585,67192
33586,67193
33587,67194
33588,67195
33589,67196
33590,67199
33591,67201
33592,67202
33593,67204
33594,67208
33595,67209
33596,67212
33597,67213
33598,67214
33599,67216
33600,67220
33601,67223
33602,67224
33603,67225
33604,67227
33605,67231
33606,67232
33607,67238
33608,67239
33609,67240
33610,67242
33611,67244
33612,67246
33613,67247
33614,67248
33615,67250
33616,67251
33617,67252
33618,67253
33619,67254
33620,67255
33621,67256
33622,67257
33623,67258
33624,67261
33625,67264
33626,67268
33627,67269
33628,67270
33629,67271
33630,67272
33631,67273
33632,67275
33633,67279
33634,67282
33635,67284
33636,67287
33637,67289
33638,67291
33639,67292
33640,67294
33641,67298
33642,67299
33643,67302
33644,67303
33645,67305
33646,67306
33647,67307
33648,67308
33649,67312
33650,67313
33651,67314
33652,67317
33653,67318
33654,67319
33655,67323
33656,67324
33657,67325
33658,67326
33659,67328
33660,67329
33661,67331
33662,67332
33663,67333
33664,67335
33665,67337
33666,67338
33667,67339
33668,67340
33669,67342
33670,67343
33671,67346
33672,67347
33673,67349
33674,67353
33675,67355
33676,67356
33677,67357
33678,67358
33679,67361
33680,67364
33681,67366
33682,67367
33683,67369
33684,67370
33685,67371
33686,67372
33687,67377
33688,67379
33689,67380
33690,67387
33691,67388
33692,67389
33693,67394
33694,67397
33695,67398
33696,67399
33697,67401
33698,67402
33699,67404
33700,67405
33701,67406
33702,67408
33703,67411
33704,67413
33705,67414
33706,67417
33707,67418
33708,67423
33709,67426
33710,67427
33711,67428
33712,67429
33713,67431
33714,67432
33715,67434
33716,67437
33717,67438
33718,67439
33719,67441
33720,67444
33721,67446
33722,67448
33723,67449
33724,67452
33725,67454
33726,67455
33727,67457
33728,67458
33729,67459
33730,67460
33731,67461
33732,67463
33733,67464
33734,67466
33735,67470
33736,67471
33737,67473
33738,67477
33739,67478
33740,67481
33741,67482
33742,67484
33743,67488
33744,67490
33745,67492
33746,67493
33747,67494
33748,67495
33749,67498
33750,67499
33751,67500
33752,67501
33753,67502
33754,67503
33755,67504
33756,67505
33757,67508
33758,67512
33759,67513
33760,67515
33761,67516
33762,67517
33763,67518
33764,67521
33765,67522
33766,67523
33767,67524
33768,67526
33769,67529
33770,67531
33771,67532
33772,67534
33773,67535
33774,67536
33775,67537
33776,67538
33777,67539
33778,67541
33779,67543
33780,67544
33781,67545
33782,67549
33783,67550
33784,67552
33785,67559
33786,67561
33787,67563
33788,67564
33789,67569
33790,67570
33791,67571
33792,67575
33793,67576
33794,67579
33795,67580
33796,67583
33797,67587
33798,67590
33799,67592
33800,67601
33801,67604
33802,67607
33803,67608
33804,67611
33805,67612
33806,67615
33807,67617
33808,67618
33809,67619
33810,67621
33811,67623
33812,67624
33813,67625
33814,67626
33815,67628
33816,67633
33817,67634
33818,67636
33819,67639
33820,67640
33821,67644
33822,67645
33823,67650
33824,67654
33825,67659
33826,67662
33827,67663
33828,67665
33829,67666
33830,67668
33831,67669
33832,67672
33833,67676
33834,67680
33835,67681
33836,67684
33837,67686
33838,67687
33839,67688
33840,67690
33841,67691
33842,67692
33843,67694
33844,67695
33845,67696
33846,67699
33847,67700
33848,67701
33849,67702
33850,67704
33851,67706
33852,67707
33853,67710
33854,67711
33855,67712
33856,67713
33857,67714
33858,67715
33859,67716
33860,67717
33861,67718
33862,67719
33863,67720
33864,67721
33865,67722
33866,67723
33867,67724
33868,67725
33869,67727
33870,67729
33871,67731
33872,67732
33873,67733
33874,67734
33875,67741
33876,67742
33877,67745
33878,67750
33879,67757
33880,67759
33881,67760
33882,67762
33883,67763
33884,67764
33885,67767
33886,67768
33887,67769
33888,67770
33889,67771
33890,67774
33891,67777
33892,67778
33893,67782
33894,67783
33895,67784
33896,67785
33897,67786
33898,67789
33899,67790
33900,67792
33901,67793
33902,67794
33903,67796
33904,67798
33905,67799
33906,67801
33907,67804
33908,67805
33909,67807
33910,67810
33911,67811
33912,67813
33913,67816
33914,67817
33915,67818
33916,67820
33917,67821
33918,67822
33919,67824
33920,67825
33921,67827
33922,67829
33923,67830
33924,67833
33925,67836
33926,67838
33927,67839
33928,67842
33929,67844
33930,67845
33931,67846
33932,67847
33933,67848
33934,67849
33935,67852
33936,67853
33937,67862
33938,67863
33939,67864
33940,67865
33941,67873
33942,67874
33943,67876
33944,67877
33945,67881
33946,67882
33947,67887
33948,67889
33949,67890
33950,67892
33951,67894
33952,67897
33953,67898
33954,67900
33955,67903
33956,67904
33957,67905
33958,67909
33959,67912
33960,67913
33961,67915
33962,67916
33963,67917
33964,67918
33965,67919
33966,67920
33967,67923
33968,67924
33969,67925
33970,67926
33971,67927
33972,67929
33973,67937
33974,67938
33975,67939
33976,67941
33977,67942
33978,67943
33979,67946
33980,67948
33981,67950
33982,67952
33983,67953
33984,67955
33985,67956
33986,67957
33987,67958
33988,67959
33989,67961
33990,67962
33991,67964
33992,67965
33993,67967
33994,67971
33995,67972
33996,67977
33997,67978
33998,67980
33999,67981
34000,67982
34001,67983
34002,67984
34003,67985
34004,67987
34005,67988
34006,67989
34007,67992
34008,67996
34009,67997
34010,67998
34011,68001
34012,68004
34013,68005
34014,68008
34015,68012
34016,68013
34017,68014
34018,68016
34019,68017
34020,68018
34021,68019
34022,68026
34023,68027
34024,68029
34025,68031
34026,68038
34027,68041
34028,68043
34029,68045
34030,68048
34031,68050
34032,68051
34033,68053
34034,68054
34035,68057
34036,68060
34037,68061
34038,68062
34039,68063
34040,68065
34041,68066
34042,68067
34043,68068
34044,68071
34045,68072
34046,68073
34047,68075
34048,68077
34049,68081
34050,68083
34051,68084
34052,68085
34053,68086
34054,68087
34055,68089
34056,68090
34057,68094
34058,68097
34059,68099
34060,68103
34061,68104
34062,68106
34063,68107
34064,68109
34065,68110
34066,68111
34067,68113
34068,68117
34069,68120
34070,68121
34071,68124
34072,68125
34073,68126
34074,68128
34075,68129
34076,68131
34077,68133
34078,68134
34079,68136
34080,68137
34081,68138
34082,68139
34083,68140
34084,68142
34085,68143
34086,68145
34087,68146
34088,68147
34089,68148
34090,68149
34091,68150
34092,68152
34093,68155
34094,68156
34095,68158
34096,68159
34097,68160
34098,68163
34099,68164
34100,68165
34101,68166
34102,68167
34103,68168
34104,68169
34105,68172
34106,68173
34107,68174
34108,68175
34109,68176
34110,68182
34111,68185
34112,68186
34113,68188
34114,68189
34115,68191
34116,68194
34117,68195
34118,68196
34119,68197
34120,68198
34121,68204
34122,68206
34123,68207
34124,68212
34125,68215
34126,68220
34127,68221
34128,68224
34129,68226
34130,68227
34131,68231
34132,68234
34133,68236
34134,68237
34135,68238
34136,68239
34137,68245
34138,68246
34139,68248
34140,68249
34141,68250
34142,68251
34143,68252
34144,68257
34145,68258
34146,68259
34147,68260
34148,68263
34149,68264
34150,68265
34151,68267
34152,68268
34153,68270
34154,68276
34155,68278
34156,68281
34157,68285
34158,68286
34159,68287
34160,68288
34161,68289
34162,68292
34163,68293
34164,68295
34165,68296
34166,68299
34167,68303
34168,68306
34169,68307
34170,68309
34171,68314
34172,68315
34173,68316
34174,68317
34175,68318
34176,68319
34177,68320
34178,68322
34179,68324
34180,68325
34181,68326
34182,68328
34183,68329
34184,68330
34185,68331
34186,68333
34187,68335
34188,68339
34189,68340
34190,68342
34191,68344
34192,68349
34193,68351
34194,68353
34195,68355
34196,68358
34197,68360
34198,68361
34199,68363
34200,68365
34201,68366
34202,68367
34203,68371
34204,68372
34205,68375
34206,68380
34207,68381
34208,68383
34209,68385
34210,68388
34211,68390
34212,68392
34213,68395
34214,68396
34215,68398
34216,68403
34217,68405
34218,68407
34219,68410
34220,68415
34221,68417
34222,68420
34223,68421
34224,68422
34225,68425
34226,68426
34227,68428
34228,68429
34229,68431
34230,68432
34231,68434
34232,68435
34233,68436
34234,68437
34235,68439
34236,68440
34237,68442
34238,68444
34239,68446
34240,68448
34241,68449
34242,68450
34243,68451
34244,68452
34245,68454
34246,68455
34247,68456
34248,68457
34249,68458
34250,68459
34251,68460
34252,68461
34253,68462
34254,68463
34255,68465
34256,68466
34257,68471
34258,68474
34259,68475
34260,68478
34261,68479
34262,68482
34263,68485
34264,68486
34265,68488
34266,68489
34267,68493
34268,68499
34269,68500
34270,68501
34271,68503
34272,68505
34273,68506
34274,68509
34275,68511
34276,68512
34277,68514
34278,68516
34279,68518
34280,68519
34281,68521
34282,68522
34283,68524
34284,68525
34285,68526
34286,68529
34287,68532
34288,68535
34289,68537
34290,68538
34291,68539
34292,68540
34293,68543
34294,68544
34295,68545
34296,68546
34297,68547
34298,68549
34299,68553
34300,68554
34301,68556
34302,68557
34303,68558
34304,68559
34305,68561
34306,68563
34307,68565
34308,68566
34309,68567
34310,68568
34311,68572
34312,68573
34313,68574
34314,68575
34315,68576
34316,68578
34317,68582
34318,68583
34319,68584
34320,68585
34321,68586
34322,68593
34323,68594
34324,68596
34325,68598
34326,68600
34327,68601
34328,68602
34329,68608
34330,68609
34331,68610
34332,68611
34333,68612
34334,68614
34335,68615
34336,68617
34337,68618
34338,68626
34339,68628
34340,68632
34341,68633
34342,68636
34343,68637
34344,68642
34345,68643
34346,68645
34347,68647
34348,68648
34349,68649
34350,68650
34351,68651
34352,68652
34353,68656
34354,68658
34355,68661
34356,68662
34357,68663
34358,68665
34359,68666
34360,68667
34361,68671
34362,68677
34363,68678
34364,68679
34365,68681
34366,68682
34367,68683
34368,68685
34369,68686
34370,68688
34371,68690
34372,68691
34373,68694
34374,68697
34375,68700
34376,68702
34377,68703
34378,68704
34379,68706
34380,68711
34381,68712
34382,68714
34383,68716
34384,68718
34385,68721
34386,68722
34387,68723
34388,68725
34389,68726
34390,68728
34391,68729
34392,68731
34393,68733
34394,68734
34395,68736
34396,68738
34397,68739
34398,68742
34399,68744
34400,68745
34401,68747
34402,68751
34403,68753
34404,68755
34405,68761
34406,68762
34407,68763
34408,68767
34409,68768
34410,68770
34411,68771
34412,68775
34413,68777
34414,68778
34415,68780
34416,68781
34417,68783
34418,68788
34419,68789
34420,68793
34421,68795
34422,68796
34423,68798
34424,68800
34425,68801
34426,68802
34427,68803
34428,68806
34429,68807
34430,68808
34431,68809
34432,68810
34433,68811
34434,68812
34435,68814
34436,68815
34437,68816
34438,68820
34439,68823
34440,68825
34441,68828
34442,68830
34443,68831
34444,68832
34445,68833
34446,68835
34447,68836
34448,68837
34449,68840
34450,68843
34451,68844
34452,68846
34453,68848
34454,68849
34455,68850
34456,68851
34457,68854
34458,68860
34459,68861
34460,68863
34461,68864
34462,68865
34463,68866
34464,68867
34465,68870
34466,68872
34467,68875
34468,68877
34469,68879
34470,68880
34471,68882
34472,68885
34473,68886
34474,68888
34475,68889
34476,68890
34477,68891
34478,68893
34479,68895
34480,68896
34481,68900
34482,68901
34483,68902
34484,68906
34485,68908
34486,68911
34487,68913
34488,68914
34489,68917
34490,68921
34491,68922
34492,68923
34493,68925
34494,68927
34495,68928
34496,68929
34497,68933
34498,68935
34499,68937
34500,68938
34501,68941
34502,68943
34503,68944
34504,68945
34505,68946
34506,68953
34507,68954
34508,68955
34509,68956
34510,68957
34511,68958
34512,68959
34513,68961
34514,68963
34515,68970
34516,68971
34517,68974
34518,68977
34519,68978
34520,68981
34521,68982
34522,68983
34523,68985
34524,68986
34525,68987
34526,68989
34527,68991
34528,68992
34529,68993
34530,68995
34531,68997
34532,68998
34533,69002
34534,69004
34535,69005
34536,69006
34537,69008
34538,69009
34539,69014
34540,69015
34541,69016
34542,69019
34543,69021
34544,69024
34545,69025
34546,69026
34547,69027
34548,69028
34549,69031
34550,69032
34551,69034
34552,69035
34553,69036
34554,69037
34555,69039
34556,69043
34557,69046
34558,69047
34559,69048
34560,69051
34561,69053
34562,69057
34563,69058
34564,69059
34565,69063
34566,69064
34567,69066
34568,69068
34569,69070
34570,69071
34571,69072
34572,69074
34573,69075
34574,69076
34575,69079
34576,69081
34577,69084
34578,69087
34579,69089
34580,69090
34581,69093
34582,69097
34583,69100
34584,69101
34585,69103
34586,69107
34587,69110
34588,69114
34589,69115
34590,69118
34591,69120
34592,69121
34593,69126
34594,69127
34595,69133
34596,69134
34597,69135
34598,69137
34599,69138
34600,69139
34601,69140
34602,69141
34603,69144
34604,69148
34605,69153
34606,69155
34607,69157
34608,69158
34609,69159
34610,69169
34611,69170
34612,69171
34613,69174
34614,69179
34615,69182
34616,69183
34617,69186
34618,69187
34619,69189
34620,69191
34621,69194
34622,69195
34623,69196
34624,69197
34625,69198
34626,69200
34627,69201
34628,69203
34629,69208
34630,69209
34631,69216
34632,69218
34633,69220
34634,69221
34635,69224
34636,69227
34637,69228
34638,69229
34639,69230
34640,69231
34641,69237
34642,69239
34643,69240
34644,69242
34645,69243
34646,69244
34647,69246
34648,69250
34649,69251
34650,69254
34651,69255
34652,69256
34653,69258
34654,69261
34655,69262
34656,69266
34657,69267
34658,69269
34659,69271
34660,69272
34661,69274
34662,69276
34663,69277
34664,69279
34665,69280
34666,69284
34667,69287
34668,69290
34669,69291
34670,69293
34671,69294
34672,69296
34673,69302
34674,69304
34675,69306
34676,69308
34677,69310
34678,69311
34679,69313
34680,69315
34681,69317
34682,69318
34683,69319
34684,69321
34685,69322
34686,69324
34687,69326
34688,69327
34689,69328
34690,69329
34691,69330
34692,69331
34693,69332
34694,69333
34695,69335
34696,69336
34697,69339
34698,69341
34699,69343
34700,69345
34701,69348
34702,69352
34703,69355
34704,69356
34705,69358
34706,69370
34707,69372
34708,69373
34709,69376
34710,69377
34711,69378
34712,69384
34713,69385
34714,69388
34715,69391
34716,69395
34717,69396
34718,69397
34719,69399
34720,69403
34721,69405
34722,69408
34723,69409
34724,69410
34725,69411
34726,69412
34727,69413
34728,69415
34729,69417
34730,69418
34731,69420
34732,69421
34733,69423
34734,69424
34735,69425
34736,69426
34737,69428
34738,69430
34739,69431
34740,69432
34741,69433
34742,69434
34743,69436
34744,69437
34745,69438
34746,69439
34747,69442
34748,69445
34749,69447
34750,69449
34751,69451
34752,69454
34753,69455
34754,69459
34755,69460
34756,69461
34757,69465
34758,69466
34759,69468
34760,69470
34761,69473
34762,69474
34763,69476
34764,69477
34765,69479
34766,69480
34767,69481
34768,69483
34769,69485
34770,69488
34771,69489
34772,69490
34773,69491
34774,69493
34775,69495
34776,69496
34777,69498
34778,69500
34779,69503
34780,69504
34781,69508
34782,69510
34783,69512
34784,69514
34785,69515
34786,69516
34787,69517
34788,69518
34789,69519
34790,69521
34791,69525
34792,69527
34793,69530
34794,69531
34795,69534
34796,69536
34797,69538
34798,69541
34799,69543
34800,69544
34801,69546
34802,69547
34803,69548
34804,69551
34805,69552
34806,69557
34807,69558
34808,69561
34809,69564
34810,69565
34811,69567
34812,69568
34813,69575
34814,69578
34815,69581
34816,69583
34817,69584
34818,69586
34819,69589
34820,69590
34821,69593
34822,69594
34823,69596
34824,69597
34825,69599
34826,69600
34827,69601
34828,69602
34829,69603
34830,69605
34831,69606
34832,69610
34833,69611
34834,69614
34835,69616
34836,69617
34837,69618
34838,69619
34839,69621
34840,69623
34841,69625
34842,69627
34843,69629
34844,69630
34845,69631
34846,69632
34847,69633
34848,69634
34849,69635
34850,69637
34851,69642
34852,69647
34853,69650
34854,69655
34855,69658
34856,69659
34857,69660
34858,69664
34859,69675
34860,69676
34861,69678
34862,69680
34863,69681
34864,69683
34865,69684
34866,69685
34867,69689
34868,69693
34869,69701
34870,69705
34871,69707
34872,69710
34873,69714
34874,69715
34875,69717
34876,69719
34877,69721
34878,69725
34879,69726
34880,69729
34881,69730
34882,69731
34883,69733
34884,69735
34885,69736
34886,69737
34887,69738
34888,69739
34889,69750
34890,69752
34891,69753
34892,69754
34893,69757
34894,69759
34895,69761
34896,69762
34897,69765
34898,69766
34899,69772
34900,69773
34901,69774
34902,69775
34903,69776
34904,69781
34905,69783
34906,69785
34907,69786
34908,69787
34909,69788
34910,69790
34911,69794
34912,69796
34913,69797
34914,69798
34915,69799
34916,69803
34917,69804
34918,69806
34919,69810
34920,69812
34921,69816
34922,69817
34923,69818
34924,69820
34925,69823
34926,69824
34927,69829
34928,69831
34929,69832
34930,69834
34931,69835
34932,69836
34933,69837
34934,69840
34935,69841
34936,69842
34937,69846
34938,69847
34939,69849
34940,69850
34941,69852
34942,69853
34943,69855
34944,69857
34945,69858
34946,69864
34947,69869
34948,69873
34949,69875
34950,69877
34951,69885
34952,69890
34953,69893
34954,69896
34955,69898
34956,69899
34957,69901
34958,69903
34959,69905
34960,69907
34961,69910
34962,69912
34963,69913
34964,69914
34965,69915
34966,69918
34967,69919
34968,69920
34969,69921
34970,69923
34971,69925
34972,69927
34973,69932
34974,69936
34975,69937
34976,69938
34977,69939
34978,69941
34979,69942
34980,69943
34981,69944
34982,69945
34983,69947
34984,69948
34985,69950
34986,69952
34987,69953
34988,69955
34989,69959
34990,69962
34991,69963
34992,69964
34993,69970
34994,69971
34995,69974
34996,69976
34997,69977
34998,69981
34999,69982
35000,69983
35001,69984
35002,69985
35003,69986
35004,69989
35005,69990
35006,69991
35007,69992
35008,69994
35009,69996
35010,69997
35011,69999
35012,70002
35013,70003
35014,70006
35015,70008
35016,70009
35017,70010
35018,70013
35019,70014
35020,70015
35021,70017
35022,70018
35023,70019
35024,70020
35025,70021
35026,70022
35027,70026
35028,70027
35029,70030
35030,70032
35031,70034
35032,70035
35033,70036
35034,70038
35035,70039
35036,70040
35037,70045
35038,70047
35039,70049
35040,70052
35041,70054
35042,70058
35043,70059
35044,70061
35045,70062
35046,70065
35047,70068
35048,70069
35049,70071
35050,70072
35051,70073
35052,70074
35053,70075
35054,70078
35055,70081
35056,70082
35057,70083
35058,70085
35059,70087
35060,70089
35061,70094
35062,70095
35063,70098
35064,70100
35065,70102
35066,70103
35067,70104
35068,70110
35069,70112
35070,70115
35071,70116
35072,70117
35073,70120
35074,70122
35075,70123
35076,70127
35077,70128
35078,70129
35079,70130
35080,70134
35081,70135
35082,70136
35083,70139
35084,70140
35085,70141
35086,70142
35087,70143
35088,70144
35089,70146
35090,70150
35091,70154
35092,70155
35093,70156
35094,70157
35095,70158
35096,70159
35097,70160
35098,70161
35099,70162
35100,70164
35101,70165
35102,70168
35103,70172
35104,70178
35105,70180
35106,70185
35107,70189
35108,70193
35109,70194
35110,70196
35111,70199
35112,70201
35113,70202
35114,70205
35115,70207
35116,70208
35117,70209
35118,70213
35119,70216
35120,70218
35121,70219
35122,70220
35123,70221
35124,70224
35125,70225
35126,70226
35127,70227
35128,70229
35129,70233
35130,70241
35131,70243
35132,70244
35133,70245
35134,70246
35135,70247
35136,70248
35137,70249
35138,70252
35139,70253
35140,70254
35141,70255
35142,70256
35143,70259
35144,70261
35145,70264
35146,70265
35147,70266
35148,70267
35149,70269
35150,70270
35151,70271
35152,70272
35153,70278
35154,70280
35155,70281
35156,70285
35157,70291
35158,70293
35159,70294
35160,70295
35161,70296
35162,70298
35163,70300
35164,70302
35165,70303
35166,70304
35167,70305
35168,70308
35169,70309
35170,70310
35171,70311
35172,70312
35173,70313
35174,70315
35175,70316
35176,70318
35177,70320
35178,70323
35179,70324
35180,70325
35181,70331
35182,70332
35183,70333
35184,70335
35185,70336
35186,70338
35187,70339
35188,70340
35189,70341
35190,70342
35191,70343
35192,70344
35193,70346
35194,70347
35195,70348
35196,70350
35197,70352
35198,70354
35199,70355
35200,70359
35201,70361
35202,70362
35203,70363
35204,70367
35205,70368
35206,70372
35207,70374
35208,70375
35209,70377
35210,70378
35211,70379
35212,70380
35213,70381
35214,70383
35215,70385
35216,70389
35217,70392
35218,70396
35219,70397
35220,70400
35221,70401
35222,70402
35223,70406
35224,70411
35225,70412
35226,70414
35227,70416
35228,70421
35229,70423
35230,70425
35231,70427
35232,70428
35233,70431
35234,70433
35235,70436
35236,70437
35237,70438
35238,70440
35239,70441
35240,70442
35241,70443
35242,70445
35243,70448
35244,70449
35245,70451
35246,70455
35247,70456
35248,70457
35249,70458
35250,70462
35251,70463
35252,70464
35253,70466
35254,70469
35255,70473
35256,70474
35257,70475
35258,70478
35259,70479
35260,70480
35261,70481
35262,70482
35263,70483
35264,70484
35265,70486
35266,70492
35267,70493
35268,70494
35269,70498
35270,70499
35271,70500
35272,70501
35273,70504
35274,70507
35275,70510
35276,70514
35277,70517
35278,70518
35279,70519
35280,70523
35281,70524
35282,70525
35283,70526
35284,70527
35285,70528
35286,70529
35287,70533
35288,70534
35289,70535
35290,70537
35291,70538
35292,70540
35293,70543
35294,70544
35295,70547
35296,70548
35297,70549
35298,70550
35299,70551
35300,70553
35301,70554
35302,70555
35303,70564
35304,70565
35305,70567
35306,70568
35307,70569
35308,70570
35309,70571
35310,70574
35311,70578
35312,70579
35313,70580
35314,70581
35315,70584
35316,70585
35317,70587
35318,70588
35319,70594
35320,70595
35321,70597
35322,70598
35323,70600
35324,70601
35325,70604
35326,70605
35327,70608
35328,70612
35329,70617
35330,70618
35331,70620
35332,70623
35333,70624
35334,70627
35335,70630
35336,70631
35337,70633
35338,70635
35339,70636
35340,70640
35341,70641
35342,70642
35343,70644
35344,70645
35345,70646
35346,70649
35347,70650
35348,70652
35349,70656
35350,70659
35351,70661
35352,70662
35353,70663
35354,70664
35355,70666
35356,70668
35357,70669
35358,70671
35359,70672
35360,70673
35361,70677
35362,70680
35363,70681
35364,70683
35365,70684
35366,70685
35367,70689
35368,70691
35369,70694
35370,70696
35371,70697
35372,70698
35373,70699
35374,70701
35375,70702
35376,70703
35377,70705
35378,70706
35379,70709
35380,70710
35381,70712
35382,70714
35383,70716
35384,70718
35385,70720
35386,70722
35387,70724
35388,70726
35389,70727
35390,70728
35391,70731
35392,70736
35393,70737
35394,70738
35395,70742
35396,70744
35397,70746
35398,70747
35399,70748
35400,70750
35401,70751
35402,70752
35403,70754
35404,70756
35405,70758
35406,70761
35407,70764
35408,70768
35409,70777
35410,70778
35411,70779
35412,70780
35413,70781
35414,70785
35415,70786
35416,70789
35417,70790
35418,70793
35419,70794
35420,70802
35421,70803
35422,70804
35423,70805
35424,70809
35425,70811
35426,70813
35427,70815
35428,70818
35429,70824
35430,70826
35431,70827
35432,70828
35433,70831
35434,70834
35435,70835
35436,70840
35437,70844
35438,70845
35439,70846
35440,70847
35441,70848
35442,70849
35443,70851
35444,70853
35445,70861
35446,70866
35447,70867
35448,70868
35449,70872
35450,70874
35451,70881
35452,70882
35453,70886
35454,70888
35455,70890
35456,70893
35457,70894
35458,70896
35459,70898
35460,70899
35461,70900
35462,70901
35463,70903
35464,70905
35465,70907
35466,70908
35467,70911
35468,70913
35469,70914
35470,70917
35471,70919
35472,70921
35473,70922
35474,70928
35475,70929
35476,70931
35477,70932
35478,70933
35479,70935
35480,70936
35481,70937
35482,70939
35483,70941
35484,70943
35485,70946
35486,70947
35487,70951
35488,70952
35489,70953
35490,70956
35491,70958
35492,70959
35493,70961
35494,70966
35495,70969
35496,70970
35497,70973
35498,70974
35499,70979
35500,70982
35501,70986
35502,70987
35503,70989
35504,70990
35505,70991
35506,70994
35507,70996
35508,70998
35509,71000
35510,71001
35511,71002
35512,71007
35513,71008
35514,71011
35515,71014
35516,71015
35517,71017
35518,71019
35519,71021
35520,71022
35521,71023
35522,71024
35523,71026
35524,71031
35525,71032
35526,71033
35527,71034
35528,71036
35529,71037
35530,71038
35531,71040
35532,71041
35533,71042
35534,71045
35535,71047
35536,71051
35537,71053
35538,71054
35539,71055
35540,71056
35541,71059
35542,71061
35543,71063
35544,71066
35545,71067
35546,71069
35547,71072
35548,71074
35549,71082
35550,71087
35551,71088
35552,71089
35553,71092
35554,71093
35555,71094
35556,71096
35557,71099
35558,71100
35559,71101
35560,71102
35561,71105
35562,71110
35563,71111
35564,71115
35565,71122
35566,71123
35567,71128
35568,71130
35569,71133
35570,71142
35571,71146
35572,71147
35573,71151
35574,71153
35575,71154
35576,71157
35577,71162
35578,71163
35579,71165
35580,71168
35581,71169
35582,71171
35583,71174
35584,71176
35585,71179
35586,71181
35587,71182
35588,71184
35589,71186
35590,71188
35591,71189
35592,71190
35593,71191
35594,71192
35595,71193
35596,71198
35597,71202
35598,71203
35599,71204
35600,71205
35601,71206
35602,71208
35603,71211
35604,71212
35605,71217
35606,71219
35607,71220
35608,71221
35609,71223
35610,71224
35611,71225
35612,71227
35613,71228
35614,71231
35615,71232
35616,71236
35617,71237
35618,71240
35619,71241
35620,71242
35621,71244
35622,71245
35623,71247
35624,71249
35625,71252
35626,71253
35627,71255
35628,71258
35629,71259
35630,71261
35631,71264
35632,71265
35633,71266
35634,71271
35635,71274
35636,71276
35637,71277
35638,71280
35639,71283
35640,71284
35641,71286
35642,71289
35643,71290
35644,71291
35645,71294
35646,71295
35647,71296
35648,71298
35649,71299
35650,71301
35651,71302
35652,71303
35653,71306
35654,71310
35655,71311
35656,71316
35657,71317
35658,71318
35659,71321
35660,71323
35661,71324
35662,71325
35663,71326
35664,71327
35665,71328
35666,71329
35667,71333
35668,71334
35669,71336
35670,71338
35671,71339
35672,71342
35673,71343
35674,71344
35675,71345
35676,71348
35677,71351
35678,71353
35679,71354
35680,71356
35681,71358
35682,71361
35683,71362
35684,71364
35685,71366
35686,71367
35687,71368
35688,71369
35689,71370
35690,71371
35691,71372
35692,71373
35693,71375
35694,71378
35695,71383
35696,71389
35697,71390
35698,71395
35699,71396
35700,71397
35701,71401
35702,71402
35703,71404
35704,71405
35705,71407
35706,71413
35707,71415
35708,71420
35709,71421
35710,71422
35711,71423
35712,71426
35713,71427
35714,71428
35715,71429
35716,71430
35717,71431
35718,71433
35719,71434
35720,71439
35721,71440
35722,71441
35723,71446
35724,71453
35725,71455
35726,71461
35727,71464
35728,71465
35729,71466
35730,71472
35731,71475
35732,71476
35733,71477
35734,71480
35735,71487
35736,71488
35737,71489
35738,71491
35739,71492
35740,71493
35741,71495
35742,71496
35743,71501
35744,71503
35745,71504
35746,71505
35747,71506
35748,71508
35749,71509
35750,71513
35751,71514
35752,71516
35753,71519
35754,71520
35755,71521
35756,71523
35757,71524
35758,71525
35759,71529
35760,71530
35761,71532
35762,71533
35763,71535
35764,71536
35765,71537
35766,71538
35767,71541
35768,71545
35769,71548
35770,71549
35771,71551
35772,71552
35773,71553
35774,71556
35775,71560
35776,71562
35777,71563
35778,71564
35779,71565
35780,71567
35781,71568
35782,71569
35783,71574
35784,71575
35785,71576
35786,71577
35787,71580
35788,71581
35789,71582
35790,71586
35791,71587
35792,71589
35793,71590
35794,71592
35795,71593
35796,71594
35797,71595
35798,71600
35799,71601
35800,71604
35801,71605
35802,71607
35803,71608
35804,71610
35805,71613
35806,71614
35807,71616
35808,71617
35809,71618
35810,71622
35811,71623
35812,71628
35813,71629
35814,71630
35815,71632
35816,71633
35817,71634
35818,71635
35819,71639
35820,71641
35821,71644
35822,71645
35823,71648
35824,71649
35825,71650
35826,71651
35827,71658
35828,71659
35829,71661
35830,71663
35831,71664
35832,71666
35833,71669
35834,71672
35835,71673
35836,71674
35837,71676
35838,71677
35839,71678
35840,71679
35841,71681
35842,71683
35843,71684
35844,71685
35845,71687
35846,71689
35847,71691
35848,71692
35849,71693
35850,71694
35851,71695
35852,71696
35853,71700
35854,71701
35855,71703
35856,71704
35857,71705
35858,71707
35859,71714
35860,71716
35861,71717
35862,71721
35863,71722
35864,71723
35865,71724
35866,71725
35867,71726
35868,71727
35869,71728
35870,71729
35871,71731
35872,71732
35873,71733
35874,71735
35875,71736
35876,71738
35877,71740
35878,71741
35879,71742
35880,71745
35881,71746
35882,71747
35883,71751
35884,71752
35885,71753
35886,71755
35887,71757
35888,71762
35889,71764
35890,71771
35891,71773
35892,71776
35893,71778
35894,71779
35895,71780
35896,71781
35897,71782
35898,71784
35899,71785
35900,71787
35901,71788
35902,71790
35903,71792
35904,71793
35905,71795
35906,71796
35907,71797
35908,71798
35909,71805
35910,71806
35911,71807
35912,71809
35913,71810
35914,71811
35915,71814
35916,71815
35917,71816
35918,71817
35919,71818
35920,71819
35921,71822
35922,71824
35923,71825
35924,71826
35925,71827
35926,71831
35927,71833
35928,71835
35929,71838
35930,71839
35931,71840
35932,71842
35933,71844
35934,71846
35935,71847
35936,71850
35937,71851
35938,71855
35939,71858
35940,71859
35941,71861
35942,71863
35943,71864
35944,71866
35945,71868
35946,71871
35947,71873
35948,71874
35949,71875
35950,71876
35951,71877
35952,71878
35953,71879
35954,71880
35955,71882
35956,71884
35957,71886
35958,71891
35959,71893
35960,71895
35961,71896
35962,71897
35963,71898
35964,71900
35965,71901
35966,71902
35967,71903
35968,71906
35969,71908
35970,71911
35971,71914
35972,71915
35973,71916
35974,71917
35975,71923
35976,71924
35977,71925
35978,71926
35979,71928
35980,71930
35981,71931
35982,71933
35983,71934
35984,71935
35985,71936
35986,71937
35987,71939
35988,71940
35989,71941
35990,71942
35991,71943
35992,71946
35993,71947
35994,71949
35995,71950
35996,71952
35997,71955
35998,71957
35999,71958
36000,71961
36001,71962
36002,71963
36003,71964
36004,71965
36005,71966
36006,71967
36007,71969
36008,71970
36009,71974
36010,71976
36011,71979
36012,71980
36013,71983
36014,71988
36015,71994
36016,71997
36017,72001
36018,72002
36019,72003
36020,72004
36021,72005
36022,72009
36023,72010
36024,72011
36025,72012
36026,72013
36027,72014
36028,72015
36029,72016
36030,72018
36031,72021
36032,72023
36033,72025
36034,72026
36035,72027
36036,72029
36037,72032
36038,72033
36039,72034
36040,72037
36041,72043
36042,72044
36043,72049
36044,72051
36045,72054
36046,72055
36047,72056
36048,72057
36049,72060
36050,72062
36051,72064
36052,72065
36053,72067
36054,72068
36055,72070
36056,72071
36057,72072
36058,72074
36059,72076
36060,72079
36061,72082
36062,72085
36063,72086
36064,72092
36065,72096
36066,72097
36067,72098
36068,72099
36069,72100
36070,72101
36071,72102
36072,72104
36073,72107
36074,72108
36075,72109
36076,72110
36077,72111
36078,72112
36079,72113
36080,72116
36081,72117
36082,72119
36083,72120
36084,72121
36085,72122
36086,72123
36087,72126
36088,72128
36089,72130
36090,72134
36091,72135
36092,72136
36093,72138
36094,72141
36095,72143
36096,72147
36097,72152
36098,72154
36099,72155
36100,72156
36101,72157
36102,72158
36103,72159
36104,72165
36105,72168
36106,72171
36107,72173
36108,72176
36109,72178
36110,72179
36111,72181
36112,72185
36113,72186
36114,72191
36115,72197
36116,72200
36117,72201
36118,72202
36119,72205
36120,72207
36121,72208
36122,72209
36123,72210
36124,72212
36125,72214
36126,72217
36127,72220
36128,72221
36129,72224
36130,72225
36131,72228
36132,72229
36133,72230
36134,72235
36135,72236
36136,72237
36137,72238
36138,72239
36139,72242
36140,72243
36141,72244
36142,72245
36143,72248
36144,72249
36145,72250
36146,72252
36147,72256
36148,72257
36149,72258
36150,72260
36151,72261
36152,72262
36153,72263
36154,72264
36155,72265
36156,72267
36157,72271
36158,72272
36159,72273
36160,72276
36161,72278
36162,72279
36163,72281
36164,72282
36165,72288
36166,72289
36167,72291
36168,72293
36169,72294
36170,72296
36171,72298
36172,72299
36173,72302
36174,72303
36175,72304
36176,72306
36177,72307
36178,72308
36179,72310
36180,72311
36181,72314
36182,72317
36183,72320
36184,72321
36185,72325
36186,72328
36187,72329
36188,72333
36189,72336
36190,72339
36191,72340
36192,72344
36193,72345
36194,72346
36195,72347
36196,72348
36197,72351
36198,72353
36199,72356
36200,72358
36201,72360
36202,72361
36203,72363
36204,72365
36205,72367
36206,72368
36207,72369
36208,72378
36209,72379
36210,72381
36211,72382
36212,72385
36213,72387
36214,72389
36215,72390
36216,72394
36217,72397
36218,72399
36219,72401
36220,72403
36221,72404
36222,72405
36223,72407
36224,72408
36225,72409
36226,72416
36227,72417
36228,72420
36229,72423
36230,72428
36231,72430
36232,72434
36233,72435
36234,72437
36235,72439
36236,72440
36237,72441
36238,72443
36239,72445
36240,72447
36241,72448
36242,72449
36243,72450
36244,72451
36245,72452
36246,72453
36247,72454
36248,72455
36249,72456
36250,72458
36251,72461
36252,72463
36253,72464
36254,72465
36255,72466
36256,72469
36257,72470
36258,72471
36259,72472
36260,72474
36261,72475
36262,72478
36263,72481
36264,72482
36265,72485
36266,72488
36267,72490
36268,72492
36269,72493
36270,72496
36271,72497
36272,72498
36273,72499
36274,72500
36275,72503
36276,72506
36277,72507
36278,72508
36279,72509
36280,72514
36281,72515
36282,72519
36283,72520
36284,72521
36285,72525
36286,72526
36287,72529
36288,72534
36289,72536
36290,72537
36291,72539
36292,72541
36293,72542
36294,72543
36295,72547
36296,72548
36297,72550
36298,72554
36299,72555
36300,72558
36301,72559
36302,72561
36303,72563
36304,72564
36305,72566
36306,72567
36307,72568
36308,72569
36309,72570
36310,72571
36311,72573
36312,72578
36313,72579
36314,72581
36315,72582
36316,72583
36317,72585
36318,72586
36319,72587
36320,72590
36321,72592
36322,72594
36323,72595
36324,72597
36325,72598
36326,72599
36327,72601
36328,72602
36329,72603
36330,72605
36331,72606
36332,72607
36333,72611
36334,72614
36335,72615
36336,72618
36337,72619
36338,72623
36339,72626
36340,72627
36341,72628
36342,72629
36343,72630
36344,72631
36345,72632
36346,72633
36347,72636
36348,72638
36349,72639
36350,72640
36351,72642
36352,72643
36353,72645
36354,72648
36355,72649
36356,72650
36357,72653
36358,72658
36359,72659
36360,72661
36361,72664
36362,72665
36363,72667
36364,72669
36365,72670
36366,72671
36367,72672
36368,72675
36369,72676
36370,72678
36371,72680
36372,72682
36373,72683
36374,72684
36375,72685
36376,72686
36377,72688
36378,72691
36379,72694
36380,72695
36381,72699
36382,72700
36383,72702
36384,72704
36385,72706
36386,72707
36387,72708
36388,72709
36389,72710
36390,72711
36391,72714
36392,72719
36393,72722
36394,72723
36395,72725
36396,72726
36397,72727
36398,72728
36399,72729
36400,72731
36401,72734
36402,72735
36403,72736
36404,72739
36405,72740
36406,72743
36407,72745
36408,72748
36409,72749
36410,72751
36411,72753
36412,72754
36413,72756
36414,72757
36415,72758
36416,72759
36417,72762
36418,72764
36419,72765
36420,72766
36421,72767
36422,72768
36423,72773
36424,72777
36425,72780
36426,72783
36427,72786
36428,72787
36429,72788
36430,72790
36431,72792
36432,72795
36433,72796
36434,72798
36435,72799
36436,72801
36437,72802
36438,72803
36439,72807
36440,72809
36441,72810
36442,72812
36443,72815
36444,72816
36445,72818
36446,72821
36447,72823
36448,72824
36449,72828
36450,72829
36451,72831
36452,72833
36453,72834
36454,72835
36455,72836
36456,72837
36457,72840
36458,72845
36459,72846
36460,72848
36461,72849
36462,72850
36463,72852
36464,72855
36465,72856
36466,72858
36467,72862
36468,72863
36469,72864
36470,72865
36471,72871
36472,72872
36473,72876
36474,72877
36475,72878
36476,72879
36477,72884
36478,72887
36479,72891
36480,72892
36481,72895
36482,72896
36483,72897
36484,72898
36485,72900
36486,72901
36487,72903
36488,72905
36489,72906
36490,72907
36491,72909
36492,72911
36493,72913
36494,72914
36495,72915
36496,72917
36497,72919
36498,72920
36499,72921
36500,72922
36501,72923
36502,72924
36503,72927
36504,72932
36505,72934
36506,72936
36507,72938
36508,72939
36509,72940
36510,72941
36511,72942
36512,72947
36513,72948
36514,72949
36515,72952
36516,72953
36517,72956
36518,72957
36519,72959
36520,72962
36521,72966
36522,72968
36523,72971
36524,72975
36525,72977
36526,72978
36527,72979
36528,72980
36529,72986
36530,72989
36531,72991
36532,72992
36533,72995
36534,72996
36535,72999
36536,73003
36537,73004
36538,73006
36539,73007
36540,73011
36541,73012
36542,73013
36543,73015
36544,73016
36545,73018
36546,73019
36547,73020
36548,73024
36549,73028
36550,73029
36551,73030
36552,73031
36553,73032
36554,73033
36555,73034
36556,73035
36557,73038
36558,73040
36559,73042
36560,73043
36561,73049
36562,73051
36563,73057
36564,73059
36565,73066
36566,73068
36567,73069
36568,73071
36569,73072
36570,73074
36571,73080
36572,73081
36573,73082
36574,73084
36575,73085
36576,73086
36577,73088
36578,73090
36579,73093
36580,73094
36581,73096
36582,73099
36583,73100
36584,73101
36585,73104
36586,73106
36587,73109
36588,73110
36589,73111
36590,73116
36591,73117
36592,73118
36593,73121
36594,73122
36595,73123
36596,73124
36597,73126
36598,73127
36599,73128
36600,73129
36601,73131
36602,73132
36603,73133
36604,73134
36605,73135
36606,73136
36607,73139
36608,73140
36609,73141
36610,73142
36611,73146
36612,73147
36613,73148
36614,73150
36615,73151
36616,73152
36617,73153
36618,73154
36619,73156
36620,73157
36621,73160
36622,73161
36623,73162
36624,73163
36625,73164
36626,73166
36627,73170
36628,73171
36629,73172
36630,73175
36631,73177
36632,73179
36633,73182
36634,73183
36635,73184
36636,73188
36637,73189
36638,73190
36639,73194
36640,73195
36641,73204
36642,73205
36643,73206
36644,73208
36645,73209
36646,73213
36647,73214
36648,73215
36649,73218
36650,73219
36651,73220
36652,73221
36653,73222
36654,73226
36655,73228
36656,73232
36657,73234
36658,73235
36659,73236
36660,73237
36661,73238
36662,73239
36663,73240
36664,73244
36665,73248
36666,73249
36667,73251
36668,73252
36669,73255
36670,73259
36671,73262
36672,73264
36673,73265
36674,73269
36675,73270
36676,73271
36677,73272
36678,73275
36679,73277
36680,73278
36681,73282
36682,73283
36683,73284
36684,73285
36685,73286
36686,73287
36687,73289
36688,73290
36689,73291
36690,73292
36691,73294
36692,73297
36693,73298
36694,73301
36695,73303
36696,73305
36697,73308
36698,73309
36699,73312
36700,73316
36701,73317
36702,73318
36703,73322
36704,73323
36705,73326
36706,73328
36707,73329
36708,73330
36709,73332
36710,73335
36711,73338
36712,73343
36713,73344
36714,73347
36715,73349
36716,73350
36717,73355
36718,73356
36719,73359
36720,73360
36721,73370
36722,73371
36723,73373
36724,73375
36725,73376
36726,73377
36727,73380
36728,73383
36729,73384
36730,73385
36731,73388
36732,73392
36733,73393
36734,73394
36735,73395
36736,73396
36737,73399
36738,73400
36739,73401
36740,73402
36741,73403
36742,73409
36743,73411
36744,73412
36745,73417
36746,73421
36747,73423
36748,73425
36749,73426
36750,73427
36751,73428
36752,73429
36753,73431
36754,73432
36755,73434
36756,73435
36757,73438
36758,73439
36759,73442
36760,73443
36761,73445
36762,73447
36763,73448
36764,73449
36765,73450
36766,73455
36767,73457
36768,73458
36769,73459
36770,73463
36771,73465
36772,73466
36773,73467
36774,73469
36775,73470
36776,73474
36777,73476
36778,73478
36779,73479
36780,73480
36781,73481
36782,73484
36783,73485
36784,73490
36785,73493
36786,73495
36787,73498
36788,73501
36789,73509
36790,73510
36791,73512
36792,73513
36793,73514
36794,73515
36795,73516
36796,73517
36797,73522
36798,73523
36799,73525
36800,73526
36801,73527
36802,73530
36803,73531
36804,73532
36805,73535
36806,73536
36807,73537
36808,73540
36809,73541
36810,73542
36811,73544
36812,73549
36813,73551
36814,73552
36815,73553
36816,73558
36817,73564
36818,73566
36819,73568
36820,73572
36821,73575
36822,73579
36823,73581
36824,73582
36825,73583
36826,73585
36827,73587
36828,73588
36829,73589
36830,73590
36831,73591
36832,73595
36833,73598
36834,73602
36835,73603
36836,73604
36837,73606
36838,73609
36839,73610
36840,73612
36841,73613
36842,73614
36843,73619
36844,73622
36845,73624
36846,73626
36847,73627
36848,73630
36849,73631
36850,73632
36851,73634
36852,73636
36853,73638
36854,73639
36855,73642
36856,73644
36857,73645
36858,73648
36859,73649
36860,73652
36861,73653
36862,73654
36863,73659
36864,73661
36865,73664
36866,73669
36867,73670
36868,73672
36869,73673
36870,73675
36871,73679
36872,73681
36873,73682
36874,73683
36875,73684
36876,73685
36877,73687
36878,73689
36879,73690
36880,73691
36881,73692
36882,73693
36883,73694
36884,73695
36885,73699
36886,73701
36887,73707
36888,73708
36889,73709
36890,73712
36891,73716
36892,73717
36893,73718
36894,73720
36895,73721
36896,73723
36897,73724
36898,73728
36899,73735
36900,73737
36901,73740
36902,73741
36903,73748
36904,73750
36905,73751
36906,73753
36907,73754
36908,73755
36909,73757
36910,73759
36911,73761
36912,73762
36913,73763
36914,73766
36915,73768
36916,73769
36917,73771
36918,73772
36919,73774
36920,73777
36921,73778
36922,73783
36923,73786
36924,73787
36925,73789
36926,73790
36927,73793
36928,73796
36929,73797
36930,73798
36931,73802
36932,73803
36933,73807
36934,73808
36935,73810
36936,73814
36937,73816
36938,73817
36939,73826
36940,73828
36941,73830
36942,73834
36943,73837
36944,73840
36945,73844
36946,73848
36947,73851
36948,73852
36949,73853
36950,73854
36951,73859
36952,73860
36953,73862
36954,73863
36955,73865
36956,73866
36957,73867
36958,73869
36959,73870
36960,73871
36961,73872
36962,73876
36963,73884
36964,73890
36965,73891
36966,73892
36967,73893
36968,73894
36969,73897
36970,73898
36971,73900
36972,73903
36973,73904
36974,73905
36975,73906
36976,73913
36977,73917
36978,73918
36979,73919
36980,73920
36981,73921
36982,73925
36983,73928
36984,73929
36985,73931
36986,73932
36987,73933
36988,73935
36989,73938
36990,73939
36991,73943
36992,73944
36993,73945
36994,73946
36995,73949
36996,73950
36997,73954
36998,73955
36999,73957
37000,73958
37001,73960
37002,73961
37003,73962
37004,73964
37005,73966
37006,73971
37007,73972
37008,73976
37009,73978
37010,73979
37011,73980
37012,73983
37013,73985
37014,73986
37015,73987
37016,73988
37017,73990
37018,73991
37019,73993
37020,73994
37021,74000
37022,74001
37023,74004
37024,74005
37025,74009
37026,74011
37027,74012
37028,74013
37029,74014
37030,74015
37031,74016
37032,74018
37033,74019
37034,74020
37035,74021
37036,74024
37037,74025
37038,74027
37039,74028
37040,74031
37041,74032
37042,74033
37043,74034
37044,74035
37045,74037
37046,74041
37047,74043
37048,74044
37049,74046
37050,74047
37051,74048
37052,74049
37053,74050
37054,74052
37055,74053
37056,74060
37057,74063
37058,74068
37059,74071
37060,74073
37061,74076
37062,74077
37063,74080
37064,74081
37065,74082
37066,74085
37067,74089
37068,74090
37069,74091
37070,74095
37071,74099
37072,74103
37073,74106
37074,74109
37075,74112
37076,74114
37077,74117
37078,74121
37079,74122
37080,74123
37081,74124
37082,74133
37083,74134
37084,74135
37085,74137
37086,74138
37087,74143
37088,74145
37089,74146
37090,74148
37091,74149
37092,74153
37093,74154
37094,74155
37095,74157
37096,74158
37097,74160
37098,74161
37099,74164
37100,74166
37101,74167
37102,74168
37103,74169
37104,74170
37105,74172
37106,74173
37107,74175
37108,74180
37109,74182
37110,74185
37111,74188
37112,74191
37113,74192
37114,74195
37115,74196
37116,74198
37117,74201
37118,74203
37119,74204
37120,74206
37121,74207
37122,74208
37123,74211
37124,74212
37125,74218
37126,74222
37127,74224
37128,74227
37129,74228
37130,74229
37131,74232
37132,74233
37133,74240
37134,74242
37135,74244
37136,74245
37137,74252
37138,74253
37139,74255
37140,74256
37141,74257
37142,74258
37143,74261
37144,74262
37145,74264
37146,74266
37147,74267
37148,74269
37149,74270
37150,74273
37151,74275
37152,74278
37153,74280
37154,74281
37155,74282
37156,74284
37157,74285
37158,74286
37159,74287
37160,74288
37161,74290
37162,74292
37163,74293
37164,74294
37165,74295
37166,74297
37167,74299
37168,74304
37169,74305
37170,74310
37171,74312
37172,74313
37173,74315
37174,74316
37175,74317
37176,74318
37177,74320
37178,74322
37179,74323
37180,74324
37181,74325
37182,74327
37183,74328
37184,74329
37185,74330
37186,74331
37187,74333
37188,74339
37189,74340
37190,74342
37191,74343
37192,74345
37193,74347
37194,74348
37195,74349
37196,74350
37197,74362
37198,74363
37199,74364
37200,74366
37201,74369
37202,74370
37203,74373
37204,74374
37205,74377
37206,74379
37207,74383
37208,74384
37209,74386
37210,74388
37211,74390
37212,74393
37213,74395
37214,74396
37215,74397
37216,74399
37217,74405
37218,74407
37219,74408
37220,74409
37221,74410
37222,74411
37223,74412
37224,74413
37225,74414
37226,74418
37227,74419
37228,74421
37229,74425
37230,74430
37231,74431
37232,74432
37233,74435
37234,74437
37235,74438
37236,74439
37237,74440
37238,74444
37239,74447
37240,74449
37241,74455
37242,74459
37243,74460
37244,74461
37245,74464
37246,74465
37247,74466
37248,74467
37249,74471
37250,74474
37251,74476
37252,74479
37253,74480
37254,74484
37255,74485
37256,74486
37257,74487
37258,74490
37259,74492
37260,74493
37261,74497
37262,74498
37263,74501
37264,74502
37265,74505
37266,74506
37267,74508
37268,74509
37269,74516
37270,74518
37271,74519
37272,74520
37273,74521
37274,74522
37275,74525
37276,74526
37277,74529
37278,74531
37279,74536
37280,74539
37281,74540
37282,74542
37283,74547
37284,74551
37285,74554
37286,74555
37287,74556
37288,74559
37289,74561
37290,74562
37291,74565
37292,74567
37293,74570
37294,74571
37295,74580
37296,74582
37297,74584
37298,74585
37299,74586
37300,74588
37301,74589
37302,74590
37303,74592
37304,74596
37305,74599
37306,74601
37307,74605
37308,74606
37309,74607
37310,74609
37311,74614
37312,74615
37313,74616
37314,74618
37315,74620
37316,74621
37317,74626
37318,74628
37319,74630
37320,74631
37321,74632
37322,74638
37323,74639
37324,74641
37325,74644
37326,74647
37327,74648
37328,74649
37329,74650
37330,74652
37331,74659
37332,74660
37333,74665
37334,74666
37335,74673
37336,74676
37337,74679
37338,74681
37339,74682
37340,74684
37341,74685
37342,74686
37343,74687
37344,74689
37345,74693
37346,74694
37347,74696
37348,74698
37349,74700
37350,74701
37351,74702
37352,74703
37353,74704
37354,74705
37355,74708
37356,74709
37357,74710
37358,74712
37359,74713
37360,74714
37361,74715
37362,74719
37363,74721
37364,74722
37365,74727
37366,74732
37367,74734
37368,74735
37369,74738
37370,74739
37371,74740
37372,74741
37373,74743
37374,74744
37375,74745
37376,74747
37377,74748
37378,74751
37379,74752
37380,74753
37381,74755
37382,74758
37383,74763
37384,74765
37385,74766
37386,74767
37387,74770
37388,74773
37389,74779
37390,74780
37391,74781
37392,74782
37393,74785
37394,74786
37395,74787
37396,74790
37397,74793
37398,74794
37399,74796
37400,74798
37401,74800
37402,74803
37403,74804
37404,74807
37405,74808
37406,74809
37407,74810
37408,74811
37409,74812
37410,74816
37411,74817
37412,74821
37413,74823
37414,74826
37415,74833
37416,74834
37417,74835
37418,74836
37419,74837
37420,74838
37421,74840
37422,74844
37423,74845
37424,74846
37425,74847
37426,74850
37427,74851
37428,74856
37429,74857
37430,74862
37431,74867
37432,74869
37433,74870
37434,74871
37435,74872
37436,74874
37437,74875
37438,74878
37439,74880
37440,74881
37441,74883
37442,74884
37443,74887
37444,74889
37445,74892
37446,74894
37447,74895
37448,74901
37449,74904
37450,74905
37451,74907
37452,74909
37453,74911
37454,74913
37455,74915
37456,74916
37457,74917
37458,74920
37459,74922
37460,74924
37461,74927
37462,74928
37463,74931
37464,74932
37465,74934
37466,74937
37467,74939
37468,74940
37469,74944
37470,74945
37471,74946
37472,74948
37473,74949
37474,74950
37475,74951
37476,74955
37477,74956
37478,74957
37479,74959
37480,74962
37481,74964
37482,74967
37483,74968
37484,74969
37485,74970
37486,74971
37487,74972
37488,74975
37489,74977
37490,74982
37491,74983
37492,74984
37493,74985
37494,74986
37495,74987
37496,74989
37497,74990
37498,74992
37499,74993
37500,74995
37501,74996
37502,74998
37503,75001
37504,75008
37505,75015
37506,75017
37507,75019
37508,75020
37509,75021
37510,75024
37511,75025
37512,75026
37513,75028
37514,75029
37515,75030
37516,75031
37517,75034
37518,75035
37519,75037
37520,75039
37521,75044
37522,75045
37523,75047
37524,75048
37525,75049
37526,75050
37527,75051
37528,75056
37529,75058
37530,75066
37531,75067
37532,75069
37533,75070
37534,75073
37535,75075
37536,75076
37537,75077
37538,75078
37539,75081
37540,75084
37541,75086
37542,75088
37543,75089
37544,75090
37545,75093
37546,75094
37547,75096
37548,75100
37549,75102
37550,75103
37551,75105
37552,75106
37553,75108
37554,75109
37555,75110
37556,75112
37557,75113
37558,75114
37559,75115
37560,75116
37561,75117
37562,75120
37563,75122
37564,75123
37565,75124
37566,75126
37567,75127
37568,75129
37569,75130
37570,75132
37571,75133
37572,75136
37573,75137
37574,75138
37575,75139
37576,75140
37577,75142
37578,75145
37579,75146
37580,75147
37581,75148
37582,75152
37583,75154
37584,75155
37585,75156
37586,75157
37587,75162
37588,75163
37589,75165
37590,75167
37591,75169
37592,75172
37593,75173
37594,75178
37595,75181
37596,75182
37597,75185
37598,75186
37599,75187
37600,75188
37601,75189
37602,75190
37603,75193
37604,75194
37605,75196
37606,75197
37607,75198
37608,75202
37609,75205
37610,75208
37611,75210
37612,75215
37613,75220
37614,75221
37615,75224
37616,75225
37617,75226
37618,75227
37619,75228
37620,75229
37621,75233
37622,75237
37623,75238
37624,75239
37625,75240
37626,75242
37627,75243
37628,75245
37629,75249
37630,75250
37631,75252
37632,75255
37633,75258
37634,75260
37635,75261
37636,75263
37637,75266
37638,75267
37639,75269
37640,75271
37641,75272
37642,75273
37643,75274
37644,75275
37645,75278
37646,75279
37647,75280
37648,75283
37649,75284
37650,75285
37651,75286
37652,75287
37653,75289
37654,75290
37655,75291
37656,75293
37657,75294
37658,75295
37659,75296
37660,75299
37661,75300
37662,75302
37663,75303
37664,75306
37665,75308
37666,75309
37667,75310
37668,75312
37669,75314
37670,75318
37671,75320
37672,75321
37673,75323
37674,75324
37675,75325
37676,75328
37677,75330
37678,75331
37679,75333
37680,75334
37681,75339
37682,75341
37683,75342
37684,75344
37685,75346
37686,75347
37687,75351
37688,75354
37689,75355
37690,75358
37691,75359
37692,75361
37693,75362
37694,75366
37695,75372
37696,75373
37697,75375
37698,75377
37699,75379
37700,75382
37701,75384
37702,75385
37703,75388
37704,75389
37705,75391
37706,75392
37707,75393
37708,75394
37709,75396
37710,75399
37711,75403
37712,75404
37713,75406
37714,75407
37715,75413
37716,75416
37717,75420
37718,75421
37719,75422
37720,75425
37721,75426
37722,75427
37723,75432
37724,75433
37725,75435
37726,75436
37727,75438
37728,75439
37729,75443
37730,75446
37731,75449
37732,75450
37733,75453
37734,75462
37735,75465
37736,75466
37737,75467
37738,75471
37739,75474
37740,75475
37741,75480
37742,75481
37743,75483
37744,75486
37745,75487
37746,75488
37747,75489
37748,75490
37749,75491
37750,75492
37751,75493
37752,75495
37753,75498
37754,75499
37755,75500
37756,75501
37757,75502
37758,75503
37759,75506
37760,75513
37761,75514
37762,75517
37763,75522
37764,75523
37765,75525
37766,75526
37767,75527
37768,75528
37769,75531
37770,75532
37771,75533
37772,75536
37773,75539
37774,75540
37775,75542
37776,75544
37777,75545
37778,75547
37779,75551
37780,75552
37781,75554
37782,75556
37783,75558
37784,75563
37785,75565
37786,75568
37787,75569
37788,75570
37789,75572
37790,75573
37791,75574
37792,75576
37793,75577
37794,75578
37795,75586
37796,75587
37797,75594
37798,75595
37799,75596
37800,75597
37801,75598
37802,75600
37803,75604
37804,75605
37805,75606
37806,75607
37807,75608
37808,75611
37809,75613
37810,75615
37811,75616
37812,75617
37813,75621
37814,75622
37815,75624
37816,75625
37817,75626
37818,75627
37819,75628
37820,75631
37821,75634
37822,75635
37823,75637
37824,75639
37825,75640
37826,75641
37827,75643
37828,75648
37829,75651
37830,75656
37831,75657
37832,75658
37833,75659
37834,75660
37835,75661
37836,75662
37837,75663
37838,75664
37839,75666
37840,75668
37841,75669
37842,75670
37843,75671
37844,75673
37845,75675
37846,75676
37847,75677
37848,75680
37849,75681
37850,75682
37851,75686
37852,75687
37853,75693
37854,75696
37855,75697
37856,75704
37857,75707
37858,75708
37859,75709
37860,75712
37861,75714
37862,75715
37863,75716
37864,75719
37865,75721
37866,75722
37867,75723
37868,75724
37869,75727
37870,75731
37871,75733
37872,75735
37873,75736
37874,75738
37875,75741
37876,75743
37877,75746
37878,75749
37879,75750
37880,75753
37881,75754
37882,75756
37883,75758
37884,75760
37885,75763
37886,75764
37887,75770
37888,75772
37889,75775
37890,75777
37891,75779
37892,75784
37893,75787
37894,75790
37895,75793
37896,75794
37897,75798
37898,75801
37899,75802
37900,75810
37901,75813
37902,75814
37903,75817
37904,75819
37905,75820
37906,75821
37907,75823
37908,75824
37909,75826
37910,75828
37911,75831
37912,75832
37913,75833
37914,75834
37915,75835
37916,75838
37917,75839
37918,75840
37919,75841
37920,75842
37921,75844
37922,75845
37923,75848
37924,75850
37925,75853
37926,75854
37927,75860
37928,75865
37929,75867
37930,75868
37931,75869
37932,75871
37933,75872
37934,75876
37935,75877
37936,75883
37937,75889
37938,75893
37939,75896
37940,75899
37941,75900
37942,75902
37943,75903
37944,75904
37945,75905
37946,75906
37947,75907
37948,75908
37949,75909
37950,75911
37951,75912
37952,75914
37953,75917
37954,75919
37955,75923
37956,75926
37957,75929
37958,75930
37959,75933
37960,75934
37961,75936
37962,75937
37963,75940
37964,75941
37965,75942
37966,75943
37967,75944
37968,75946
37969,75947
37970,75952
37971,75953
37972,75954
37973,75960
37974,75965
37975,75969
37976,75970
37977,75971
37978,75972
37979,75975
37980,75976
37981,75978
37982,75980
37983,75983
37984,75985
37985,75989
37986,75990
37987,75991
37988,75992
37989,75993
37990,75995
37991,75996
37992,76001
37993,76003
37994,76004
37995,76005
37996,76007
37997,76008
37998,76013
37999,76015
38000,76018
38001,76019
38002,76020
38003,76023
38004,76029
38005,76030
38006,76032
38007,76036
38008,76041
38009,76042
38010,76044
38011,76046
38012,76047
38013,76048
38014,76050
38015,76053
38016,76054
38017,76055
38018,76056
38019,76057
38020,76058
38021,76061
38022,76064
38023,76065
38024,76066
38025,76067
38026,76068
38027,76069
38028,76070
38029,76073
38030,76075
38031,76076
38032,76077
38033,76078
38034,76080
38035,76081
38036,76082
38037,76083
38038,76084
38039,76086
38040,76088
38041,76090
38042,76091
38043,76094
38044,76095
38045,76098
38046,76100
38047,76101
38048,76104
38049,76107
38050,76108
38051,76109
38052,76110
38053,76111
38054,76114
38055,76115
38056,76116
38057,76117
38058,76119
38059,76123
38060,76125
38061,76126
38062,76131
38063,76132
38064,76134
38065,76137
38066,76139
38067,76141
38068,76142
38069,76143
38070,76144
38071,76145
38072,76147
38073,76150
38074,76153
38075,76155
38076,76156
38077,76158
38078,76159
38079,76160
38080,76167
38081,76168
38082,76169
38083,76171
38084,76173
38085,76178
38086,76180
38087,76181
38088,76182
38089,76183
38090,76185
38091,76186
38092,76187
38093,76188
38094,76190
38095,76192
38096,76195
38097,76197
38098,76201
38099,76203
38100,76206
38101,76207
38102,76208
38103,76210
38104,76212
38105,76213
38106,76215
38107,76216
38108,76217
38109,76219
38110,76220
38111,76221
38112,76222
38113,76226
38114,76227
38115,76230
38116,76231
38117,76234
38118,76238
38119,76239
38120,76242
38121,76243
38122,76244
38123,76245
38124,76251
38125,76252
38126,76256
38127,76257
38128,76259
38129,76262
38130,76263
38131,76264
38132,76265
38133,76266
38134,76267
38135,76268
38136,76269
38137,76272
38138,76274
38139,76275
38140,76276
38141,76277
38142,76278
38143,76279
38144,76281
38145,76282
38146,76283
38147,76285
38148,76287
38149,76288
38150,76292
38151,76296
38152,76297
38153,76301
38154,76302
38155,76305
38156,76311
38157,76314
38158,76316
38159,76318
38160,76320
38161,76321
38162,76322
38163,76323
38164,76324
38165,76326
38166,76331
38167,76332
38168,76334
38169,76335
38170,76338
38171,76341
38172,76345
38173,76347
38174,76350
38175,76353
38176,76355
38177,76356
38178,76360
38179,76361
38180,76362
38181,76363
38182,76364
38183,76366
38184,76371
38185,76372
38186,76375
38187,76376
38188,76379
38189,76380
38190,76383
38191,76385
38192,76387
38193,76390
38194,76393
38195,76395
38196,76397
38197,76398
38198,76406
38199,76407
38200,76409
38201,76410
38202,76412
38203,76418
38204,76419
38205,76425
38206,76427
38207,76428
38208,76429
38209,76434
38210,76436
38211,76438
38212,76439
38213,76440
38214,76443
38215,76446
38216,76455
38217,76456
38218,76457
38219,76458
38220,76459
38221,76461
38222,76462
38223,76464
38224,76466
38225,76468
38226,76470
38227,76471
38228,76472
38229,76474
38230,76475
38231,76476
38232,76477
38233,76478
38234,76479
38235,76483
38236,76484
38237,76485
38238,76491
38239,76493
38240,76494
38241,76496
38242,76498
38243,76501
38244,76502
38245,76504
38246,76506
38247,76508
38248,76509
38249,76510
38250,76514
38251,76518
38252,76519
38253,76520
38254,76525
38255,76528
38256,76529
38257,76530
38258,76531
38259,76533
38260,76534
38261,76535
38262,76537
38263,76542
38264,76544
38265,76545
38266,76547
38267,76548
38268,76549
38269,76550
38270,76551
38271,76554
38272,76555
38273,76556
38274,76563
38275,76565
38276,76566
38277,76570
38278,76571
38279,76572
38280,76574
38281,76576
38282,76579
38283,76580
38284,76582
38285,76584
38286,76586
38287,76587
38288,76588
38289,76590
38290,76593
38291,76594
38292,76595
38293,76596
38294,76597
38295,76604
38296,76607
38297,76610
38298,76611
38299,76615
38300,76616
38301,76617
38302,76620
38303,76621
38304,76622
38305,76623
38306,76625
38307,76626
38308,76630
38309,76632
38310,76633
38311,76635
38312,76637
38313,76639
38314,76640
38315,76641
38316,76642
38317,76646
38318,76648
38319,76649
38320,76650
38321,76652
38322,76653
38323,76654
38324,76655
38325,76656
38326,76658
38327,76660
38328,76661
38329,76663
38330,76668
38331,76669
38332,76671
38333,76672
38334,76674
38335,76676
38336,76678
38337,76679
38338,76682
38339,76684
38340,76685
38341,76692
38342,76693
38343,76697
38344,76698
38345,76700
38346,76702
38347,76704
38348,76705
38349,76706
38350,76709
38351,76710
38352,76711
38353,76715
38354,76717
38355,76718
38356,76721
38357,76724
38358,76725
38359,76726
38360,76728
38361,76730
38362,76731
38363,76733
38364,76734
38365,76735
38366,76740
38367,76741
38368,76742
38369,76745
38370,76746
38371,76748
38372,76750
38373,76751
38374,76754
38375,76756
38376,76757
38377,76760
38378,76762
38379,76766
38380,76768
38381,76772
38382,76773
38383,76777
38384,76778
38385,76779
38386,76782
38387,76784
38388,76785
38389,76787
38390,76788
38391,76793
38392,76794
38393,76800
38394,76801
38395,76804
38396,76807
38397,76809
38398,76811
38399,76812
38400,76813
38401,76814
38402,76819
38403,76820
38404,76823
38405,76824
38406,76827
38407,76828
38408,76829
38409,76830
38410,76832
38411,76834
38412,76837
38413,76838
38414,76841
38415,76843
38416,76846
38417,76850
38418,76853
38419,76854
38420,76855
38421,76857
38422,76858
38423,76860
38424,76861
38425,76864
38426,76867
38427,76868
38428,76869
38429,76871
38430,76873
38431,76875
38432,76876
38433,76880
38434,76881
38435,76886
38436,76889
38437,76890
38438,76892
38439,76895
38440,76896
38441,76898
38442,76899
38443,76900
38444,76901
38445,76902
38446,76903
38447,76906
38448,76908
38449,76914
38450,76918
38451,76919
38452,76925
38453,76927
38454,76928
38455,76930
38456,76931
38457,76932
38458,76933
38459,76937
38460,76940
38461,76941
38462,76942
38463,76944
38464,76946
38465,76948
38466,76949
38467,76951
38468,76952
38469,76953
38470,76954
38471,76955
38472,76957
38473,76958
38474,76959
38475,76960
38476,76962
38477,76963
38478,76964
38479,76965
38480,76969
38481,76971
38482,76975
38483,76979
38484,76980
38485,76981
38486,76982
38487,76986
38488,76987
38489,76988
38490,76991
38491,76992
38492,76994
38493,76995
38494,76996
38495,76998
38496,77000
38497,77001
38498,77002
38499,77006
38500,77007
38501,77009
38502,77010
38503,77011
38504,77013
38505,77015
38506,77016
38507,77017
38508,77018
38509,77019
38510,77024
38511,77027
38512,77029
38513,77031
38514,77033
38515,77035
38516,77038
38517,77039
38518,77040
38519,77045
38520,77046
38521,77052
38522,77054
38523,77055
38524,77057
38525,77059
38526,77061
38527,77062
38528,77063
38529,77065
38530,77070
38531,77071
38532,77076
38533,77080
38534,77081
38535,77083
38536,77084
38537,77085
38538,77086
38539,77087
38540,77091
38541,77092
38542,77093
38543,77096
38544,77098
38545,77104
38546,77107
38547,77108
38548,77109
38549,77112
38550,77113
38551,77114
38552,77117
38553,77120
38554,77121
38555,77123
38556,77124
38557,77125
38558,77127
38559,77129
38560,77132
38561,77133
38562,77136
38563,77137
38564,77146
38565,77147
38566,77152
38567,77153
38568,77154
38569,77155
38570,77156
38571,77157
38572,77159
38573,77162
38574,77163
38575,77165
38576,77166
38577,77168
38578,77170
38579,77172
38580,77175
38581,77176
38582,77177
38583,77180
38584,77184
38585,77185
38586,77186
38587,77187
38588,77189
38589,77190
38590,77191
38591,77192
38592,77194
38593,77196
38594,77197
38595,77198
38596,77199
38597,77200
38598,77204
38599,77205
38600,77206
38601,77209
38602,77211
38603,77215
38604,77216
38605,77220
38606,77223
38607,77224
38608,77225
38609,77227
38610,77229
38611,77236
38612,77240
38613,77241
38614,77247
38615,77249
38616,77252
38617,77254
38618,77259
38619,77261
38620,77262
38621,77264
38622,77266
38623,77271
38624,77285
38625,77288
38626,77289
38627,77290
38628,77292
38629,77293
38630,77295
38631,77296
38632,77297
38633,77301
38634,77306
38635,77309
38636,77311
38637,77312
38638,77313
38639,77315
38640,77317
38641,77320
38642,77322
38643,77323
38644,77325
38645,77326
38646,77327
38647,77331
38648,77334
38649,77335
38650,77336
38651,77337
38652,77338
38653,77339
38654,77341
38655,77342
38656,77344
38657,77346
38658,77349
38659,77351
38660,77353
38661,77357
38662,77361
38663,77362
38664,77364
38665,77366
38666,77368
38667,77369
38668,77370
38669,77371
38670,77372
38671,77373
38672,77374
38673,77378
38674,77380
38675,77381
38676,77382
38677,77383
38678,77391
38679,77392
38680,77395
38681,77396
38682,77397
38683,77399
38684,77400
38685,77401
38686,77408
38687,77410
38688,77414
38689,77416
38690,77417
38691,77418
38692,77419
38693,77420
38694,77421
38695,77425
38696,77426
38697,77427
38698,77432
38699,77433
38700,77436
38701,77437
38702,77438
38703,77439
38704,77440
38705,77444
38706,77446
38707,77447
38708,77448
38709,77450
38710,77451
38711,77453
38712,77456
38713,77459
38714,77461
38715,77464
38716,77465
38717,77468
38718,77469
38719,77471
38720,77474
38721,77475
38722,77477
38723,77479
38724,77483
38725,77485
38726,77486
38727,77489
38728,77490
38729,77493
38730,77495
38731,77503
38732,77505
38733,77506
38734,77507
38735,77508
38736,77509
38737,77510
38738,77513
38739,77514
38740,77517
38741,77520
38742,77521
38743,77522
38744,77523
38745,77526
38746,77529
38747,77531
38748,77535
38749,77537
38750,77538
38751,77541
38752,77544
38753,77546
38754,77554
38755,77556
38756,77557
38757,77565
38758,77567
38759,77568
38760,77570
38761,77573
38762,77574
38763,77575
38764,77578
38765,77580
38766,77581
38767,77583
38768,77584
38769,77588
38770,77591
38771,77592
38772,77593
38773,77595
38774,77599
38775,77600
38776,77602
38777,77603
38778,77604
38779,77607
38780,77609
38781,77611
38782,77612
38783,77613
38784,77615
38785,77617
38786,77619
38787,77621
38788,77623
38789,77624
38790,77626
38791,77627
38792,77628
38793,77632
38794,77633
38795,77634
38796,77635
38797,77636
38798,77639
38799,77640
38800,77643
38801,77644
38802,77646
38803,77647
38804,77649
38805,77651
38806,77652
38807,77654
38808,77655
38809,77657
38810,77658
38811,77659
38812,77662
38813,77664
38814,77665
38815,77666
38816,77668
38817,77673
38818,77674
38819,77677
38820,77686
38821,77687
38822,77692
38823,77696
38824,77700
38825,77703
38826,77704
38827,77706
38828,77707
38829,77708
38830,77712
38831,77715
38832,77716
38833,77717
38834,77718
38835,77723
38836,77727
38837,77732
38838,77733
38839,77734
38840,77736
38841,77739
38842,77741
38843,77743
38844,77746
38845,77747
38846,77749
38847,77751
38848,77752
38849,77753
38850,77757
38851,77758
38852,77760
38853,77761
38854,77762
38855,77765
38856,77767
38857,77771
38858,77774
38859,77776
38860,77777
38861,77778
38862,77782
38863,77784
38864,77785
38865,77788
38866,77792
38867,77793
38868,77795
38869,77797
38870,77798
38871,77799
38872,77806
38873,77810
38874,77811
38875,77812
38876,77813
38877,77819
38878,77822
38879,77824
38880,77832
38881,77835
38882,77837
38883,77839
38884,77840
38885,77841
38886,77842
38887,77843
38888,77845
38889,77846
38890,77849
38891,77850
38892,77851
38893,77852
38894,77853
38895,77854
38896,77855
38897,77857
38898,77858
38899,77859
38900,77863
38901,77865
38902,77867
38903,77872
38904,77873
38905,77874
38906,77875
38907,77876
38908,77884
38909,77885
38910,77887
38911,77888
38912,77891
38913,77892
38914,77894
38915,77895
38916,77899
38917,77901
38918,77902
38919,77903
38920,77904
38921,77907
38922,77908
38923,77909
38924,77910
38925,77911
38926,77917
38927,77919
38928,77921
38929,77922
38930,77923
38931,77927
38932,77929
38933,77931
38934,77932
38935,77935
38936,77937
38937,77939
38938,77941
38939,77943
38940,77946
38941,77951
38942,77952
38943,77954
38944,77956
38945,77958
38946,77959
38947,77961
38948,77963
38949,77965
38950,77966
38951,77967
38952,77976
38953,77979
38954,77981
38955,77983
38956,77990
38957,77991
38958,77993
38959,77995
38960,77997
38961,77999
38962,78000
38963,78002
38964,78004
38965,78006
38966,78009
38967,78011
38968,78013
38969,78015
38970,78016
38971,78017
38972,78024
38973,78025
38974,78026
38975,78027
38976,78028
38977,78030
38978,78033
38979,78035
38980,78036
38981,78037
38982,78038
38983,78039
38984,78040
38985,78042
38986,78044
38987,78048
38988,78053
38989,78054
38990,78058
38991,78059
38992,78060
38993,78064
38994,78067
38995,78072
38996,78073
38997,78079
38998,78081
38999,78082
39000,78085
39001,78087
39002,78088
39003,78089
39004,78090
39005,78092
39006,78096
39007,78097
39008,78098
39009,78099
39010,78100
39011,78101
39012,78102
39013,78103
39014,78104
39015,78106
39016,78108
39017,78110
39018,78111
39019,78113
39020,78114
39021,78119
39022,78120
39023,78122
39024,78123
39025,78124
39026,78127
39027,78129
39028,78130
39029,78133
39030,78134
39031,78136
39032,78138
39033,78141
39034,78143
39035,78144
39036,78147
39037,78148
39038,78149
39039,78150
39040,78154
39041,78155
39042,78157
39043,78158
39044,78160
39045,78161
39046,78163
39047,78164
39048,78165
39049,78167
39050,78169
39051,78171
39052,78175
39053,78176
39054,78177
39055,78178
39056,78179
39057,78182
39058,78186
39059,78187
39060,78196
39061,78198
39062,78203
39063,78204
39064,78207
39065,78209
39066,78210
39067,78211
39068,78213
39069,78214
39070,78216
39071,78217
39072,78218
39073,78219
39074,78222
39075,78223
39076,78226
39077,78228
39078,78231
39079,78232
39080,78233
39081,78237
39082,78238
39083,78241
39084,78242
39085,78243
39086,78245
39087,78247
39088,78248
39089,78257
39090,78259
39091,78263
39092,78265
39093,78266
39094,78267
39095,78269
39096,78270
39097,78272
39098,78273
39099,78274
39100,78277
39101,78280
39102,78285
39103,78288
39104,78289
39105,78291
39106,78297
39107,78298
39108,78299
39109,78300
39110,78301
39111,78302
39112,78307
39113,78309
39114,78310
39115,78311
39116,78312
39117,78313
39118,78315
39119,78317
39120,78320
39121,78321
39122,78323
39123,78325
39124,78326
39125,78327
39126,78328
39127,78334
39128,78335
39129,78337
39130,78338
39131,78342
39132,78344
39133,78345
39134,78346
39135,78348
39136,78349
39137,78352
39138,78353
39139,78354
39140,78357
39141,78358
39142,78359
39143,78360
39144,78361
39145,78363
39146,78365
39147,78366
39148,78369
39149,78370
39150,78371
39151,78373
39152,78375
39153,78377
39154,78380
39155,78382
39156,78385
39157,78386
39158,78388
39159,78390
39160,78392
39161,78394
39162,78395
39163,78396
39164,78398
39165,78399
39166,78406
39167,78407
39168,78408
39169,78409
39170,78410
39171,78411
39172,78412
39173,78413
39174,78414
39175,78416
39176,78418
39177,78419
39178,78421
39179,78422
39180,78423
39181,78428
39182,78429
39183,78433
39184,78434
39185,78439
39186,78441
39187,78442
39188,78444
39189,78446
39190,78447
39191,78449
39192,78451
39193,78452
39194,78453
39195,78454
39196,78456
39197,78457
39198,78458
39199,78460
39200,78465
39201,78467
39202,78468
39203,78470
39204,78471
39205,78472
39206,78473
39207,78478
39208,78480
39209,78481
39210,78483
39211,78484
39212,78488
39213,78489
39214,78490
39215,78494
39216,78495
39217,78497
39218,78499
39219,78500
39220,78502
39221,78504
39222,78506
39223,78511
39224,78522
39225,78525
39226,78528
39227,78531
39228,78532
39229,78534
39230,78535
39231,78537
39232,78543
39233,78545
39234,78550
39235,78551
39236,78553
39237,78567
39238,78570
39239,78574
39240,78576
39241,78578
39242,78580
39243,78583
39244,78585
39245,78586
39246,78589
39247,78590
39248,78591
39249,78592
39250,78593
39251,78594
39252,78597
39253,78599
39254,78601
39255,78602
39256,78603
39257,78604
39258,78607
39259,78608
39260,78609
39261,78611
39262,78612
39263,78613
39264,78615
39265,78616
39266,78617
39267,78618
39268,78624
39269,78625
39270,78628
39271,78630
39272,78636
39273,78637
39274,78638
39275,78640
39276,78641
39277,78642
39278,78647
39279,78648
39280,78649
39281,78653
39282,78655
39283,78657
39284,78659
39285,78661
39286,78664
39287,78670
39288,78673
39289,78674
39290,78677
39291,78680
39292,78681
39293,78684
39294,78685
39295,78688
39296,78689
39297,78692
39298,78693
39299,78696
39300,78701
39301,78702
39302,78704
39303,78707
39304,78710
39305,78711
39306,78713
39307,78714
39308,78716
39309,78719
39310,78721
39311,78723
39312,78724
39313,78725
39314,78726
39315,78728
39316,78730
39317,78733
39318,78735
39319,78740
39320,78742
39321,78746
39322,78747
39323,78748
39324,78749
39325,78752
39326,78753
39327,78754
39328,78758
39329,78761
39330,78763
39331,78764
39332,78766
39333,78768
39334,78769
39335,78771
39336,78773
39337,78774
39338,78776
39339,78778
39340,78779
39341,78782
39342,78785
39343,78786
39344,78787
39345,78788
39346,78789
39347,78790
39348,78791
39349,78792
39350,78794
39351,78798
39352,78799
39353,78800
39354,78801
39355,78803
39356,78804
39357,78805
39358,78809
39359,78810
39360,78812
39361,78814
39362,78816
39363,78817
39364,78818
39365,78821
39366,78823
39367,78824
39368,78828
39369,78829
39370,78833
39371,78834
39372,78837
39373,78838
39374,78842
39375,78843
39376,78845
39377,78850
39378,78851
39379,78852
39380,78853
39381,78855
39382,78856
39383,78858
39384,78859
39385,78861
39386,78862
39387,78864
39388,78865
39389,78870
39390,78871
39391,78873
39392,78875
39393,78876
39394,78880
39395,78882
39396,78883
39397,78887
39398,78888
39399,78889
39400,78891
39401,78894
39402,78895
39403,78902
39404,78904
39405,78905
39406,78906
39407,78908
39408,78909
39409,78912
39410,78914
39411,78916
39412,78917
39413,78918
39414,78919
39415,78921
39416,78922
39417,78926
39418,78929
39419,78930
39420,78932
39421,78933
39422,78934
39423,78935
39424,78936
39425,78938
39426,78939
39427,78940
39428,78941
39429,78942
39430,78944
39431,78946
39432,78949
39433,78950
39434,78952
39435,78953
39436,78954
39437,78955
39438,78956
39439,78957
39440,78958
39441,78959
39442,78962
39443,78964
39444,78965
39445,78966
39446,78967
39447,78968
39448,78969
39449,78970
39450,78972
39451,78973
39452,78977
39453,78979
39454,78980
39455,78981
39456,78983
39457,78990
39458,78992
39459,78995
39460,78999
39461,79001
39462,79003
39463,79004
39464,79005
39465,79009
39466,79011
39467,79015
39468,79016
39469,79017
39470,79018
39471,79019
39472,79022
39473,79024
39474,79025
39475,79029
39476,79030
39477,79031
39478,79035
39479,79036
39480,79037
39481,79040
39482,79041
39483,79043
39484,79046
39485,79047
39486,79048
39487,79052
39488,79053
39489,79055
39490,79060
39491,79064
39492,79071
39493,79074
39494,79076
39495,79077
39496,79078
39497,79079
39498,79080
39499,79083
39500,79085
39501,79086
39502,79087
39503,79088
39504,79089
39505,79090
39506,79091
39507,79093
39508,79095
39509,79096
39510,79103
39511,79104
39512,79105
39513,79106
39514,79111
39515,79112
39516,79113
39517,79115
39518,79117
39519,79118
39520,79119
39521,79121
39522,79122
39523,79123
39524,79124
39525,79125
39526,79126
39527,79128
39528,79129
39529,79131
39530,79133
39531,79135
39532,79139
39533,79141
39534,79142
39535,79143
39536,79144
39537,79145
39538,79152
39539,79153
39540,79155
39541,79160
39542,79162
39543,79164
39544,79165
39545,79170
39546,79173
39547,79174
39548,79175
39549,79177
39550,79178
39551,79179
39552,79182
39553,79184
39554,79185
39555,79187
39556,79188
39557,79189
39558,79192
39559,79193
39560,79195
39561,79196
39562,79201
39563,79203
39564,79205
39565,79206
39566,79208
39567,79209
39568,79210
39569,79212
39570,79218
39571,79219
39572,79221
39573,79222
39574,79223
39575,79224
39576,79225
39577,79228
39578,79229
39579,79231
39580,79232
39581,79233
39582,79234
39583,79235
39584,79236
39585,79239
39586,79243
39587,79245
39588,79246
39589,79254
39590,79257
39591,79258
39592,79260
39593,79261
39594,79262
39595,79263
39596,79265
39597,79266
39598,79267
39599,79268
39600,79273
39601,79274
39602,79275
39603,79276
39604,79277
39605,79278
39606,79279
39607,79280
39608,79283
39609,79284
39610,79286
39611,79287
39612,79288
39613,79289
39614,79290
39615,79291
39616,79292
39617,79293
39618,79294
39619,79299
39620,79300
39621,79301
39622,79302
39623,79303
39624,79304
39625,79307
39626,79308
39627,79309
39628,79310
39629,79312
39630,79313
39631,79314
39632,79315
39633,79317
39634,79318
39635,79321
39636,79322
39637,79325
39638,79327
39639,79328
39640,79330
39641,79332
39642,79333
39643,79336
39644,79337
39645,79338
39646,79340
39647,79341
39648,79342
39649,79343
39650,79344
39651,79345
39652,79346
39653,79348
39654,79349
39655,79352
39656,79359
39657,79361
39658,79363
39659,79365
39660,79368
39661,79369
39662,79370
39663,79371
39664,79377
39665,79382
39666,79386
39667,79391
39668,79393
39669,79397
39670,79398
39671,79401
39672,79404
39673,79406
39674,79407
39675,79410
39676,79412
39677,79420
39678,79422
39679,79423
39680,79426
39681,79428
39682,79429
39683,79430
39684,79431
39685,79432
39686,79434
39687,79435
39688,79436
39689,79439
39690,79440
39691,79441
39692,79442
39693,79443
39694,79444
39695,79446
39696,79447
39697,79451
39698,79452
39699,79454
39700,79455
39701,79460
39702,79462
39703,79467
39704,79468
39705,79472
39706,79475
39707,79480
39708,79481
39709,79483
39710,79486
39711,79487
39712,79488
39713,79489
39714,79490
39715,79492
39716,79493
39717,79494
39718,79499
39719,79500
39720,79501
39721,79502
39722,79503
39723,79504
39724,79506
39725,79510
39726,79511
39727,79512
39728,79513
39729,79514
39730,79515
39731,79516
39732,79517
39733,79521
39734,79523
39735,79524
39736,79526
39737,79535
39738,79536
39739,79546
39740,79547
39741,79548
39742,79550
39743,79551
39744,79552
39745,79555
39746,79559
39747,79560
39748,79561
39749,79562
39750,79563
39751,79564
39752,79565
39753,79566
39754,79568
39755,79569
39756,79575
39757,79576
39758,79577
39759,79578
39760,79580
39761,79581
39762,79582
39763,79583
39764,79584
39765,79585
39766,79587
39767,79590
39768,79591
39769,79592
39770,79594
39771,79595
39772,79596
39773,79597
39774,79598
39775,79599
39776,79600
39777,79601
39778,79602
39779,79604
39780,79606
39781,79607
39782,79608
39783,79609
39784,79610
39785,79611
39786,79612
39787,79613
39788,79616
39789,79618
39790,79619
39791,79622
39792,79623
39793,79627
39794,79628
39795,79629
39796,79631
39797,79632
39798,79635
39799,79636
39800,79639
39801,79640
39802,79641
39803,79642
39804,79643
39805,79644
39806,79646
39807,79652
39808,79654
39809,79655
39810,79657
39811,79658
39812,79661
39813,79663
39814,79665
39815,79668
39816,79670
39817,79675
39818,79679
39819,79680
39820,79683
39821,79685
39822,79686
39823,79688
39824,79690
39825,79691
39826,79692
39827,79693
39828,79694
39829,79697
39830,79698
39831,79699
39832,79700
39833,79702
39834,79703
39835,79706
39836,79708
39837,79712
39838,79713
39839,79715
39840,79717
39841,79719
39842,79720
39843,79721
39844,79723
39845,79724
39846,79726
39847,79727
39848,79734
39849,79741
39850,79742
39851,79743
39852,79744
39853,79745
39854,79746
39855,79747
39856,79749
39857,79751
39858,79753
39859,79754
39860,79755
39861,79758
39862,79760
39863,79761
39864,79764
39865,79767
39866,79770
39867,79771
39868,79772
39869,79773
39870,79774
39871,79775
39872,79780
39873,79781
39874,79783
39875,79785
39876,79788
39877,79790
39878,79794
39879,79796
39880,79801
39881,79802
39882,79806
39883,79807
39884,79810
39885,79811
39886,79812
39887,79813
39888,79814
39889,79815
39890,79818
39891,79820
39892,79821
39893,79823
39894,79825
39895,79826
39896,79827
39897,79828
39898,79829
39899,79831
39900,79832
39901,79835
39902,79836
39903,79845
39904,79848
39905,79854
39906,79856
39907,79858
39908,79859
39909,79860
39910,79861
39911,79863
39912,79865
39913,79866
39914,79867
39915,79869
39916,79870
39917,79872
39918,79874
39919,79878
39920,79879
39921,79882
39922,79885
39923,79887
39924,79888
39925,79891
39926,79893
39927,79895
39928,79901
39929,79902
39930,79903
39931,79905
39932,79908
39933,79910
39934,79911
39935,79912
39936,79913
39937,79914
39938,79915
39939,79916
39940,79917
39941,79918
39942,79919
39943,79920
39944,79921
39945,79923
39946,79926
39947,79928
39948,79930
39949,79931
39950,79933
39951,79934
39952,79935
39953,79936
39954,79937
39955,79939
39956,79944
39957,79945
39958,79946
39959,79948
39960,79949
39961,79950
39962,79954
39963,79955
39964,79956
39965,79957
39966,79958
39967,79965
39968,79966
39969,79975
39970,79976
39971,79980
39972,79981
39973,79988
39974,79990
39975,79992
39976,79995
39977,79996
39978,79999
39979,80000
39980,80002
39981,80003
39982,80004
39983,80006
39984,80009
39985,80012
39986,80013
39987,80014
39988,80015
39989,80018
39990,80020
39991,80025
39992,80028
39993,80029
39994,80032
39995,80034
39996,80040
39997,80041
39998,80042
39999,80045
40000,80046
40001,80049
40002,80052
40003,80053
40004,80054
40005,80055
40006,80056
40007,80058
40008,80060
40009,80062
40010,80064
40011,80068
40012,80069
40013,80071
40014,80073
40015,80075
40016,80076
40017,80077
40018,80079
40019,80080
40020,80084
40021,80088
40022,80089
40023,80090
40024,80091
40025,80092
40026,80094
40027,80095
40028,80097
40029,80098
40030,80099
40031,80100
40032,80102
40033,80104
40034,80106
40035,80109
40036,80110
40037,80111
40038,80114
40039,80116
40040,80117
40041,80119
40042,80120
40043,80121
40044,80122
40045,80124
40046,80126
40047,80127
40048,80128
40049,80130
40050,80131
40051,80132
40052,80133
40053,80135
40054,80138
40055,80141
40056,80142
40057,80144
40058,80145
40059,80147
40060,80148
40061,80149
40062,80150
40063,80151
40064,80152
40065,80154
40066,80156
40067,80159
40068,80160
40069,80162
40070,80164
40071,80166
40072,80167
40073,80168
40074,80170
40075,80171
40076,80172
40077,80174
40078,80182
40079,80183
40080,80185
40081,80186
40082,80188
40083,80191
40084,80192
40085,80193
40086,80194
40087,80195
40088,80197
40089,80198
40090,80201
40091,80209
40092,80214
40093,80216
40094,80218
40095,80222
40096,80224
40097,80226
40098,80228
40099,80229
40100,80230
40101,80232
40102,80235
40103,80236
40104,80237
40105,80239
40106,80242
40107,80243
40108,80244
40109,80246
40110,80247
40111,80251
40112,80252
40113,80253
40114,80257
40115,80258
40116,80259
40117,80262
40118,80263
40119,80265
40120,80266
40121,80270
40122,80272
40123,80273
40124,80274
40125,80275
40126,80276
40127,80278
40128,80279
40129,80283
40130,80288
40131,80289
40132,80290
40133,80293
40134,80294
40135,80298
40136,80300
40137,80301
40138,80302
40139,80303
40140,80304
40141,80305
40142,80309
40143,80311
40144,80313
40145,80315
40146,80319
40147,80320
40148,80322
40149,80327
40150,80328
40151,80331
40152,80335
40153,80336
40154,80339
40155,80340
40156,80342
40157,80343
40158,80345
40159,80346
40160,80348
40161,80349
40162,80350
40163,80354
40164,80355
40165,80356
40166,80357
40167,80358
40168,80359
40169,80360
40170,80363
40171,80366
40172,80368
40173,80369
40174,80370
40175,80371
40176,80376
40177,80378
40178,80379
40179,80380
40180,80383
40181,80385
40182,80386
40183,80388
40184,80389
40185,80392
40186,80396
40187,80397
40188,80398
40189,80399
40190,80400
40191,80401
40192,80402
40193,80403
40194,80405
40195,80408
40196,80409
40197,80414
40198,80417
40199,80418
40200,80420
40201,80421
40202,80423
40203,80424
40204,80427
40205,80428
40206,80432
40207,80438
40208,80440
40209,80441
40210,80443
40211,80444
40212,80446
40213,80448
40214,80450
40215,80451
40216,80456
40217,80460
40218,80461
40219,80465
40220,80466
40221,80473
40222,80476
40223,80478
40224,80479
40225,80480
40226,80481
40227,80487
40228,80488
40229,80489
40230,80490
40231,80493
40232,80494
40233,80495
40234,80496
40235,80498
40236,80500
40237,80501
40238,80502
40239,80503
40240,80507
40241,80509
40242,80510
40243,80511
40244,80512
40245,80513
40246,80515
40247,80516
40248,80518
40249,80519
40250,80521
40251,80522
40252,80525
40253,80527
40254,80528
40255,80530
40256,80531
40257,80533
40258,80535
40259,80537
40260,80539
40261,80541
40262,80544
40263,80545
40264,80547
40265,80548
40266,80549
40267,80550
40268,80551
40269,80552
40270,80553
40271,80559
40272,80561
40273,80566
40274,80567
40275,80570
40276,80571
40277,80573
40278,80575
40279,80577
40280,80580
40281,80581
40282,80586
40283,80587
40284,80589
40285,80590
40286,80591
40287,80593
40288,80595
40289,80597
40290,80598
40291,80601
40292,80604
40293,80606
40294,80607
40295,80608
40296,80611
40297,80612
40298,80614
40299,80615
40300,80625
40301,80629
40302,80634
40303,80636
40304,80639
40305,80640
40306,80644
40307,80645
40308,80646
40309,80647
40310,80648
40311,80649
40312,80650
40313,80651
40314,80652
40315,80654
40316,80655
40317,80657
40318,80658
40319,80660
40320,80662
40321,80664
40322,80666
40323,80671
40324,80673
40325,80674
40326,80676
40327,80677
40328,80679
40329,80680
40330,80681
40331,80682
40332,80683
40333,80685
40334,80686
40335,80688
40336,80690
40337,80691
40338,80693
40339,80695
40340,80696
40341,80698
40342,80700
40343,80701
40344,80704
40345,80705
40346,80707
40347,80710
40348,80712
40349,80713
40350,80714
40351,80719
40352,80720
40353,80721
40354,80722
40355,80723
40356,80724
40357,80725
40358,80727
40359,80730
40360,80731
40361,80733
40362,80735
40363,80736
40364,80738
40365,80739
40366,80740
40367,80741
40368,80742
40369,80743
40370,80744
40371,80747
40372,80748
40373,80749
40374,80750
40375,80751
40376,80752
40377,80759
40378,80766
40379,80767
40380,80775
40381,80776
40382,80778
40383,80779
40384,80780
40385,80782
40386,80785
40387,80787
40388,80789
40389,80790
40390,80796
40391,80798
40392,80799
40393,80800
40394,80801
40395,80804
40396,80806
40397,80807
40398,80809
40399,80810
40400,80812
40401,80814
40402,80819
40403,80820
40404,80822
40405,80824
40406,80826
40407,80827
40408,80828
40409,80831
40410,80832
40411,80837
40412,80839
40413,80840
40414,80843
40415,80844
40416,80849
40417,80851
40418,80853
40419,80856
40420,80857
40421,80858
40422,80859
40423,80860
40424,80861
40425,80863
40426,80866
40427,80870
40428,80871
40429,80873
40430,80874
40431,80875
40432,80876
40433,80881
40434,80882
40435,80884
40436,80885
40437,80886
40438,80887
40439,80889
40440,80890
40441,80892
40442,80895
40443,80897
40444,80898
40445,80901
40446,80902
40447,80903
40448,80905
40449,80912
40450,80913
40451,80916
40452,80918
40453,80925
40454,80928
40455,80931
40456,80932
40457,80936
40458,80939
40459,80941
40460,80943
40461,80944
40462,80945
40463,80947
40464,80948
40465,80950
40466,80952
40467,80954
40468,80955
40469,80958
40470,80959
40471,80962
40472,80964
40473,80967
40474,80968
40475,80970
40476,80971
40477,80975
40478,80976
40479,80977
40480,80979
40481,80980
40482,80982
40483,80983
40484,80984
40485,80985
40486,80986
40487,80988
40488,80990
40489,80991
40490,80992
40491,80993
40492,80995
40493,80997
40494,80998
40495,81003
40496,81005
40497,81007
40498,81008
40499,81010
40500,81011
40501,81012
40502,81014
40503,81015
40504,81018
40505,81019
40506,81020
40507,81021
40508,81023
40509,81027
40510,81029
40511,81036
40512,81037
40513,81039
40514,81042
40515,81046
40516,81049
40517,81050
40518,81053
40519,81054
40520,81055
40521,81056
40522,81057
40523,81058
40524,81061
40525,81062
40526,81063
40527,81065
40528,81068
40529,81072
40530,81075
40531,81076
40532,81085
40533,81087
40534,81092
40535,81093
40536,81097
40537,81100
40538,81101
40539,81103
40540,81104
40541,81106
40542,81107
40543,81110
40544,81111
40545,81112
40546,81113
40547,81114
40548,81115
40549,81116
40550,81118
40551,81119
40552,81121
40553,81124
40554,81126
40555,81127
40556,81132
40557,81134
40558,81135
40559,81138
40560,81139
40561,81140
40562,81142
40563,81143
40564,81145
40565,81146
40566,81149
40567,81151
40568,81152
40569,81153
40570,81158
40571,81159
40572,81161
40573,81162
40574,81167
40575,81168
40576,81169
40577,81170
40578,81173
40579,81174
40580,81176
40581,81180
40582,81183
40583,81186
40584,81188
40585,81192
40586,81194
40587,81195
40588,81196
40589,81200
40590,81201
40591,81205
40592,81212
40593,81213
40594,81216
40595,81217
40596,81218
40597,81219
40598,81221
40599,81222
40600,81223
40601,81224
40602,81225
40603,81226
40604,81228
40605,81229
40606,81232
40607,81233
40608,81236
40609,81238
40610,81240
40611,81242
40612,81245
40613,81249
40614,81251
40615,81253
40616,81254
40617,81259
40618,81260
40619,81261
40620,81264
40621,81265
40622,81266
40623,81268
40624,81269
40625,81270
40626,81271
40627,81273
40628,81274
40629,81275
40630,81278
40631,81279
40632,81284
40633,81285
40634,81289
40635,81290
40636,81291
40637,81295
40638,81297
40639,81298
40640,81299
40641,81301
40642,81303
40643,81304
40644,81305
40645,81306
40646,81307
40647,81308
40648,81310
40649,81311
40650,81312
40651,81314
40652,81316
40653,81325
40654,81326
40655,81330
40656,81340
40657,81346
40658,81350
40659,81352
40660,81354
40661,81355
40662,81356
40663,81358
40664,81359
40665,81363
40666,81364
40667,81365
40668,81367
40669,81368
40670,81369
40671,81372
40672,81376
40673,81378
40674,81382
40675,81383
40676,81384
40677,81387
40678,81388
40679,81389
40680,81390
40681,81392
40682,81393
40683,81395
40684,81398
40685,81399
40686,81401
40687,81402
40688,81407
40689,81409
40690,81410
40691,81411
40692,81413
40693,81414
40694,81417
40695,81418
40696,81422
40697,81424
40698,81429
40699,81431
40700,81432
40701,81433
40702,81435
40703,81436
40704,81438
40705,81440
40706,81441
40707,81442
40708,81443
40709,81444
40710,81445
40711,81446
40712,81447
40713,81452
40714,81455
40715,81457
40716,81458
40717,81459
40718,81460
40719,81462
40720,81465
40721,81466
40722,81471
40723,81476
40724,81477
40725,81478
40726,81479
40727,81480
40728,81482
40729,81486
40730,81488
40731,81491
40732,81494
40733,81495
40734,81498
40735,81499
40736,81502
40737,81503
40738,81504
40739,81505
40740,81506
40741,81510
40742,81511
40743,81513
40744,81515
40745,81516
40746,81517
40747,81519
40748,81520
40749,81521
40750,81522
40751,81528
40752,81529
40753,81531
40754,81534
40755,81535
40756,81537
40757,81540
40758,81541
40759,81545
40760,81546
40761,81549
40762,81554
40763,81555
40764,81558
40765,81561
40766,81566
40767,81567
40768,81570
40769,81573
40770,81576
40771,81580
40772,81585
40773,81588
40774,81592
40775,81596
40776,81597
40777,81598
40778,81600
40779,81602
40780,81604
40781,81605
40782,81607
40783,81608
40784,81610
40785,81611
40786,81613
40787,81614
40788,81616
40789,81617
40790,81618
40791,81621
40792,81623
40793,81624
40794,81626
40795,81627
40796,81629
40797,81630
40798,81633
40799,81634
40800,81636
40801,81640
40802,81642
40803,81645
40804,81646
40805,81647
40806,81648
40807,81649
40808,81652
40809,81654
40810,81655
40811,81660
40812,81661
40813,81662
40814,81664
40815,81665
40816,81667
40817,81670
40818,81671
40819,81673
40820,81675
40821,81676
40822,81678
40823,81681
40824,81682
40825,81690
40826,81692
40827,81697
40828,81698
40829,81699
40830,81700
40831,81702
40832,81703
40833,81707
40834,81709
40835,81711
40836,81716
40837,81719
40838,81724
40839,81728
40840,81729
40841,81730
40842,81732
40843,81741
40844,81749
40845,81750
40846,81752
40847,81753
40848,81755
40849,81756
40850,81758
40851,81759
40852,81760
40853,81761
40854,81763
40855,81765
40856,81769
40857,81776
40858,81781
40859,81784
40860,81785
40861,81786
40862,81790
40863,81791
40864,81792
40865,81793
40866,81795
40867,81796
40868,81797
40869,81799
40870,81800
40871,81801
40872,81804
40873,81806
40874,81811
40875,81814
40876,81816
40877,81818
40878,81820
40879,81822
40880,81823
40881,81825
40882,81828
40883,81831
40884,81832
40885,81833
40886,81835
40887,81840
40888,81842
40889,81843
40890,81845
40891,81846
40892,81850
40893,81851
40894,81854
40895,81855
40896,81857
40897,81858
40898,81859
40899,81860
40900,81861
40901,81862
40902,81863
40903,81864
40904,81865
40905,81869
40906,81873
40907,81874
40908,81875
40909,81879
40910,81880
40911,81882
40912,81883
40913,81887
40914,81890
40915,81892
40916,81895
40917,81898
40918,81903
40919,81904
40920,81906
40921,81908
40922,81915
40923,81917
40924,81918
40925,81919
40926,81920
40927,81923
40928,81925
40929,81928
40930,81929
40931,81932
40932,81934
40933,81935
40934,81937
40935,81938
40936,81939
40937,81940
40938,81941
40939,81942
40940,81943
40941,81944
40942,81946
40943,81949
40944,81951
40945,81953
40946,81956
40947,81958
40948,81959
40949,81960
40950,81961
40951,81967
40952,81972
40953,81974
40954,81981
40955,81982
40956,81983
40957,81986
40958,81987
40959,81989
40960,81990
40961,81992
40962,81993
40963,81994
40964,81999
40965,82000
40966,82003
40967,82004
40968,82006
40969,82009
40970,82011
40971,82016
40972,82020
40973,82021
40974,82023
40975,82024
40976,82025
40977,82028
40978,82032
40979,82034
40980,82036
40981,82037
40982,82038
40983,82040
40984,82041
40985,82042
40986,82049
40987,82050
40988,82051
40989,82052
40990,82053
40991,82054
40992,82055
40993,82056
40994,82057
40995,82058
40996,82059
40997,82061
40998,82064
40999,82066
41000,82068
41001,82069
41002,82071
41003,82076
41004,82077
41005,82078
41006,82080
41007,82081
41008,82082
41009,82083
41010,82084
41011,82085
41012,82088
41013,82093
41014,82099
41015,82100
41016,82105
41017,82108
41018,82109
41019,82113
41020,82124
41021,82126
41022,82129
41023,82130
41024,82133
41025,82135
41026,82137
41027,82138
41028,82140
41029,82142
41030,82144
41031,82145
41032,82148
41033,82150
41034,82153
41035,82156
41036,82157
41037,82158
41038,82161
41039,82162
41040,82166
41041,82168
41042,82170
41043,82173
41044,82179
41045,82180
41046,82182
41047,82184
41048,82185
41049,82187
41050,82188
41051,82189
41052,82190
41053,82193
41054,82195
41055,82197
41056,82199
41057,82200
41058,82203
41059,82206
41060,82208
41061,82211
41062,82212
41063,82213
41064,82217
41065,82218
41066,82219
41067,82220
41068,82221
41069,82222
41070,82225
41071,82226
41072,82228
41073,82230
41074,82233
41075,82235
41076,82236
41077,82237
41078,82239
41079,82242
41080,82244
41081,82245
41082,82246
41083,82247
41084,82248
41085,82251
41086,82254
41087,82255
41088,82256
41089,82257
41090,82260
41091,82261
41092,82263
41093,82264
41094,82269
41095,82270
41096,82272
41097,82276
41098,82277
41099,82278
41100,82279
41101,82280
41102,82285
41103,82286
41104,82287
41105,82288
41106,82289
41107,82293
41108,82294
41109,82298
41110,82299
41111,82300
41112,82303
41113,82308
41114,82309
41115,82311
41116,82312
41117,82314
41118,82316
41119,82317
41120,82318
41121,82320
41122,82321
41123,82324
41124,82325
41125,82327
41126,82328
41127,82331
41128,82332
41129,82333
41130,82335
41131,82344
41132,82346
41133,82347
41134,82349
41135,82351
41136,82354
41137,82357
41138,82361
41139,82363
41140,82364
41141,82365
41142,82366
41143,82368
41144,82370
41145,82371
41146,82374
41147,82375
41148,82378
41149,82380
41150,82381
41151,82382
41152,82383
41153,82384
41154,82385
41155,82387
41156,82390
41157,82391
41158,82392
41159,82393
41160,82396
41161,82397
41162,82401
41163,82403
41164,82404
41165,82405
41166,82407
41167,82409
41168,82415
41169,82416
41170,82418
41171,82419
41172,82420
41173,82421
41174,82424
41175,82429
41176,82430
41177,82431
41178,82432
41179,82433
41180,82437
41181,82438
41182,82441
41183,82446
41184,82449
41185,82451
41186,82452
41187,82454
41188,82455
41189,82457
41190,82458
41191,82459
41192,82462
41193,82465
41194,82467
41195,82468
41196,82469
41197,82471
41198,82477
41199,82482
41200,82483
41201,82485
41202,82487
41203,82488
41204,82491
41205,82492
41206,82493
41207,82496
41208,82498
41209,82500
41210,82503
41211,82505
41212,82507
41213,82508
41214,82511
41215,82515
41216,82517
41217,82519
41218,82520
41219,82521
41220,82522
41221,82525
41222,82527
41223,82529
41224,82532
41225,82533
41226,82534
41227,82535
41228,82536
41229,82540
41230,82542
41231,82543
41232,82546
41233,82548
41234,82550
41235,82552
41236,82554
41237,82555
41238,82556
41239,82557
41240,82558
41241,82560
41242,82566
41243,82571
41244,82574
41245,82576
41246,82577
41247,82578
41248,82579
41249,82580
41250,82584
41251,82586
41252,82589
41253,82590
41254,82592
41255,82595
41256,82596
41257,82599
41258,82600
41259,82602
41260,82604
41261,82607
41262,82610
41263,82613
41264,82615
41265,82619
41266,82620
41267,82624
41268,82630
41269,82631
41270,82633
41271,82635
41272,82636
41273,82638
41274,82639
41275,82640
41276,82641
41277,82643
41278,82648
41279,82649
41280,82651
41281,82652
41282,82653
41283,82655
41284,82656
41285,82657
41286,82659
41287,82662
41288,82665
41289,82667
41290,82668
41291,82669
41292,82673
41293,82675
41294,82676
41295,82677
41296,82678
41297,82680
41298,82681
41299,82683
41300,82685
41301,82686
41302,82687
41303,82689
41304,82691
41305,82693
41306,82694
41307,82695
41308,82702
41309,82703
41310,82705
41311,82710
41312,82712
41313,82714
41314,82716
41315,82717
41316,82719
41317,82722
41318,82723
41319,82726
41320,82728
41321,82730
41322,82732
41323,82735
41324,82736
41325,82739
41326,82741
41327,82746
41328,82747
41329,82749
41330,82750
41331,82751
41332,82755
41333,82757
41334,82758
41335,82759
41336,82760
41337,82761
41338,82762
41339,82767
41340,82770
41341,82771
41342,82772
41343,82773
41344,82774
41345,82775
41346,82776
41347,82777
41348,82778
41349,82779
41350,82781
41351,82782
41352,82783
41353,82784
41354,82786
41355,82789
41356,82790
41357,82791
41358,82793
41359,82794
41360,82795
41361,82796
41362,82797
41363,82799
41364,82801
41365,82805
41366,82807
41367,82811
41368,82814
41369,82815
41370,82816
41371,82819
41372,82820
41373,82821
41374,82823
41375,82824
41376,82826
41377,82827
41378,82833
41379,82835
41380,82837
41381,82838
41382,82840
41383,82841
41384,82844
41385,82846
41386,82847
41387,82848
41388,82849
41389,82850
41390,82851
41391,82856
41392,82857
41393,82858
41394,82859
41395,82861
41396,82862
41397,82863
41398,82864
41399,82867
41400,82868
41401,82869
41402,82872
41403,82875
41404,82877
41405,82878
41406,82883
41407,82884
41408,82886
41409,82890
41410,82891
41411,82892
41412,82893
41413,82894
41414,82896
41415,82897
41416,82899
41417,82902
41418,82903
41419,82905
41420,82907
41421,82910
41422,82912
41423,82913
41424,82915
41425,82917
41426,82920
41427,82921
41428,82922
41429,82924
41430,82925
41431,82926
41432,82928
41433,82932
41434,82935
41435,82943
41436,82946
41437,82950
41438,82951
41439,82952
41440,82954
41441,82955
41442,82960
41443,82961
41444,82963
41445,82965
41446,82971
41447,82973
41448,82974
41449,82975
41450,82976
41451,82979
41452,82983
41453,82984
41454,82986
41455,82987
41456,82993
41457,82994
41458,82995
41459,82996
41460,82997
41461,82998
41462,83000
41463,83002
41464,83006
41465,83009
41466,83010
41467,83012
41468,83013
41469,83015
41470,83018
41471,83019
41472,83020
41473,83026
41474,83028
41475,83029
41476,83030
41477,83031
41478,83032
41479,83033
41480,83035
41481,83036
41482,83038
41483,83040
41484,83042
41485,83043
41486,83044
41487,83045
41488,83046
41489,83050
41490,83051
41491,83054
41492,83055
41493,83058
41494,83060
41495,83063
41496,83064
41497,83065
41498,83068
41499,83071
41500,83072
41501,83075
41502,83076
41503,83080
41504,83081
41505,83082
41506,83083
41507,83084
41508,83086
41509,83087
41510,83089
41511,83090
41512,83091
41513,83095
41514,83096
41515,83097
41516,83100
41517,83103
41518,83109
41519,83112
41520,83113
41521,83120
41522,83121
41523,83122
41524,83124
41525,83125
41526,83126
41527,83128
41528,83129
41529,83130
41530,83132
41531,83134
41532,83137
41533,83138
41534,83139
41535,83140
41536,83143
41537,83145
41538,83146
41539,83147
41540,83148
41541,83149
41542,83151
41543,83152
41544,83153
41545,83155
41546,83157
41547,83158
41548,83159
41549,83160
41550,83163
41551,83164
41552,83165
41553,83167
41554,83168
41555,83175
41556,83180
41557,83181
41558,83182
41559,83186
41560,83187
41561,83194
41562,83196
41563,83197
41564,83198
41565,83199
41566,83201
41567,83203
41568,83204
41569,83206
41570,83210
41571,83211
41572,83213
41573,83214
41574,83215
41575,83216
41576,83217
41577,83218
41578,83220
41579,83225
41580,83227
41581,83230
41582,83231
41583,83234
41584,83235
41585,83238
41586,83239
41587,83243
41588,83246
41589,83248
41590,83251
41591,83252
41592,83255
41593,83258
41594,83262
41595,83264
41596,83265
41597,83270
41598,83271
41599,83272
41600,83273
41601,83274
41602,83277
41603,83279
41604,83281
41605,83284
41606,83285
41607,83288
41608,83292
41609,83294
41610,83296
41611,83298
41612,83299
41613,83300
41614,83304
41615,83306
41616,83308
41617,83309
41618,83313
41619,83316
41620,83319
41621,83320
41622,83322
41623,83324
41624,83328
41625,83332
41626,83333
41627,83336
41628,83338
41629,83343
41630,83344
41631,83347
41632,83348
41633,83349
41634,83352
41635,83353
41636,83354
41637,83359
41638,83361
41639,83364
41640,83368
41641,83374
41642,83375
41643,83377
41644,83387
41645,83391
41646,83392
41647,83394
41648,83396
41649,83398
41650,83401
41651,83403
41652,83404
41653,83405
41654,83407
41655,83409
41656,83410
41657,83411
41658,83414
41659,83416
41660,83417
41661,83418
41662,83419
41663,83421
41664,83424
41665,83425
41666,83427
41667,83428
41668,83432
41669,83434
41670,83435
41671,83437
41672,83440
41673,83443
41674,83448
41675,83452
41676,83460
41677,83461
41678,83462
41679,83463
41680,83465
41681,83467
41682,83469
41683,83470
41684,83471
41685,83472
41686,83475
41687,83476
41688,83480
41689,83482
41690,83483
41691,83485
41692,83495
41693,83496
41694,83497
41695,83499
41696,83500
41697,83501
41698,83503
41699,83504
41700,83506
41701,83507
41702,83508
41703,83509
41704,83510
41705,83512
41706,83513
41707,83514
41708,83517
41709,83519
41710,83521
41711,83524
41712,83526
41713,83527
41714,83530
41715,83533
41716,83535
41717,83536
41718,83537
41719,83539
41720,83544
41721,83547
41722,83549
41723,83553
41724,83557
41725,83560
41726,83567
41727,83573
41728,83574
41729,83575
41730,83577
41731,83578
41732,83579
41733,83581
41734,83582
41735,83584
41736,83585
41737,83586
41738,83587
41739,83588
41740,83590
41741,83591
41742,83593
41743,83595
41744,83596
41745,83597
41746,83599
41747,83601
41748,83602
41749,83604
41750,83608
41751,83609
41752,83610
41753,83611
41754,83612
41755,83613
41756,83614
41757,83619
41758,83620
41759,83621
41760,83622
41761,83623
41762,83627
41763,83628
41764,83630
41765,83633
41766,83634
41767,83635
41768,83636
41769,83637
41770,83639
41771,83641
41772,83642
41773,83644
41774,83649
41775,83650
41776,83654
41777,83655
41778,83658
41779,83661
41780,83663
41781,83664
41782,83665
41783,83666
41784,83668
41785,83669
41786,83671
41787,83673
41788,83675
41789,83679
41790,83681
41791,83683
41792,83684
41793,83686
41794,83687
41795,83689
41796,83690
41797,83692
41798,83694
41799,83696
41800,83698
41801,83699
41802,83701
41803,83702
41804,83705
41805,83706
41806,83707
41807,83713
41808,83714
41809,83715
41810,83716
41811,83717
41812,83723
41813,83724
41814,83726
41815,83729
41816,83732
41817,83733
41818,83734
41819,83735
41820,83736
41821,83738
41822,83739
41823,83740
41824,83745
41825,83746
41826,83749
41827,83750
41828,83751
41829,83752
41830,83753
41831,83757
41832,83759
41833,83764
41834,83765
41835,83766
41836,83768
41837,83772
41838,83773
41839,83774
41840,83776
41841,83778
41842,83779
41843,83780
41844,83781
41845,83784
41846,83788
41847,83790
41848,83792
41849,83793
41850,83794
41851,83797
41852,83798
41853,83799
41854,83800
41855,83803
41856,83804
41857,83805
41858,83806
41859,83809
41860,83810
41861,83812
41862,83814
41863,83816
41864,83818
41865,83820
41866,83821
41867,83824
41868,83825
41869,83833
41870,83840
41871,83842
41872,83843
41873,83844
41874,83845
41875,83846
41876,83847
41877,83848
41878,83851
41879,83855
41880,83856
41881,83857
41882,83858
41883,83860
41884,83862
41885,83863
41886,83864
41887,83866
41888,83872
41889,83873
41890,83874
41891,83876
41892,83878
41893,83879
41894,83880
41895,83881
41896,83887
41897,83889
41898,83893
41899,83894
41900,83899
41901,83905
41902,83906
41903,83907
41904,83909
41905,83910
41906,83911
41907,83912
41908,83913
41909,83915
41910,83916
41911,83918
41912,83919
41913,83925
41914,83926
41915,83928
41916,83929
41917,83930
41918,83931
41919,83933
41920,83935
41921,83936
41922,83937
41923,83938
41924,83941
41925,83945
41926,83946
41927,83947
41928,83948
41929,83951
41930,83952
41931,83954
41932,83955
41933,83959
41934,83962
41935,83965
41936,83967
41937,83976
41938,83977
41939,83982
41940,83987
41941,83988
41942,83993
41943,83998
41944,84000
41945,84001
41946,84002
41947,84003
41948,84007
41949,84009
41950,84010
41951,84013
41952,84015
41953,84017
41954,84018
41955,84019
41956,84021
41957,84026
41958,84027
41959,84028
41960,84029
41961,84031
41962,84038
41963,84046
41964,84047
41965,84048
41966,84051
41967,84053
41968,84055
41969,84058
41970,84059
41971,84062
41972,84065
41973,84066
41974,84067
41975,84068
41976,84070
41977,84071
41978,84074
41979,84075
41980,84076
41981,84080
41982,84082
41983,84083
41984,84084
41985,84087
41986,84089
41987,84090
41988,84091
41989,84092
41990,84093
41991,84095
41992,84099
41993,84101
41994,84103
41995,84104
41996,84105
41997,84106
41998,84107
41999,84108
42000,84109
42001,84110
42002,84112
42003,84114
42004,84115
42005,84117
42006,84118
42007,84123
42008,84125
42009,84126
42010,84127
42011,84129
42012,84131
42013,84132
42014,84133
42015,84137
42016,84143
42017,84148
42018,84149
42019,84150
42020,84153
42021,84155
42022,84164
42023,84165
42024,84167
42025,84168
42026,84169
42027,84171
42028,84172
42029,84173
42030,84175
42031,84176
42032,84178
42033,84179
42034,84187
42035,84192
42036,84194
42037,84197
42038,84200
42039,84201
42040,84202
42041,84203
42042,84205
42043,84209
42044,84212
42045,84216
42046,84217
42047,84218
42048,84219
42049,84220
42050,84221
42051,84224
42052,84226
42053,84227
42054,84228
42055,84230
42056,84231
42057,84235
42058,84238
42059,84239
42060,84240
42061,84241
42062,84242
42063,84244
42064,84248
42065,84250
42066,84259
42067,84260
42068,84262
42069,84263
42070,84265
42071,84266
42072,84270
42073,84271
42074,84274
42075,84276
42076,84277
42077,84279
42078,84283
42079,84284
42080,84286
42081,84289
42082,84296
42083,84297
42084,84298
42085,84299
42086,84303
42087,84304
42088,84306
42089,84307
42090,84308
42091,84310
42092,84311
42093,84312
42094,84315
42095,84317
42096,84319
42097,84320
42098,84321
42099,84322
42100,84323
42101,84325
42102,84327
42103,84328
42104,84331
42105,84334
42106,84336
42107,84337
42108,84339
42109,84341
42110,84343
42111,84345
42112,84346
42113,84349
42114,84350
42115,84352
42116,84356
42117,84360
42118,84361
42119,84363
42120,84364
42121,84365
42122,84368
42123,84370
42124,84371
42125,84373
42126,84377
42127,84379
42128,84384
42129,84389
42130,84390
42131,84393
42132,84394
42133,84397
42134,84399
42135,84400
42136,84401
42137,84404
42138,84406
42139,84408
42140,84409
42141,84411
42142,84412
42143,84413
42144,84414
42145,84415
42146,84416
42147,84417
42148,84419
42149,84420
42150,84431
42151,84434
42152,84436
42153,84439
42154,84440
42155,84442
42156,84443
42157,84444
42158,84445
42159,84446
42160,84447
42161,84448
42162,84450
42163,84454
42164,84455
42165,84459
42166,84460
42167,84462
42168,84463
42169,84464
42170,84465
42171,84466
42172,84468
42173,84470
42174,84475
42175,84477
42176,84478
42177,84479
42178,84481
42179,84482
42180,84484
42181,84485
42182,84486
42183,84487
42184,84488
42185,84489
42186,84490
42187,84491
42188,84492
42189,84493
42190,84494
42191,84495
42192,84498
42193,84502
42194,84503
42195,84504
42196,84506
42197,84508
42198,84509
42199,84511
42200,84515
42201,84519
42202,84520
42203,84522
42204,84524
42205,84525
42206,84526
42207,84529
42208,84532
42209,84536
42210,84537
42211,84541
42212,84543
42213,84544
42214,84547
42215,84548
42216,84549
42217,84552
42218,84555
42219,84559
42220,84560
42221,84561
42222,84563
42223,84569
42224,84571
42225,84573
42226,84576
42227,84577
42228,84578
42229,84580
42230,84581
42231,84582
42232,84583
42233,84584
42234,84585
42235,84586
42236,84587
42237,84589
42238,84590
42239,84591
42240,84595
42241,84597
42242,84601
42243,84602
42244,84603
42245,84607
42246,84615
42247,84617
42248,84618
42249,84619
42250,84620
42251,84621
42252,84622
42253,84623
42254,84626
42255,84627
42256,84633
42257,84634
42258,84635
42259,84636
42260,84640
42261,84641
42262,84642
42263,84645
42264,84647
42265,84650
42266,84651
42267,84652
42268,84655
42269,84656
42270,84657
42271,84658
42272,84659
42273,84660
42274,84661
42275,84662
42276,84665
42277,84666
42278,84667
42279,84668
42280,84671
42281,84676
42282,84678
42283,84682
42284,84683
42285,84686
42286,84687
42287,84688
42288,84689
42289,84691
42290,84693
42291,84694
42292,84695
42293,84696
42294,84700
42295,84705
42296,84706
42297,84707
42298,84708
42299,84710
42300,84712
42301,84713
42302,84715
42303,84717
42304,84721
42305,84724
42306,84725
42307,84726
42308,84727
42309,84728
42310,84731
42311,84735
42312,84736
42313,84737
42314,84739
42315,84740
42316,84741
42317,84743
42318,84745
42319,84746
42320,84748
42321,84749
42322,84752
42323,84753
42324,84760
42325,84762
42326,84765
42327,84766
42328,84767
42329,84768
42330,84769
42331,84772
42332,84775
42333,84778
42334,84781
42335,84782
42336,84783
42337,84785
42338,84786
42339,84788
42340,84790
42341,84791
42342,84792
42343,84794
42344,84797
42345,84799
42346,84800
42347,84802
42348,84803
42349,84804
42350,84805
42351,84809
42352,84810
42353,84812
42354,84813
42355,84814
42356,84817
42357,84818
42358,84827
42359,84829
42360,84830
42361,84835
42362,84838
42363,84839
42364,84840
42365,84845
42366,84847
42367,84848
42368,84849
42369,84850
42370,84853
42371,84854
42372,84855
42373,84856
42374,84857
42375,84862
42376,84863
42377,84866
42378,84867
42379,84868
42380,84869
42381,84871
42382,84872
42383,84873
42384,84875
42385,84880
42386,84884
42387,84885
42388,84887
42389,84889
42390,84891
42391,84895
42392,84896
42393,84897
42394,84900
42395,84901
42396,84904
42397,84906
42398,84907
42399,84908
42400,84913
42401,84914
42402,84915
42403,84922
42404,84923
42405,84926
42406,84927
42407,84928
42408,84929
42409,84930
42410,84933
42411,84935
42412,84936
42413,84939
42414,84940
42415,84941
42416,84942
42417,84944
42418,84945
42419,84947
42420,84948
42421,84949
42422,84950
42423,84952
42424,84954
42425,84955
42426,84956
42427,84959
42428,84960
42429,84962
42430,84963
42431,84967
42432,84968
42433,84971
42434,84972
42435,84974
42436,84975
42437,84977
42438,84979
42439,84981
42440,84983
42441,84987
42442,84988
42443,84991
42444,84993
42445,84994
42446,84995
42447,84996
42448,84997
42449,84998
42450,85000
42451,85002
42452,85005
42453,85007
42454,85010
42455,85011
42456,85012
42457,85014
42458,85016
42459,85017
42460,85021
42461,85023
42462,85025
42463,85027
42464,85030
42465,85032
42466,85035
42467,85036
42468,85037
42469,85039
42470,85041
42471,85045
42472,85047
42473,85048
42474,85051
42475,85052
42476,85053
42477,85055
42478,85057
42479,85058
42480,85059
42481,85061
42482,85065
42483,85068
42484,85069
42485,85074
42486,85075
42487,85076
42488,85082
42489,85087
42490,85089
42491,85093
42492,85094
42493,85095
42494,85096
42495,85098
42496,85099
42497,85100
42498,85101
42499,85105
42500,85106
42501,85110
42502,85111
42503,85112
42504,85114
42505,85117
42506,85118
42507,85120
42508,85122
42509,85124
42510,85125
42511,85126
42512,85127
42513,85128
42514,85130
42515,85133
42516,85135
42517,85138
42518,85140
42519,85142
42520,85143
42521,85147
42522,85148
42523,85149
42524,85150
42525,85152
42526,85153
42527,85155
42528,85156
42529,85157
42530,85159
42531,85160
42532,85165
42533,85167
42534,85171
42535,85172
42536,85173
42537,85175
42538,85176
42539,85177
42540,85179
42541,85180
42542,85182
42543,85183
42544,85184
42545,85185
42546,85188
42547,85191
42548,85194
42549,85195
42550,85198
42551,85202
42552,85203
42553,85204
42554,85209
42555,85210
42556,85213
42557,85216
42558,85217
42559,85219
42560,85220
42561,85221
42562,85223
42563,85224
42564,85226
42565,85227
42566,85228
42567,85230
42568,85231
42569,85233
42570,85236
42571,85248
42572,85250
42573,85251
42574,85256
42575,85259
42576,85260
42577,85261
42578,85267
42579,85268
42580,85271
42581,85273
42582,85274
42583,85278
42584,85281
42585,85282
42586,85284
42587,85285
42588,85288
42589,85289
42590,85294
42591,85296
42592,85297
42593,85298
42594,85302
42595,85304
42596,85305
42597,85309
42598,85310
42599,85312
42600,85313
42601,85317
42602,85323
42603,85324
42604,85327
42605,85331
42606,85334
42607,85335
42608,85336
42609,85337
42610,85338
42611,85342
42612,85344
42613,85345
42614,85347
42615,85350
42616,85356
42617,85357
42618,85361
42619,85362
42620,85363
42621,85365
42622,85367
42623,85370
42624,85373
42625,85374
42626,85375
42627,85376
42628,85377
42629,85378
42630,85379
42631,85384
42632,85385
42633,85389
42634,85391
42635,85392
42636,85393
42637,85396
42638,85399
42639,85409
42640,85413
42641,85414
42642,85415
42643,85418
42644,85419
42645,85423
42646,85426
42647,85428
42648,85431
42649,85432
42650,85433
42651,85435
42652,85437
42653,85438
42654,85442
42655,85446
42656,85448
42657,85450
42658,85451
42659,85456
42660,85457
42661,85459
42662,85460
42663,85461
42664,85462
42665,85464
42666,85467
42667,85468
42668,85472
42669,85473
42670,85476
42671,85477
42672,85479
42673,85480
42674,85481
42675,85482
42676,85485
42677,85486
42678,85487
42679,85489
42680,85490
42681,85491
42682,85492
42683,85495
42684,85496
42685,85497
42686,85498
42687,85500
42688,85504
42689,85505
42690,85506
42691,85507
42692,85508
42693,85510
42694,85513
42695,85514
42696,85516
42697,85517
42698,85519
42699,85522
42700,85524
42701,85526
42702,85530
42703,85531
42704,85533
42705,85534
42706,85536
42707,85541
42708,85542
42709,85543
42710,85544
42711,85545
42712,85548
42713,85553
42714,85554
42715,85555
42716,85561
42717,85563
42718,85567
42719,85568
42720,85570
42721,85572
42722,85573
42723,85574
42724,85575
42725,85578
42726,85580
42727,85581
42728,85582
42729,85583
42730,85584
42731,85585
42732,85586
42733,85587
42734,85594
42735,85597
42736,85600
42737,85601
42738,85607
42739,85608
42740,85609
42741,85610
42742,85611
42743,85612
42744,85613
42745,85617
42746,85621
42747,85622
42748,85623
42749,85624
42750,85626
42751,85629
42752,85631
42753,85633
42754,85634
42755,85637
42756,85638
42757,85639
42758,85641
42759,85642
42760,85644
42761,85648
42762,85650
42763,85651
42764,85654
42765,85656
42766,85658
42767,85662
42768,85663
42769,85664
42770,85670
42771,85673
42772,85674
42773,85676
42774,85677
42775,85678
42776,85680
42777,85681
42778,85683
42779,85685
42780,85686
42781,85687
42782,85689
42783,85692
42784,85694
42785,85696
42786,85697
42787,85698
42788,85699
42789,85703
42790,85705
42791,85708
42792,85711
42793,85712
42794,85714
42795,85715
42796,85718
42797,85719
42798,85722
42799,85724
42800,85725
42801,85727
42802,85728
42803,85731
42804,85737
42805,85739
42806,85742
42807,85746
42808,85748
42809,85749
42810,85752
42811,85753
42812,85754
42813,85761
42814,85764
42815,85765
42816,85767
42817,85768
42818,85770
42819,85775
42820,85776
42821,85778
42822,85780
42823,85783
42824,85784
42825,85785
42826,85787
42827,85791
42828,85792
42829,85793
42830,85794
42831,85795
42832,85796
42833,85798
42834,85799
42835,85802
42836,85804
42837,85805
42838,85806
42839,85807
42840,85808
42841,85812
42842,85814
42843,85816
42844,85819
42845,85820
42846,85821
42847,85827
42848,85831
42849,85833
42850,85835
42851,85836
42852,85838
42853,85839
42854,85842
42855,85846
42856,85847
42857,85848
42858,85850
42859,85851
42860,85852
42861,85853
42862,85855
42863,85856
42864,85857
42865,85859
42866,85861
42867,85862
42868,85863
42869,85864
42870,85865
42871,85867
42872,85870
42873,85873
42874,85876
42875,85877
42876,85878
42877,85879
42878,85880
42879,85883
42880,85885
42881,85887
42882,85888
42883,85889
42884,85890
42885,85891
42886,85896
42887,85897
42888,85898
42889,85902
42890,85903
42891,85904
42892,85905
42893,85906
42894,85907
42895,85908
42896,85914
42897,85915
42898,85917
42899,85918
42900,85920
42901,85921
42902,85922
42903,85924
42904,85925
42905,85926
42906,85928
42907,85934
42908,85936
42909,85937
42910,85939
42911,85941
42912,85942
42913,85943
42914,85944
42915,85945
42916,85947
42917,85949
42918,85950
42919,85953
42920,85957
42921,85959
42922,85962
42923,85964
42924,85966
42925,85967
42926,85969
42927,85971
42928,85972
42929,85979
42930,85983
42931,85987
42932,85990
42933,85996
42934,85997
42935,85998
42936,85999
42937,86000
42938,86001
42939,86003
42940,86007
42941,86009
42942,86010
42943,86012
42944,86013
42945,86014
42946,86015
42947,86016
42948,86017
42949,86020
42950,86021
42951,86022
42952,86023
42953,86025
42954,86027
42955,86028
42956,86031
42957,86032
42958,86033
42959,86034
42960,86035
42961,86039
42962,86040
42963,86042
42964,86045
42965,86046
42966,86048
42967,86049
42968,86051
42969,86052
42970,86055
42971,86058
42972,86059
42973,86061
42974,86062
42975,86065
42976,86068
42977,86069
42978,86071
42979,86072
42980,86073
42981,86074
42982,86076
42983,86081
42984,86082
42985,86085
42986,86087
42987,86089
42988,86091
42989,86094
42990,86096
42991,86097
42992,86100
42993,86101
42994,86103
42995,86105
42996,86107
42997,86109
42998,86111
42999,86116
43000,86117
43001,86118
43002,86119
43003,86121
43004,86125
43005,86127
43006,86133
43007,86134
43008,86135
43009,86137
43010,86139
43011,86141
43012,86142
43013,86143
43014,86144
43015,86145
43016,86147
43017,86148
43018,86149
43019,86151
43020,86154
43021,86155
43022,86157
43023,86158
43024,86160
43025,86161
43026,86162
43027,86165
43028,86166
43029,86172
43030,86173
43031,86175
43032,86176
43033,86177
43034,86181
43035,86182
43036,86184
43037,86185
43038,86186
43039,86188
43040,86190
43041,86191
43042,86192
43043,86195
43044,86196
43045,86200
43046,86201
43047,86203
43048,86204
43049,86206
43050,86208
43051,86209
43052,86210
43053,86211
43054,86213
43055,86215
43056,86220
43057,86221
43058,86224
43059,86225
43060,86227
43061,86230
43062,86232
43063,86233
43064,86234
43065,86235
43066,86236
43067,86237
43068,86238
43069,86240
43070,86242
43071,86245
43072,86252
43073,86253
43074,86255
43075,86258
43076,86259
43077,86260
43078,86261
43079,86263
43080,86266
43081,86269
43082,86270
43083,86271
43084,86272
43085,86273
43086,86274
43087,86275
43088,86276
43089,86277
43090,86279
43091,86280
43092,86281
43093,86282
43094,86285
43095,86286
43096,86287
43097,86289
43098,86290
43099,86291
43100,86294
43101,86296
43102,86297
43103,86299
43104,86305
43105,86307
43106,86309
43107,86311
43108,86312
43109,86313
43110,86314
43111,86316
43112,86317
43113,86319
43114,86324
43115,86325
43116,86326
43117,86330
43118,86331
43119,86332
43120,86335
43121,86336
43122,86338
43123,86339
43124,86340
43125,86341
43126,86343
43127,86344
43128,86347
43129,86348
43130,86349
43131,86351
43132,86352
43133,86354
43134,86357
43135,86359
43136,86361
43137,86370
43138,86373
43139,86374
43140,86376
43141,86382
43142,86383
43143,86384
43144,86385
43145,86388
43146,86391
43147,86392
43148,86393
43149,86394
43150,86395
43151,86398
43152,86403
43153,86404
43154,86405
43155,86406
43156,86407
43157,86408
43158,86410
43159,86413
43160,86417
43161,86418
43162,86420
43163,86422
43164,86425
43165,86428
43166,86429
43167,86430
43168,86435
43169,86436
43170,86437
43171,86441
43172,86444
43173,86446
43174,86447
43175,86448
43176,86449
43177,86450
43178,86453
43179,86455
43180,86457
43181,86458
43182,86459
43183,86460
43184,86461
43185,86462
43186,86463
43187,86464
43188,86466
43189,86467
43190,86469
43191,86472
43192,86474
43193,86475
43194,86478
43195,86479
43196,86482
43197,86483
43198,86484
43199,86485
43200,86487
43201,86488
43202,86491
43203,86493
43204,86499
43205,86500
43206,86501
43207,86503
43208,86504
43209,86505
43210,86506
43211,86508
43212,86511
43213,86517
43214,86518
43215,86519
43216,86525
43217,86526
43218,86527
43219,86528
43220,86529
43221,86532
43222,86533
43223,86534
43224,86535
43225,86536
43226,86539
43227,86540
43228,86541
43229,86543
43230,86544
43231,86546
43232,86549
43233,86552
43234,86554
43235,86559
43236,86560
43237,86562
43238,86567
43239,86568
43240,86570
43241,86571
43242,86576
43243,86579
43244,86580
43245,86588
43246,86589
43247,86592
43248,86593
43249,86595
43250,86599
43251,86605
43252,86610
43253,86611
43254,86612
43255,86614
43256,86615
43257,86623
43258,86624
43259,86625
43260,86627
43261,86629
43262,86633
43263,86635
43264,86638
43265,86639
43266,86640
43267,86646
43268,86648
43269,86649
43270,86652
43271,86653
43272,86654
43273,86655
43274,86657
43275,86658
43276,86660
43277,86661
43278,86663
43279,86665
43280,86676
43281,86677
43282,86681
43283,86683
43284,86684
43285,86685
43286,86686
43287,86687
43288,86688
43289,86691
43290,86692
43291,86695
43292,86696
43293,86698
43294,86699
43295,86700
43296,86701
43297,86702
43298,86706
43299,86709
43300,86710
43301,86712
43302,86717
43303,86718
43304,86722
43305,86723
43306,86728
43307,86729
43308,86732
43309,86736
43310,86739
43311,86741
43312,86742
43313,86745
43314,86746
43315,86750
43316,86752
43317,86755
43318,86758
43319,86761
43320,86768
43321,86769
43322,86770
43323,86771
43324,86772
43325,86775
43326,86776
43327,86781
43328,86783
43329,86784
43330,86788
43331,86789
43332,86790
43333,86792
43334,86797
43335,86798
43336,86799
43337,86801
43338,86802
43339,86803
43340,86805
43341,86808
43342,86811
43343,86818
43344,86820
43345,86821
43346,86823
43347,86824
43348,86830
43349,86832
43350,86835
43351,86839
43352,86840
43353,86844
43354,86846
43355,86850
43356,86852
43357,86854
43358,86855
43359,86857
43360,86860
43361,86861
43362,86865
43363,86867
43364,86868
43365,86873
43366,86876
43367,86877
43368,86878
43369,86880
43370,86881
43371,86882
43372,86883
43373,86885
43374,86886
43375,86887
43376,86888
43377,86889
43378,86890
43379,86891
43380,86898
43381,86899
43382,86900
43383,86902
43384,86906
43385,86908
43386,86909
43387,86911
43388,86913
43389,86915
43390,86916
43391,86917
43392,86918
43393,86920
43394,86923
43395,86925
43396,86926
43397,86929
43398,86931
43399,86932
43400,86934
43401,86935
43402,86940
43403,86941
43404,86942
43405,86945
43406,86946
43407,86950
43408,86952
43409,86953
43410,86959
43411,86960
43412,86961
43413,86962
43414,86963
43415,86964
43416,86965
43417,86967
43418,86968
43419,86969
43420,86970
43421,86971
43422,86972
43423,86973
43424,86977
43425,86982
43426,86983
43427,86985
43428,86986
43429,86987
43430,86989
43431,86990
43432,86992
43433,86993
43434,87001
43435,87004
43436,87006
43437,87012
43438,87013
43439,87017
43440,87022
43441,87026
43442,87029
43443,87030
43444,87031
43445,87033
43446,87038
43447,87039
43448,87040
43449,87041
43450,87045
43451,87046
43452,87047
43453,87049
43454,87050
43455,87051
43456,87052
43457,87054
43458,87055
43459,87063
43460,87064
43461,87068
43462,87069
43463,87071
43464,87074
43465,87077
43466,87079
43467,87081
43468,87082
43469,87083
43470,87084
43471,87089
43472,87092
43473,87095
43474,87096
43475,87103
43476,87106
43477,87107
43478,87110
43479,87111
43480,87112
43481,87114
43482,87116
43483,87118
43484,87122
43485,87124
43486,87125
43487,87126
43488,87127
43489,87129
43490,87131
43491,87132
43492,87135
43493,87136
43494,87139
43495,87140
43496,87141
43497,87143
43498,87144
43499,87147
43500,87149
43501,87150
43502,87151
43503,87152
43504,87153
43505,87154
43506,87155
43507,87156
43508,87157
43509,87158
43510,87162
43511,87167
43512,87169
43513,87170
43514,87171
43515,87172
43516,87173
43517,87176
43518,87179
43519,87180
43520,87182
43521,87183
43522,87184
43523,87187
43524,87189
43525,87190
43526,87194
43527,87195
43528,87197
43529,87200
43530,87202
43531,87206
43532,87207
43533,87209
43534,87210
43535,87211
43536,87212
43537,87214
43538,87215
43539,87216
43540,87221
43541,87223
43542,87226
43543,87227
43544,87231
43545,87233
43546,87235
43547,87236
43548,87238
43549,87241
43550,87242
43551,87243
43552,87246
43553,87248
43554,87249
43555,87250
43556,87251
43557,87252
43558,87253
43559,87254
43560,87255
43561,87257
43562,87258
43563,87262
43564,87263
43565,87264
43566,87267
43567,87270
43568,87272
43569,87273
43570,87274
43571,87275
43572,87276
43573,87277
43574,87284
43575,87286
43576,87287
43577,87288
43578,87290
43579,87292
43580,87294
43581,87295
43582,87297
43583,87300
43584,87303
43585,87304
43586,87305
43587,87306
43588,87307
43589,87310
43590,87311
43591,87312
43592,87314
43593,87317
43594,87318
43595,87319
43596,87322
43597,87325
43598,87331
43599,87335
43600,87337
43601,87338
43602,87339
43603,87340
43604,87341
43605,87343
43606,87348
43607,87349
43608,87350
43609,87351
43610,87352
43611,87354
43612,87356
43613,87358
43614,87362
43615,87363
43616,87366
43617,87368
43618,87371
43619,87373
43620,87374
43621,87375
43622,87378
43623,87382
43624,87383
43625,87385
43626,87387
43627,87390
43628,87391
43629,87392
43630,87393
43631,87394
43632,87396
43633,87400
43634,87402
43635,87403
43636,87406
43637,87410
43638,87413
43639,87414
43640,87416
43641,87422
43642,87423
43643,87424
43644,87426
43645,87430
43646,87432
43647,87433
43648,87434
43649,87435
43650,87436
43651,87438
43652,87439
43653,87440
43654,87444
43655,87445
43656,87448
43657,87449
43658,87452
43659,87453
43660,87455
43661,87456
43662,87458
43663,87460
43664,87463
43665,87469
43666,87473
43667,87474
43668,87475
43669,87476
43670,87478
43671,87479
43672,87480
43673,87481
43674,87482
43675,87484
43676,87487
43677,87488
43678,87492
43679,87497
43680,87498
43681,87501
43682,87503
43683,87504
43684,87506
43685,87508
43686,87509
43687,87511
43688,87512
43689,87513
43690,87515
43691,87516
43692,87518
43693,87519
43694,87523
43695,87529
43696,87530
43697,87531
43698,87532
43699,87533
43700,87534
43701,87535
43702,87536
43703,87539
43704,87540
43705,87541
43706,87543
43707,87545
43708,87546
43709,87548
43710,87550
43711,87552
43712,87553
43713,87554
43714,87557
43715,87558
43716,87559
43717,87560
43718,87562
43719,87563
43720,87567
43721,87573
43722,87574
43723,87575
43724,87578
43725,87579
43726,87583
43727,87587
43728,87588
43729,87589
43730,87590
43731,87593
43732,87595
43733,87601
43734,87602
43735,87603
43736,87604
43737,87605
43738,87606
43739,87609
43740,87615
43741,87616
43742,87619
43743,87623
43744,87625
43745,87626
43746,87628
43747,87632
43748,87633
43749,87636
43750,87638
43751,87642
43752,87643
43753,87644
43754,87645
43755,87649
43756,87650
43757,87652
43758,87653
43759,87654
43760,87656
43761,87657
43762,87663
43763,87666
43764,87667
43765,87670
43766,87671
43767,87673
43768,87675
43769,87676
43770,87677
43771,87679
43772,87680
43773,87682
43774,87684
43775,87687
43776,87688
43777,87689
43778,87690
43779,87691
43780,87692
43781,87693
43782,87697
43783,87700
43784,87702
43785,87703
43786,87705
43787,87707
43788,87708
43789,87709
43790,87710
43791,87711
43792,87713
43793,87716
43794,87717
43795,87718
43796,87719
43797,87721
43798,87724
43799,87725
43800,87729
43801,87732
43802,87733
43803,87734
43804,87735
43805,87740
43806,87741
43807,87742
43808,87744
43809,87750
43810,87752
43811,87754
43812,87756
43813,87757
43814,87758
43815,87760
43816,87761
43817,87762
43818,87763
43819,87764
43820,87766
43821,87769
43822,87771
43823,87772
43824,87774
43825,87783
43826,87786
43827,87787
43828,87788
43829,87789
43830,87790
43831,87791
43832,87793
43833,87797
43834,87800
43835,87801
43836,87802
43837,87803
43838,87808
43839,87809
43840,87810
43841,87814
43842,87815
43843,87816
43844,87817
43845,87818
43846,87821
43847,87823
43848,87826
43849,87827
43850,87829
43851,87830
43852,87832
43853,87834
43854,87836
43855,87837
43856,87838
43857,87839
43858,87841
43859,87846
43860,87847
43861,87848
43862,87852
43863,87853
43864,87854
43865,87858
43866,87859
43867,87860
43868,87861
43869,87862
43870,87863
43871,87864
43872,87865
43873,87866
43874,87868
43875,87870
43876,87872
43877,87874
43878,87875
43879,87877
43880,87880
43881,87881
43882,87882
43883,87883
43884,87884
43885,87885
43886,87888
43887,87891
43888,87893
43889,87896
43890,87899
43891,87900
43892,87905
43893,87907
43894,87909
43895,87912
43896,87917
43897,87918
43898,87919
43899,87922
43900,87923
43901,87924
43902,87929
43903,87930
43904,87931
43905,87935
43906,87938
43907,87939
43908,87940
43909,87941
43910,87942
43911,87946
43912,87948
43913,87949
43914,87950
43915,87951
43916,87955
43917,87956
43918,87957
43919,87962
43920,87965
43921,87966
43922,87968
43923,87970
43924,87971
43925,87973
43926,87975
43927,87977
43928,87979
43929,87980
43930,87982
43931,87983
43932,87985
43933,87989
43934,87993
43935,87994
43936,87995
43937,87996
43938,87999
43939,88006
43940,88007
43941,88008
43942,88009
43943,88010
43944,88012
43945,88015
43946,88018
43947,88019
43948,88020
43949,88021
43950,88022
43951,88024
43952,88025
43953,88026
43954,88028
43955,88031
43956,88036
43957,88040
43958,88043
43959,88045
43960,88047
43961,88049
43962,88050
43963,88053
43964,88054
43965,88055
43966,88058
43967,88059
43968,88061
43969,88063
43970,88065
43971,88066
43972,88067
43973,88070
43974,88072
43975,88073
43976,88074
43977,88077
43978,88078
43979,88080
43980,88086
43981,88087
43982,88088
43983,88092
43984,88095
43985,88096
43986,88097
43987,88099
43988,88100
43989,88102
43990,88107
43991,88110
43992,88113
43993,88114
43994,88115
43995,88118
43996,88119
43997,88125
43998,88126
43999,88127
44000,88129
44001,88130
44002,88131
44003,88133
44004,88136
44005,88137
44006,88139
44007,88140
44008,88141
44009,88143
44010,88146
44011,88147
44012,88148
44013,88154
44014,88155
44015,88156
44016,88157
44017,88158
44018,88159
44019,88161
44020,88162
44021,88163
44022,88165
44023,88166
44024,88167
44025,88168
44026,88169
44027,88170
44028,88173
44029,88174
44030,88175
44031,88176
44032,88177
44033,88178
44034,88179
44035,88180
44036,88181
44037,88182
44038,88185
44039,88186
44040,88187
44041,88188
44042,88191
44043,88195
44044,88196
44045,88197
44046,88198
44047,88199
44048,88200
44049,88204
44050,88205
44051,88208
44052,88209
44053,88214
44054,88216
44055,88217
44056,88218
44057,88220
44058,88221
44059,88222
44060,88223
44061,88228
44062,88231
44063,88232
44064,88233
44065,88234
44066,88235
44067,88236
44068,88237
44069,88238
44070,88240
44071,88241
44072,88242
44073,88244
44074,88246
44075,88251
44076,88254
44077,88255
44078,88259
44079,88260
44080,88261
44081,88263
44082,88264
44083,88266
44084,88268
44085,88269
44086,88271
44087,88272
44088,88273
44089,88275
44090,88278
44091,88279
44092,88282
44093,88284
44094,88285
44095,88287
44096,88288
44097,88289
44098,88290
44099,88291
44100,88292
44101,88299
44102,88300
44103,88302
44104,88304
44105,88305
44106,88308
44107,88309
44108,88310
44109,88313
44110,88315
44111,88316
44112,88317
44113,88318
44114,88319
44115,88320
44116,88322
44117,88328
44118,88329
44119,88330
44120,88332
44121,88333
44122,88334
44123,88336
44124,88341
44125,88342
44126,88343
44127,88344
44128,88346
44129,88349
44130,88350
44131,88351
44132,88352
44133,88353
44134,88354
44135,88355
44136,88356
44137,88362
44138,88365
44139,88366
44140,88367
44141,88369
44142,88372
44143,88377
44144,88378
44145,88380
44146,88381
44147,88384
44148,88387
44149,88388
44150,88390
44151,88391
44152,88392
44153,88394
44154,88395
44155,88398
44156,88400
44157,88402
44158,88403
44159,88405
44160,88407
44161,88408
44162,88410
44163,88412
44164,88413
44165,88415
44166,88418
44167,88420
44168,88421
44169,88423
44170,88426
44171,88427
44172,88430
44173,88431
44174,88432
44175,88433
44176,88434
44177,88436
44178,88437
44179,88438
44180,88439
44181,88440
44182,88444
44183,88445
44184,88446
44185,88447
44186,88448
44187,88449
44188,88452
44189,88457
44190,88465
44191,88466
44192,88467
44193,88470
44194,88471
44195,88472
44196,88474
44197,88475
44198,88479
44199,88481
44200,88482
44201,88484
44202,88486
44203,88489
44204,88495
44205,88499
44206,88500
44207,88501
44208,88505
44209,88506
44210,88507
44211,88508
44212,88509
44213,88510
44214,88514
44215,88516
44216,88518
44217,88519
44218,88520
44219,88521
44220,88524
44221,88526
44222,88528
44223,88529
44224,88532
44225,88533
44226,88534
44227,88535
44228,88537
44229,88538
44230,88539
44231,88540
44232,88542
44233,88543
44234,88544
44235,88545
44236,88549
44237,88552
44238,88553
44239,88554
44240,88557
44241,88562
44242,88563
44243,88564
44244,88567
44245,88568
44246,88569
44247,88575
44248,88576
44249,88577
44250,88578
44251,88579
44252,88580
44253,88581
44254,88583
44255,88584
44256,88585
44257,88587
44258,88589
44259,88591
44260,88592
44261,88593
44262,88595
44263,88596
44264,88597
44265,88598
44266,88600
44267,88603
44268,88607
44269,88608
44270,88610
44271,88615
44272,88616
44273,88619
44274,88620
44275,88622
44276,88623
44277,88625
44278,88626
44279,88628
44280,88629
44281,88633
44282,88634
44283,88635
44284,88642
44285,88644
44286,88648
44287,88650
44288,88651
44289,88656
44290,88657
44291,88658
44292,88663
44293,88665
44294,88668
44295,88669
44296,88673
44297,88675
44298,88678
44299,88681
44300,88682
44301,88683
44302,88685
44303,88686
44304,88687
44305,88689
44306,88692
44307,88693
44308,88694
44309,88696
44310,88697
44311,88699
44312,88700
44313,88701
44314,88706
44315,88707
44316,88708
44317,88710
44318,88711
44319,88713
44320,88715
44321,88720
44322,88721
44323,88722
44324,88724
44325,88727
44326,88729
44327,88733
44328,88734
44329,88737
44330,88738
44331,88742
44332,88744
44333,88746
44334,88749
44335,88754
44336,88757
44337,88758
44338,88760
44339,88762
44340,88764
44341,88766
44342,88772
44343,88774
44344,88775
44345,88777
44346,88778
44347,88787
44348,88789
44349,88790
44350,88791
44351,88792
44352,88793
44353,88797
44354,88798
44355,88800
44356,88802
44357,88805
44358,88806
44359,88808
44360,88809
44361,88813
44362,88815
44363,88817
44364,88818
44365,88823
44366,88824
44367,88825
44368,88830
44369,88834
44370,88835
44371,88836
44372,88838
44373,88839
44374,88846
44375,88849
44376,88856
44377,88858
44378,88859
44379,88860
44380,88861
44381,88862
44382,88865
44383,88866
44384,88872
44385,88874
44386,88876
44387,88879
44388,88880
44389,88881
44390,88882
44391,88883
44392,88889
44393,88896
44394,88897
44395,88899
44396,88901
44397,88902
44398,88905
44399,88906
44400,88909
44401,88910
44402,88911
44403,88912
44404,88916
44405,88918
44406,88919
44407,88922
44408,88923
44409,88925
44410,88927
44411,88931
44412,88932
44413,88935
44414,88938
44415,88939
44416,88940
44417,88941
44418,88942
44419,88943
44420,88946
44421,88948
44422,88949
44423,88952
44424,88955
44425,88956
44426,88957
44427,88960
44428,88962
44429,88966
44430,88968
44431,88969
44432,88971
44433,88973
44434,88974
44435,88977
44436,88978
44437,88979
44438,88980
44439,88981
44440,88982
44441,88983
44442,88987
44443,88988
44444,88992
44445,88993
44446,88996
44447,88997
44448,88998
44449,88999
44450,89001
44451,89002
44452,89003
44453,89004
44454,89005
44455,89010
44456,89012
44457,89014
44458,89016
44459,89017
44460,89020
44461,89024
44462,89027
44463,89029
44464,89030
44465,89032
44466,89036
44467,89038
44468,89039
44469,89040
44470,89043
44471,89044
44472,89051
44473,89054
44474,89056
44475,89060
44476,89062
44477,89065
44478,89066
44479,89067
44480,89068
44481,89069
44482,89071
44483,89072
44484,89075
44485,89076
44486,89079
44487,89080
44488,89081
44489,89083
44490,89084
44491,89085
44492,89086
44493,89087
44494,89088
44495,89092
44496,89094
44497,89095
44498,89096
44499,89098
44500,89101
44501,89103
44502,89104
44503,89105
44504,89106
44505,89108
44506,89113
44507,89114
44508,89116
44509,89119
44510,89120
44511,89123
44512,89125
44513,89126
44514,89127
44515,89130
44516,89132
44517,89133
44518,89135
44519,89136
44520,89137
44521,89139
44522,89142
44523,89143
44524,89144
44525,89145
44526,89146
44527,89148
44528,89149
44529,89150
44530,89151
44531,89152
44532,89153
44533,89154
44534,89155
44535,89156
44536,89157
44537,89158
44538,89159
44539,89160
44540,89162
44541,89163
44542,89164
44543,89165
44544,89168
44545,89172
44546,89174
44547,89175
44548,89177
44549,89180
44550,89183
44551,89189
44552,89191
44553,89192
44554,89193
44555,89194
44556,89198
44557,89200
44558,89203
44559,89204
44560,89205
44561,89206
44562,89207
44563,89208
44564,89210
44565,89212
44566,89217
44567,89219
44568,89220
44569,89223
44570,89224
44571,89227
44572,89228
44573,89229
44574,89231
44575,89234
44576,89235
44577,89237
44578,89243
44579,89244
44580,89246
44581,89248
44582,89250
44583,89251
44584,89252
44585,89255
44586,89261
44587,89263
44588,89267
44589,89268
44590,89269
44591,89270
44592,89272
44593,89273
44594,89276
44595,89277
44596,89278
44597,89279
44598,89280
44599,89282
44600,89283
44601,89286
44602,89288
44603,89289
44604,89290
44605,89296
44606,89297
44607,89298
44608,89300
44609,89301
44610,89304
44611,89306
44612,89307
44613,89309
44614,89310
44615,89312
44616,89314
44617,89317
44618,89322
44619,89323
44620,89324
44621,89326
44622,89332
44623,89333
44624,89334
44625,89337
44626,89340
44627,89341
44628,89345
44629,89346
44630,89347
44631,89351
44632,89352
44633,89353
44634,89355
44635,89356
44636,89357
44637,89358
44638,89360
44639,89361
44640,89363
44641,89364
44642,89367
44643,89368
44644,89369
44645,89370
44646,89372
44647,89373
44648,89377
44649,89378
44650,89379
44651,89382
44652,89383
44653,89385
44654,89391
44655,89392
44656,89394
44657,89395
44658,89398
44659,89399
44660,89400
44661,89401
44662,89403
44663,89404
44664,89406
44665,89408
44666,89411
44667,89413
44668,89416
44669,89418
44670,89419
44671,89423
44672,89424
44673,89425
44674,89427
44675,89428
44676,89429
44677,89430
44678,89431
44679,89432
44680,89433
44681,89434
44682,89436
44683,89438
44684,89439
44685,89442
44686,89443
44687,89444
44688,89445
44689,89446
44690,89447
44691,89448
44692,89449
44693,89450
44694,89452
44695,89453
44696,89455
44697,89457
44698,89459
44699,89461
44700,89462
44701,89465
44702,89466
44703,89467
44704,89472
44705,89473
44706,89474
44707,89475
44708,89477
44709,89478
44710,89479
44711,89481
44712,89483
44713,89486
44714,89488
44715,89489
44716,89491
44717,89492
44718,89493
44719,89499
44720,89500
44721,89501
44722,89502
44723,89505
44724,89506
44725,89507
44726,89508
44727,89510
44728,89513
44729,89515
44730,89516
44731,89517
44732,89518
44733,89519
44734,89521
44735,89522
44736,89524
44737,89525
44738,89530
44739,89531
44740,89534
44741,89535
44742,89536
44743,89538
44744,89540
44745,89542
44746,89543
44747,89544
44748,89547
44749,89551
44750,89552
44751,89555
44752,89557
44753,89558
44754,89560
44755,89565
44756,89566
44757,89567
44758,89568
44759,89571
44760,89572
44761,89573
44762,89574
44763,89575
44764,89577
44765,89581
44766,89585
44767,89586
44768,89588
44769,89590
44770,89592
44771,89593
44772,89595
44773,89599
44774,89602
44775,89603
44776,89604
44777,89605
44778,89606
44779,89608
44780,89609
44781,89612
44782,89614
44783,89616
44784,89622
44785,89623
44786,89625
44787,89626
44788,89627
44789,89628
44790,89631
44791,89633
44792,89637
44793,89639
44794,89640
44795,89641
44796,89642
44797,89643
44798,89645
44799,89647
44800,89654
44801,89656
44802,89661
44803,89662
44804,89663
44805,89664
44806,89665
44807,89666
44808,89667
44809,89668
44810,89669
44811,89671
44812,89672
44813,89677
44814,89679
44815,89681
44816,89682
44817,89683
44818,89684
44819,89685
44820,89686
44821,89688
44822,89689
44823,89693
44824,89700
44825,89701
44826,89702
44827,89704
44828,89707
44829,89708
44830,89710
44831,89711
44832,89716
44833,89717
44834,89718
44835,89720
44836,89722
44837,89724
44838,89729
44839,89731
44840,89734
44841,89738
44842,89740
44843,89741
44844,89748
44845,89750
44846,89751
44847,89753
44848,89759
44849,89761
44850,89763
44851,89770
44852,89771
44853,89777
44854,89780
44855,89782
44856,89787
44857,89788
44858,89790
44859,89791
44860,89793
44861,89794
44862,89796
44863,89799
44864,89800
44865,89803
44866,89806
44867,89807
44868,89808
44869,89810
44870,89811
44871,89812
44872,89815
44873,89816
44874,89817
44875,89823
44876,89825
44877,89827
44878,89831
44879,89832
44880,89833
44881,89834
44882,89835
44883,89839
44884,89842
44885,89843
44886,89846
44887,89847
44888,89850
44889,89851
44890,89853
44891,89854
44892,89858
44893,89861
44894,89863
44895,89864
44896,89865
44897,89866
44898,89870
44899,89871
44900,89872
44901,89873
44902,89877
44903,89882
44904,89883
44905,89884
44906,89885
44907,89886
44908,89887
44909,89889
44910,89890
44911,89891
44912,89892
44913,89894
44914,89895
44915,89897
44916,89898
44917,89901
44918,89902
44919,89904
44920,89909
44921,89910
44922,89912
44923,89913
44924,89914
44925,89915
44926,89917
44927,89918
44928,89919
44929,89920
44930,89923
44931,89924
44932,89926
44933,89927
44934,89929
44935,89930
44936,89931
44937,89937
44938,89939
44939,89940
44940,89941
44941,89942
44942,89943
44943,89944
44944,89945
44945,89950
44946,89953
44947,89954
44948,89955
44949,89956
44950,89957
44951,89958
44952,89961
44953,89963
44954,89964
44955,89965
44956,89967
44957,89969
44958,89972
44959,89974
44960,89975
44961,89977
44962,89981
44963,89987
44964,89988
44965,89989
44966,89990
44967,89992
44968,89993
44969,89994
44970,89995
44971,89996
44972,89997
44973,90000
44974,90001
44975,90007
44976,90009
44977,90011
44978,90012
44979,90014
44980,90015
44981,90016
44982,90018
44983,90020
44984,90025
44985,90027
44986,90029
44987,90030
44988,90031
44989,90032
44990,90033
44991,90035
44992,90036
44993,90037
44994,90039
44995,90041
44996,90042
44997,90043
44998,90045
44999,90046
45000,90048
45001,90049
45002,90050
45003,90051
45004,90053
45005,90054
45006,90056
45007,90057
45008,90060
45009,90068
45010,90069
45011,90070
45012,90072
45013,90075
45014,90077
45015,90079
45016,90082
45017,90085
45018,90086
45019,90087
45020,90088
45021,90090
45022,90094
45023,90095
45024,90096
45025,90097
45026,90099
45027,90100
45028,90102
45029,90103
45030,90105
45031,90106
45032,90108
45033,90112
45034,90116
45035,90117
45036,90122
45037,90123
45038,90125
45039,90126
45040,90127
45041,90128
45042,90130
45043,90131
45044,90134
45045,90136
45046,90138
45047,90139
45048,90141
45049,90142
45050,90144
45051,90145
45052,90146
45053,90150
45054,90152
45055,90153
45056,90155
45057,90156
45058,90157
45059,90159
45060,90160
45061,90162
45062,90163
45063,90165
45064,90167
45065,90169
45066,90170
45067,90172
45068,90174
45069,90176
45070,90178
45071,90187
45072,90189
45073,90192
45074,90193
45075,90195
45076,90197
45077,90198
45078,90199
45079,90201
45080,90203
45081,90206
45082,90207
45083,90209
45084,90210
45085,90212
45086,90213
45087,90218
45088,90219
45089,90220
45090,90223
45091,90227
45092,90228
45093,90230
45094,90231
45095,90234
45096,90235
45097,90236
45098,90237
45099,90242
45100,90243
45101,90244
45102,90245
45103,90246
45104,90252
45105,90255
45106,90256
45107,90258
45108,90259
45109,90261
45110,90263
45111,90265
45112,90266
45113,90267
45114,90269
45115,90271
45116,90273
45117,90274
45118,90276
45119,90279
45120,90281
45121,90285
45122,90287
45123,90289
45124,90290
45125,90295
45126,90297
45127,90299
45128,90302
45129,90305
45130,90307
45131,90308
45132,90310
45133,90311
45134,90312
45135,90317
45136,90318
45137,90324
45138,90327
45139,90329
45140,90332
45141,90336
45142,90337
45143,90338
45144,90339
45145,90340
45146,90344
45147,90348
45148,90350
45149,90351
45150,90353
45151,90355
45152,90356
45153,90357
45154,90359
45155,90361
45156,90362
45157,90365
45158,90367
45159,90368
45160,90370
45161,90373
45162,90375
45163,90376
45164,90377
45165,90381
45166,90382
45167,90383
45168,90384
45169,90385
45170,90387
45171,90390
45172,90391
45173,90393
45174,90395
45175,90397
45176,90398
45177,90400
45178,90401
45179,90402
45180,90403
45181,90404
45182,90410
45183,90411
45184,90412
45185,90417
45186,90419
45187,90421
45188,90422
45189,90426
45190,90428
45191,90429
45192,90433
45193,90434
45194,90436
45195,90437
45196,90441
45197,90442
45198,90443
45199,90444
45200,90445
45201,90446
45202,90447
45203,90450
45204,90451
45205,90453
45206,90458
45207,90461
45208,90462
45209,90464
45210,90465
45211,90466
45212,90467
45213,90472
45214,90474
45215,90476
45216,90478
45217,90479
45218,90480
45219,90482
45220,90483
45221,90484
45222,90485
45223,90487
45224,90490
45225,90491
45226,90492
45227,90494
45228,90500
45229,90501
45230,90502
45231,90505
45232,90506
45233,90507
45234,90509
45235,90510
45236,90511
45237,90512
45238,90514
45239,90515
45240,90516
45241,90517
45242,90518
45243,90519
45244,90520
45245,90522
45246,90526
45247,90529
45248,90531
45249,90532
45250,90533
45251,90534
45252,90535
45253,90536
45254,90537
45255,90538
45256,90539
45257,90541
45258,90545
45259,90546
45260,90551
45261,90552
45262,90554
45263,90555
45264,90558
45265,90559
45266,90561
45267,90564
45268,90567
45269,90568
45270,90570
45271,90571
45272,90572
45273,90573
45274,90574
45275,90575
45276,90576
45277,90577
45278,90578
45279,90580
45280,90581
45281,90585
45282,90587
45283,90589
45284,90592
45285,90594
45286,90596
45287,90597
45288,90598
45289,90600
45290,90602
45291,90603
45292,90604
45293,90606
45294,90607
45295,90608
45296,90610
45297,90611
45298,90616
45299,90618
45300,90619
45301,90621
45302,90622
45303,90624
45304,90626
45305,90627
45306,90632
45307,90636
45308,90639
45309,90646
45310,90647
45311,90651
45312,90656
45313,90657
45314,90660
45315,90665
45316,90667
45317,90668
45318,90669
45319,90673
45320,90675
45321,90676
45322,90677
45323,90679
45324,90682
45325,90683
45326,90684
45327,90685
45328,90686
45329,90687
45330,90688
45331,90692
45332,90695
45333,90701
45334,90702
45335,90704
45336,90705
45337,90706
45338,90710
45339,90715
45340,90718
45341,90719
45342,90720
45343,90721
45344,90724
45345,90725
45346,90728
45347,90733
45348,90738
45349,90739
45350,90740
45351,90741
45352,90742
45353,90743
45354,90745
45355,90746
45356,90747
45357,90749
45358,90752
45359,90753
45360,90754
45361,90756
45362,90758
45363,90759
45364,90760
45365,90761
45366,90762
45367,90764
45368,90765
45369,90767
45370,90768
45371,90769
45372,90771
45373,90772
45374,90773
45375,90777
45376,90778
45377,90780
45378,90782
45379,90783
45380,90785
45381,90788
45382,90789
45383,90790
45384,90792
45385,90793
45386,90794
45387,90797
45388,90798
45389,90799
45390,90800
45391,90801
45392,90803
45393,90804
45394,90805
45395,90812
45396,90813
45397,90817
45398,90818
45399,90820
45400,90825
45401,90827
45402,90829
45403,90831
45404,90832
45405,90833
45406,90834
45407,90838
45408,90839
45409,90840
45410,90843
45411,90844
45412,90846
45413,90851
45414,90852
45415,90853
45416,90859
45417,90860
45418,90866
45419,90869
45420,90870
45421,90871
45422,90873
45423,90876
45424,90877
45425,90878
45426,90879
45427,90884
45428,90885
45429,90886
45430,90887
45431,90888
45432,90891
45433,90892
45434,90893
45435,90897
45436,90901
45437,90902
45438,90903
45439,90904
45440,90906
45441,90907
45442,90908
45443,90909
45444,90912
45445,90913
45446,90915
45447,90916
45448,90922
45449,90923
45450,90924
45451,90925
45452,90926
45453,90928
45454,90933
45455,90937
45456,90938
45457,90941
45458,90942
45459,90943
45460,90945
45461,90947
45462,90949
45463,90950
45464,90951
45465,90952
45466,90953
45467,90954
45468,90956
45469,90959
45470,90962
45471,90963
45472,90965
45473,90968
45474,90969
45475,90975
45476,90977
45477,90980
45478,90982
45479,90985
45480,90988
45481,90989
45482,90991
45483,90993
45484,90994
45485,90996
45486,90997
45487,90998
45488,90999
45489,91000
45490,91001
45491,91003
45492,91009
45493,91012
45494,91017
45495,91020
45496,91022
45497,91023
45498,91024
45499,91027
45500,91029
45501,91030
45502,91032
45503,91033
45504,91034
45505,91035
45506,91036
45507,91037
45508,91038
45509,91039
45510,91040
45511,91041
45512,91044
45513,91046
45514,91048
45515,91051
45516,91053
45517,91054
45518,91055
45519,91060
45520,91063
45521,91066
45522,91067
45523,91072
45524,91073
45525,91076
45526,91077
45527,91078
45528,91079
45529,91080
45530,91083
45531,91085
45532,91091
45533,91093
45534,91094
45535,91095
45536,91096
45537,91097
45538,91099
45539,91104
45540,91106
45541,91108
45542,91111
45543,91114
45544,91116
45545,91117
45546,91118
45547,91119
45548,91121
45549,91123
45550,91124
45551,91126
45552,91127
45553,91131
45554,91132
45555,91136
45556,91138
45557,91139
45558,91140
45559,91141
45560,91144
45561,91146
45562,91149
45563,91151
45564,91152
45565,91154
45566,91158
45567,91159
45568,91161
45569,91162
45570,91163
45571,91164
45572,91166
45573,91171
45574,91172
45575,91174
45576,91175
45577,91176
45578,91177
45579,91180
45580,91183
45581,91184
45582,91185
45583,91186
45584,91187
45585,91189
45586,91190
45587,91194
45588,91197
45589,91200
45590,91201
45591,91202
45592,91203
45593,91204
45594,91205
45595,91208
45596,91215
45597,91217
45598,91218
45599,91219
45600,91221
45601,91222
45602,91224
45603,91225
45604,91227
45605,91229
45606,91232
45607,91233
45608,91236
45609,91243
45610,91244
45611,91245
45612,91246
45613,91247
45614,91248
45615,91249
45616,91252
45617,91253
45618,91254
45619,91256
45620,91257
45621,91258
45622,91261
45623,91262
45624,91265
45625,91268
45626,91269
45627,91270
45628,91271
45629,91275
45630,91276
45631,91277
45632,91278
45633,91279
45634,91280
45635,91283
45636,91285
45637,91287
45638,91298
45639,91300
45640,91302
45641,91304
45642,91305
45643,91306
45644,91307
45645,91308
45646,91311
45647,91313
45648,91314
45649,91316
45650,91318
45651,91323
45652,91324
45653,91325
45654,91328
45655,91329
45656,91330
45657,91331
45658,91338
45659,91339
45660,91340
45661,91342
45662,91344
45663,91345
45664,91348
45665,91354
45666,91356
45667,91358
45668,91359
45669,91361
45670,91362
45671,91365
45672,91366
45673,91368
45674,91369
45675,91372
45676,91373
45677,91375
45678,91376
45679,91377
45680,91378
45681,91381
45682,91383
45683,91384
45684,91386
45685,91387
45686,91388
45687,91393
45688,91394
45689,91395
45690,91396
45691,91398
45692,91400
45693,91408
45694,91409
45695,91411
45696,91412
45697,91413
45698,91417
45699,91418
45700,91420
45701,91422
45702,91423
45703,91426
45704,91430
45705,91431
45706,91433
45707,91436
45708,91439
45709,91440
45710,91441
45711,91443
45712,91445
45713,91446
45714,91447
45715,91449
45716,91450
45717,91451
45718,91453
45719,91454
45720,91456
45721,91457
45722,91458
45723,91459
45724,91461
45725,91465
45726,91466
45727,91467
45728,91469
45729,91471
45730,91472
45731,91473
45732,91475
45733,91476
45734,91479
45735,91481
45736,91483
45737,91484
45738,91485
45739,91486
45740,91487
45741,91488
45742,91489
45743,91491
45744,91493
45745,91496
45746,91500
45747,91504
45748,91507
45749,91512
45750,91515
45751,91516
45752,91519
45753,91521
45754,91522
45755,91523
45756,91525
45757,91527
45758,91528
45759,91533
45760,91534
45761,91538
45762,91540
45763,91542
45764,91545
45765,91547
45766,91548
45767,91549
45768,91551
45769,91556
45770,91566
45771,91567
45772,91570
45773,91571
45774,91573
45775,91575
45776,91576
45777,91583
45778,91584
45779,91585
45780,91586
45781,91587
45782,91588
45783,91589
45784,91590
45785,91592
45786,91599
45787,91600
45788,91602
45789,91603
45790,91604
45791,91605
45792,91606
45793,91608
45794,91609
45795,91613
45796,91614
45797,91617
45798,91618
45799,91619
45800,91621
45801,91623
45802,91629
45803,91631
45804,91632
45805,91633
45806,91636
45807,91637
45808,91638
45809,91639
45810,91640
45811,91641
45812,91642
45813,91645
45814,91646
45815,91647
45816,91648
45817,91652
45818,91656
45819,91658
45820,91660
45821,91661
45822,91663
45823,91664
45824,91665
45825,91667
45826,91669
45827,91672
45828,91676
45829,91678
45830,91683
45831,91684
45832,91685
45833,91687
45834,91688
45835,91689
45836,91690
45837,91691
45838,91692
45839,91697
45840,91698
45841,91701
45842,91702
45843,91704
45844,91706
45845,91707
45846,91708
45847,91711
45848,91716
45849,91718
45850,91719
45851,91720
45852,91721
45853,91724
45854,91728
45855,91729
45856,91730
45857,91731
45858,91732
45859,91733
45860,91734
45861,91735
45862,91738
45863,91742
45864,91743
45865,91744
45866,91747
45867,91751
45868,91754
45869,91756
45870,91757
45871,91758
45872,91759
45873,91762
45874,91766
45875,91767
45876,91771
45877,91775
45878,91777
45879,91784
45880,91785
45881,91786
45882,91788
45883,91789
45884,91790
45885,91793
45886,91794
45887,91796
45888,91798
45889,91799
45890,91800
45891,91801
45892,91802
45893,91805
45894,91807
45895,91808
45896,91809
45897,91814
45898,91816
45899,91819
45900,91821
45901,91823
45902,91827
45903,91828
45904,91829
45905,91830
45906,91831
45907,91834
45908,91837
45909,91839
45910,91840
45911,91844
45912,91845
45913,91847
45914,91849
45915,91852
45916,91853
45917,91857
45918,91858
45919,91860
45920,91865
45921,91867
45922,91868
45923,91869
45924,91871
45925,91874
45926,91875
45927,91877
45928,91878
45929,91882
45930,91885
45931,91886
45932,91889
45933,91894
45934,91896
45935,91898
45936,91899
45937,91901
45938,91903
45939,91904
45940,91908
45941,91909
45942,91911
45943,91917
45944,91919
45945,91920
45946,91921
45947,91922
45948,91923
45949,91925
45950,91927
45951,91930
45952,91931
45953,91934
45954,91937
45955,91938
45956,91940
45957,91941
45958,91942
45959,91943
45960,91949
45961,91950
45962,91951
45963,91952
45964,91955
45965,91956
45966,91957
45967,91958
45968,91959
45969,91961
45970,91962
45971,91965
45972,91975
45973,91976
45974,91977
45975,91980
45976,91985
45977,91987
45978,91988
45979,91990
45980,91991
45981,91996
45982,92000
45983,92007
45984,92010
45985,92011
45986,92013
45987,92014
45988,92015
45989,92016
45990,92017
45991,92018
45992,92023
45993,92029
45994,92034
45995,92035
45996,92038
45997,92040
45998,92042
45999,92043
46000,92045
46001,92047
46002,92048
46003,92049
46004,92050
46005,92053
46006,92061
46007,92063
46008,92064
46009,92065
46010,92066
46011,92067
46012,92068
46013,92069
46014,92070
46015,92071
46016,92072
46017,92073
46018,92075
46019,92076
46020,92077
46021,92079
46022,92080
46023,92081
46024,92083
46025,92084
46026,92087
46027,92090
46028,92091
46029,92095
46030,92096
46031,92099
46032,92100
46033,92102
46034,92103
46035,92104
46036,92105
46037,92108
46038,92109
46039,92110
46040,92111
46041,92113
46042,92116
46043,92117
46044,92124
46045,92125
46046,92127
46047,92129
46048,92131
46049,92132
46050,92133
46051,92136
46052,92137
46053,92139
46054,92144
46055,92147
46056,92148
46057,92150
46058,92151
46059,92152
46060,92154
46061,92155
46062,92156
46063,92158
46064,92159
46065,92160
46066,92162
46067,92163
46068,92168
46069,92169
46070,92170
46071,92172
46072,92174
46073,92176
46074,92178
46075,92182
46076,92183
46077,92185
46078,92191
46079,92193
46080,92194
46081,92195
46082,92197
46083,92203
46084,92204
46085,92205
46086,92207
46087,92208
46088,92209
46089,92210
46090,92213
46091,92214
46092,92217
46093,92223
46094,92225
46095,92226
46096,92228
46097,92231
46098,92232
46099,92234
46100,92238
46101,92239
46102,92246
46103,92247
46104,92251
46105,92252
46106,92253
46107,92254
46108,92255
46109,92257
46110,92262
46111,92263
46112,92267
46113,92268
46114,92270
46115,92271
46116,92276
46117,92277
46118,92279
46119,92280
46120,92282
46121,92286
46122,92287
46123,92289
46124,92290
46125,92291
46126,92292
46127,92295
46128,92297
46129,92298
46130,92300
46131,92301
46132,92302
46133,92306
46134,92307
46135,92308
46136,92309
46137,92312
46138,92313
46139,92315
46140,92316
46141,92318
46142,92319
46143,92321
46144,92325
46145,92326
46146,92327
46147,92328
46148,92331
46149,92332
46150,92333
46151,92335
46152,92339
46153,92340
46154,92341
46155,92342
46156,92345
46157,92347
46158,92348
46159,92349
46160,92351
46161,92358
46162,92359
46163,92366
46164,92367
46165,92376
46166,92377
46167,92378
46168,92379
46169,92380
46170,92381
46171,92382
46172,92384
46173,92386
46174,92389
46175,92390
46176,92391
46177,92393
46178,92396
46179,92397
46180,92398
46181,92402
46182,92403
46183,92405
46184,92407
46185,92408
46186,92410
46187,92412
46188,92413
46189,92415
46190,92416
46191,92417
46192,92422
46193,92423
46194,92424
46195,92429
46196,92430
46197,92432
46198,92434
46199,92435
46200,92438
46201,92440
46202,92441
46203,92442
46204,92445
46205,92446
46206,92448
46207,92452
46208,92453
46209,92454
46210,92455
46211,92456
46212,92457
46213,92461
46214,92464
46215,92466
46216,92468
46217,92469
46218,92470
46219,92472
46220,92475
46221,92476
46222,92478
46223,92479
46224,92482
46225,92486
46226,92487
46227,92488
46228,92490
46229,92491
46230,92494
46231,92495
46232,92497
46233,92498
46234,92502
46235,92504
46236,92508
46237,92509
46238,92511
46239,92512
46240,92515
46241,92518
46242,92528
46243,92529
46244,92530
46245,92531
46246,92532
46247,92533
46248,92534
46249,92536
46250,92538
46251,92539
46252,92540
46253,92542
46254,92543
46255,92544
46256,92548
46257,92549
46258,92550
46259,92553
46260,92554
46261,92557
46262,92560
46263,92561
46264,92562
46265,92569
46266,92572
46267,92574
46268,92575
46269,92576
46270,92577
46271,92582
46272,92583
46273,92584
46274,92586
46275,92589
46276,92591
46277,92595
46278,92598
46279,92599
46280,92601
46281,92603
46282,92605
46283,92606
46284,92612
46285,92613
46286,92615
46287,92622
46288,92623
46289,92629
46290,92631
46291,92632
46292,92633
46293,92634
46294,92635
46295,92636
46296,92638
46297,92639
46298,92641
46299,92644
46300,92645
46301,92647
46302,92648
46303,92649
46304,92651
46305,92655
46306,92659
46307,92661
46308,92662
46309,92664
46310,92666
46311,92667
46312,92668
46313,92669
46314,92670
46315,92674
46316,92676
46317,92677
46318,92679
46319,92680
46320,92682
46321,92683
46322,92684
46323,92685
46324,92686
46325,92687
46326,92689
46327,92691
46328,92693
46329,92696
46330,92698
46331,92699
46332,92700
46333,92704
46334,92708
46335,92709
46336,92712
46337,92714
46338,92717
46339,92719
46340,92720
46341,92721
46342,92722
46343,92727
46344,92728
46345,92730
46346,92732
46347,92734
46348,92735
46349,92736
46350,92737
46351,92739
46352,92740
46353,92741
46354,92746
46355,92747
46356,92748
46357,92750
46358,92751
46359,92752
46360,92753
46361,92758
46362,92759
46363,92761
46364,92762
46365,92767
46366,92768
46367,92770
46368,92777
46369,92781
46370,92782
46371,92783
46372,92786
46373,92787
46374,92788
46375,92793
46376,92794
46377,92795
46378,92796
46379,92797
46380,92801
46381,92802
46382,92805
46383,92806
46384,92807
46385,92809
46386,92810
46387,92814
46388,92816
46389,92817
46390,92819
46391,92821
46392,92822
46393,92825
46394,92826
46395,92828
46396,92829
46397,92832
46398,92834
46399,92837
46400,92838
46401,92842
46402,92845
46403,92846
46404,92847
46405,92849
46406,92850
46407,92851
46408,92852
46409,92853
46410,92857
46411,92858
46412,92859
46413,92860
46414,92861
46415,92862
46416,92865
46417,92867
46418,92870
46419,92871
46420,92872
46421,92876
46422,92881
46423,92882
46424,92883
46425,92887
46426,92889
46427,92890
46428,92891
46429,92892
46430,92895
46431,92899
46432,92901
46433,92902
46434,92903
46435,92905
46436,92908
46437,92910
46438,92913
46439,92915
46440,92916
46441,92917
46442,92919
46443,92921
46444,92923
46445,92925
46446,92927
46447,92932
46448,92934
46449,92935
46450,92936
46451,92937
46452,92938
46453,92940
46454,92941
46455,92942
46456,92944
46457,92946
46458,92948
46459,92950
46460,92951
46461,92952
46462,92954
46463,92955
46464,92956
46465,92959
46466,92960
46467,92962
46468,92963
46469,92964
46470,92967
46471,92968
46472,92969
46473,92970
46474,92974
46475,92975
46476,92976
46477,92977
46478,92979
46479,92980
46480,92981
46481,92982
46482,92983
46483,92986
46484,92987
46485,92988
46486,92989
46487,92991
46488,92992
46489,92995
46490,92996
46491,92997
46492,92998
46493,92999
46494,93000
46495,93001
46496,93004
46497,93006
46498,93007
46499,93009
46500,93010
46501,93014
46502,93015
46503,93016
46504,93020
46505,93021
46506,93022
46507,93030
46508,93031
46509,93035
46510,93036
46511,93038
46512,93039
46513,93041
46514,93043
46515,93044
46516,93045
46517,93046
46518,93047
46519,93048
46520,93049
46521,93050
46522,93052
46523,93053
46524,93055
46525,93056
46526,93057
46527,93061
46528,93062
46529,93063
46530,93064
46531,93065
46532,93067
46533,93068
46534,93069
46535,93071
46536,93072
46537,93076
46538,93077
46539,93078
46540,93081
46541,93085
46542,93088
46543,93091
46544,93096
46545,93097
46546,93099
46547,93101
46548,93102
46549,93103
46550,93104
46551,93105
46552,93106
46553,93107
46554,93114
46555,93115
46556,93116
46557,93117
46558,93118
46559,93120
46560,93121
46561,93125
46562,93127
46563,93128
46564,93129
46565,93130
46566,93132
46567,93133
46568,93134
46569,93137
46570,93138
46571,93140
46572,93141
46573,93142
46574,93147
46575,93149
46576,93150
46577,93153
46578,93154
46579,93155
46580,93156
46581,93158
46582,93160
46583,93161
46584,93163
46585,93165
46586,93166
46587,93168
46588,93170
46589,93172
46590,93174
46591,93176
46592,93178
46593,93180
46594,93181
46595,93182
46596,93183
46597,93186
46598,93187
46599,93188
46600,93189
46601,93190
46602,93201
46603,93205
46604,93210
46605,93211
46606,93217
46607,93220
46608,93221
46609,93222
46610,93224
46611,93225
46612,93226
46613,93227
46614,93228
46615,93235
46616,93236
46617,93237
46618,93238
46619,93242
46620,93245
46621,93249
46622,93250
46623,93254
46624,93255
46625,93256
46626,93257
46627,93258
46628,93260
46629,93261
46630,93263
46631,93264
46632,93266
46633,93267
46634,93270
46635,93271
46636,93273
46637,93276
46638,93278
46639,93282
46640,93283
46641,93284
46642,93285
46643,93286
46644,93287
46645,93288
46646,93290
46647,93292
46648,93294
46649,93295
46650,93296
46651,93300
46652,93301
46653,93307
46654,93309
46655,93310
46656,93311
46657,93312
46658,93314
46659,93317
46660,93320
46661,93322
46662,93323
46663,93324
46664,93326
46665,93328
46666,93330
46667,93334
46668,93335
46669,93338
46670,93339
46671,93340
46672,93342
46673,93343
46674,93346
46675,93348
46676,93350
46677,93351
46678,93353
46679,93354
46680,93355
46681,93357
46682,93358
46683,93359
46684,93364
46685,93369
46686,93370
46687,93371
46688,93376
46689,93377
46690,93382
46691,93383
46692,93385
46693,93390
46694,93391
46695,93394
46696,93395
46697,93396
46698,93397
46699,93398
46700,93399
46701,93402
46702,93404
46703,93407
46704,93408
46705,93409
46706,93412
46707,93414
46708,93415
46709,93416
46710,93417
46711,93418
46712,93424
46713,93425
46714,93427
46715,93428
46716,93429
46717,93432
46718,93433
46719,93434
46720,93435
46721,93437
46722,93438
46723,93439
46724,93440
46725,93442
46726,93444
46727,93445
46728,93449
46729,93450
46730,93451
46731,93452
46732,93453
46733,93456
46734,93459
46735,93461
46736,93464
46737,93467
46738,93469
46739,93470
46740,93472
46741,93474
46742,93475
46743,93476
46744,93478
46745,93479
46746,93480
46747,93481
46748,93482
46749,93486
46750,93487
46751,93490
46752,93494
46753,93496
46754,93498
46755,93500
46756,93502
46757,93505
46758,93506
46759,93507
46760,93508
46761,93510
46762,93511
46763,93513
46764,93514
46765,93516
46766,93517
46767,93518
46768,93519
46769,93520
46770,93522
46771,93524
46772,93525
46773,93526
46774,93529
46775,93530
46776,93532
46777,93534
46778,93535
46779,93537
46780,93540
46781,93542
46782,93544
46783,93547
46784,93549
46785,93550
46786,93553
46787,93554
46788,93556
46789,93558
46790,93560
46791,93562
46792,93564
46793,93566
46794,93567
46795,93569
46796,93571
46797,93572
46798,93574
46799,93576
46800,93578
46801,93581
46802,93582
46803,93584
46804,93589
46805,93590
46806,93593
46807,93595
46808,93596
46809,93597
46810,93598
46811,93600
46812,93601
46813,93602
46814,93604
46815,93605
46816,93606
46817,93608
46818,93609
46819,93611
46820,93614
46821,93616
46822,93620
46823,93621
46824,93622
46825,93625
46826,93626
46827,93628
46828,93629
46829,93630
46830,93634
46831,93636
46832,93640
46833,93642
46834,93645
46835,93646
46836,93647
46837,93648
46838,93649
46839,93650
46840,93651
46841,93654
46842,93655
46843,93656
46844,93657
46845,93658
46846,93659
46847,93660
46848,93662
46849,93668
46850,93669
46851,93670
46852,93672
46853,93673
46854,93674
46855,93675
46856,93676
46857,93678
46858,93681
46859,93686
46860,93687
46861,93688
46862,93689
46863,93690
46864,93693
46865,93695
46866,93697
46867,93701
46868,93702
46869,93703
46870,93704
46871,93706
46872,93708
46873,93709
46874,93710
46875,93711
46876,93712
46877,93713
46878,93714
46879,93715
46880,93717
46881,93720
46882,93721
46883,93723
46884,93726
46885,93727
46886,93728
46887,93729
46888,93730
46889,93732
46890,93733
46891,93735
46892,93738
46893,93739
46894,93741
46895,93742
46896,93745
46897,93747
46898,93749
46899,93750
46900,93751
46901,93752
46902,93754
46903,93755
46904,93756
46905,93757
46906,93761
46907,93762
46908,93763
46909,93764
46910,93765
46911,93766
46912,93767
46913,93770
46914,93771
46915,93772
46916,93774
46917,93777
46918,93778
46919,93780
46920,93781
46921,93782
46922,93783
46923,93784
46924,93785
46925,93787
46926,93790
46927,93792
46928,93795
46929,93797
46930,93801
46931,93803
46932,93804
46933,93807
46934,93808
46935,93809
46936,93810
46937,93811
46938,93813
46939,93815
46940,93816
46941,93818
46942,93819
46943,93820
46944,93823
46945,93824
46946,93825
46947,93826
46948,93827
46949,93828
46950,93830
46951,93831
46952,93832
46953,93835
46954,93838
46955,93839
46956,93840
46957,93841
46958,93842
46959,93843
46960,93844
46961,93845
46962,93848
46963,93850
46964,93854
46965,93856
46966,93857
46967,93861
46968,93862
46969,93864
46970,93867
46971,93868
46972,93870
46973,93874
46974,93875
46975,93879
46976,93883
46977,93884
46978,93885
46979,93892
46980,93893
46981,93895
46982,93896
46983,93897
46984,93898
46985,93900
46986,93904
46987,93905
46988,93906
46989,93908
46990,93909
46991,93911
46992,93912
46993,93913
46994,93915
46995,93916
46996,93918
46997,93919
46998,93920
46999,93922
47000,93923
47001,93924
47002,93931
47003,93932
47004,93934
47005,93937
47006,93938
47007,93940
47008,93944
47009,93945
47010,93946
47011,93947
47012,93948
47013,93951
47014,93953
47015,93955
47016,93958
47017,93959
47018,93962
47019,93964
47020,93965
47021,93967
47022,93968
47023,93970
47024,93971
47025,93972
47026,93973
47027,93974
47028,93975
47029,93979
47030,93984
47031,93986
47032,93989
47033,93991
47034,93994
47035,93996
47036,93998
47037,94003
47038,94004
47039,94005
47040,94006
47041,94007
47042,94012
47043,94013
47044,94014
47045,94016
47046,94017
47047,94019
47048,94020
47049,94022
47050,94026
47051,94027
47052,94029
47053,94033
47054,94037
47055,94038
47056,94039
47057,94042
47058,94043
47059,94044
47060,94047
47061,94053
47062,94055
47063,94057
47064,94058
47065,94061
47066,94063
47067,94064
47068,94065
47069,94066
47070,94067
47071,94068
47072,94070
47073,94073
47074,94074
47075,94077
47076,94080
47077,94081
47078,94082
47079,94083
47080,94087
47081,94088
47082,94090
47083,94091
47084,94092
47085,94093
47086,94095
47087,94098
47088,94100
47089,94105
47090,94106
47091,94107
47092,94108
47093,94112
47094,94113
47095,94114
47096,94115
47097,94117
47098,94118
47099,94119
47100,94122
47101,94123
47102,94125
47103,94127
47104,94131
47105,94133
47106,94135
47107,94137
47108,94143
47109,94144
47110,94146
47111,94147
47112,94148
47113,94150
47114,94153
47115,94154
47116,94157
47117,94158
47118,94166
47119,94168
47120,94174
47121,94180
47122,94183
47123,94187
47124,94188
47125,94190
47126,94192
47127,94193
47128,94194
47129,94196
47130,94199
47131,94200
47132,94201
47133,94202
47134,94203
47135,94205
47136,94212
47137,94216
47138,94218
47139,94220
47140,94221
47141,94223
47142,94224
47143,94225
47144,94227
47145,94229
47146,94234
47147,94235
47148,94236
47149,94237
47150,94238
47151,94239
47152,94241
47153,94243
47154,94244
47155,94245
47156,94246
47157,94247
47158,94249
47159,94250
47160,94251
47161,94252
47162,94258
47163,94259
47164,94261
47165,94265
47166,94269
47167,94271
47168,94274
47169,94275
47170,94277
47171,94278
47172,94279
47173,94281
47174,94282
47175,94285
47176,94286
47177,94287
47178,94289
47179,94294
47180,94295
47181,94297
47182,94299
47183,94300
47184,94301
47185,94302
47186,94303
47187,94306
47188,94307
47189,94310
47190,94311
47191,94312
47192,94315
47193,94318
47194,94319
47195,94321
47196,94322
47197,94323
47198,94324
47199,94327
47200,94328
47201,94330
47202,94331
47203,94332
47204,94334
47205,94335
47206,94338
47207,94339
47208,94340
47209,94344
47210,94345
47211,94346
47212,94348
47213,94349
47214,94350
47215,94353
47216,94355
47217,94356
47218,94358
47219,94362
47220,94369
47221,94374
47222,94375
47223,94376
47224,94377
47225,94386
47226,94387
47227,94389
47228,94390
47229,94392
47230,94395
47231,94396
47232,94397
47233,94403
47234,94405
47235,94408
47236,94409
47237,94410
47238,94411
47239,94412
47240,94416
47241,94417
47242,94418
47243,94419
47244,94420
47245,94421
47246,94423
47247,94424
47248,94425
47249,94427
47250,94428
47251,94430
47252,94431
47253,94433
47254,94434
47255,94436
47256,94437
47257,94442
47258,94445
47259,94450
47260,94452
47261,94453
47262,94454
47263,94456
47264,94458
47265,94459
47266,94460
47267,94461
47268,94463
47269,94464
47270,94465
47271,94466
47272,94467
47273,94468
47274,94470
47275,94472
47276,94475
47277,94479
47278,94480
47279,94483
47280,94484
47281,94485
47282,94486
47283,94487
47284,94489
47285,94497
47286,94499
47287,94500
47288,94502
47289,94503
47290,94504
47291,94507
47292,94508
47293,94510
47294,94511
47295,94513
47296,94514
47297,94515
47298,94517
47299,94518
47300,94521
47301,94523
47302,94525
47303,94526
47304,94527
47305,94528
47306,94529
47307,94530
47308,94531
47309,94533
47310,94535
47311,94538
47312,94539
47313,94540
47314,94542
47315,94544
47316,94545
47317,94547
47318,94548
47319,94550
47320,94551
47321,94552
47322,94553
47323,94554
47324,94555
47325,94556
47326,94560
47327,94565
47328,94567
47329,94571
47330,94573
47331,94574
47332,94576
47333,94578
47334,94581
47335,94583
47336,94585
47337,94586
47338,94588
47339,94591
47340,94593
47341,94595
47342,94596
47343,94598
47344,94601
47345,94603
47346,94605
47347,94607
47348,94608
47349,94613
47350,94615
47351,94616
47352,94618
47353,94619
47354,94622
47355,94626
47356,94627
47357,94628
47358,94632
47359,94633
47360,94634
47361,94635
47362,94637
47363,94638
47364,94640
47365,94641
47366,94643
47367,94645
47368,94646
47369,94647
47370,94652
47371,94653
47372,94654
47373,94655
47374,94657
47375,94661
47376,94662
47377,94663
47378,94664
47379,94665
47380,94666
47381,94668
47382,94669
47383,94671
47384,94672
47385,94675
47386,94676
47387,94678
47388,94680
47389,94681
47390,94682
47391,94683
47392,94685
47393,94690
47394,94691
47395,94695
47396,94698
47397,94701
47398,94702
47399,94710
47400,94711
47401,94712
47402,94714
47403,94715
47404,94718
47405,94719
47406,94722
47407,94723
47408,94724
47409,94727
47410,94729
47411,94730
47412,94732
47413,94734
47414,94736
47415,94739
47416,94740
47417,94743
47418,94745
47419,94747
47420,94749
47421,94751
47422,94754
47423,94756
47424,94759
47425,94761
47426,94762
47427,94768
47428,94772
47429,94773
47430,94782
47431,94784
47432,94785
47433,94787
47434,94788
47435,94789
47436,94792
47437,94793
47438,94794
47439,94799
47440,94800
47441,94801
47442,94805
47443,94806
47444,94807
47445,94808
47446,94811
47447,94814
47448,94815
47449,94820
47450,94822
47451,94824
47452,94826
47453,94828
47454,94830
47455,94831
47456,94834
47457,94841
47458,94842
47459,94843
47460,94845
47461,94846
47462,94851
47463,94853
47464,94854
47465,94855
47466,94856
47467,94857
47468,94860
47469,94861
47470,94864
47471,94865
47472,94866
47473,94867
47474,94868
47475,94872
47476,94875
47477,94877
47478,94878
47479,94880
47480,94881
47481,94884
47482,94886
47483,94887
47484,94888
47485,94891
47486,94892
47487,94893
47488,94894
47489,94895
47490,94899
47491,94900
47492,94902
47493,94903
47494,94904
47495,94912
47496,94913
47497,94914
47498,94916
47499,94917
47500,94919
47501,94920
47502,94923
47503,94929
47504,94930
47505,94932
47506,94933
47507,94934
47508,94936
47509,94940
47510,94941
47511,94944
47512,94947
47513,94948
47514,94953
47515,94954
47516,94955
47517,94956
47518,94959
47519,94960
47520,94962
47521,94964
47522,94965
47523,94966
47524,94968
47525,94970
47526,94972
47527,94973
47528,94975
47529,94977
47530,94979
47531,94980
47532,94981
47533,94982
47534,94988
47535,94989
47536,94990
47537,94991
47538,94994
47539,94996
47540,94997
47541,94998
47542,95000
47543,95001
47544,95004
47545,95007
47546,95009
47547,95011
47548,95016
47549,95018
47550,95019
47551,95020
47552,95022
47553,95023
47554,95024
47555,95025
47556,95026
47557,95029
47558,95032
47559,95033
47560,95034
47561,95036
47562,95038
47563,95040
47564,95041
47565,95042
47566,95044
47567,95046
47568,95049
47569,95050
47570,95053
47571,95056
47572,95057
47573,95058
47574,95060
47575,95061
47576,95063
47577,95064
47578,95066
47579,95069
47580,95070
47581,95071
47582,95072
47583,95073
47584,95075
47585,95077
47586,95080
47587,95081
47588,95084
47589,95085
47590,95086
47591,95089
47592,95092
47593,95096
47594,95099
47595,95101
47596,95106
47597,95110
47598,95113
47599,95114
47600,95115
47601,95120
47602,95122
47603,95123
47604,95124
47605,95128
47606,95129
47607,95130
47608,95131
47609,95133
47610,95135
47611,95136
47612,95137
47613,95138
47614,95142
47615,95144
47616,95146
47617,95147
47618,95150
47619,95152
47620,95153
47621,95158
47622,95159
47623,95162
47624,95163
47625,95165
47626,95167
47627,95168
47628,95169
47629,95170
47630,95171
47631,95172
47632,95173
47633,95176
47634,95177
47635,95178
47636,95182
47637,95183
47638,95184
47639,95185
47640,95189
47641,95190
47642,95192
47643,95194
47644,95197
47645,95199
47646,95203
47647,95204
47648,95205
47649,95206
47650,95210
47651,95215
47652,95218
47653,95220
47654,95222
47655,95223
47656,95225
47657,95227
47658,95229
47659,95231
47660,95232
47661,95236
47662,95238
47663,95240
47664,95241
47665,95244
47666,95245
47667,95247
47668,95251
47669,95258
47670,95259
47671,95260
47672,95261
47673,95262
47674,95263
47675,95265
47676,95269
47677,95270
47678,95272
47679,95274
47680,95283
47681,95285
47682,95286
47683,95290
47684,95292
47685,95293
47686,95294
47687,95296
47688,95297
47689,95298
47690,95300
47691,95301
47692,95302
47693,95303
47694,95305
47695,95307
47696,95308
47697,95310
47698,95311
47699,95312
47700,95314
47701,95315
47702,95320
47703,95324
47704,95327
47705,95329
47706,95332
47707,95334
47708,95335
47709,95337
47710,95344
47711,95345
47712,95347
47713,95350
47714,95351
47715,95358
47716,95359
47717,95362
47718,95363
47719,95365
47720,95366
47721,95367
47722,95369
47723,95370
47724,95376
47725,95378
47726,95379
47727,95380
47728,95382
47729,95383
47730,95384
47731,95385
47732,95387
47733,95388
47734,95390
47735,95391
47736,95395
47737,95397
47738,95399
47739,95400
47740,95403
47741,95409
47742,95412
47743,95414
47744,95415
47745,95416
47746,95417
47747,95418
47748,95419
47749,95420
47750,95424
47751,95425
47752,95427
47753,95428
47754,95431
47755,95432
47756,95435
47757,95436
47758,95440
47759,95441
47760,95442
47761,95445
47762,95447
47763,95448
47764,95451
47765,95452
47766,95454
47767,95455
47768,95456
47769,95460
47770,95461
47771,95468
47772,95471
47773,95472
47774,95475
47775,95481
47776,95486
47777,95488
47778,95494
47779,95495
47780,95496
47781,95499
47782,95500
47783,95501
47784,95503
47785,95506
47786,95507
47787,95514
47788,95515
47789,95518
47790,95521
47791,95523
47792,95524
47793,95527
47794,95529
47795,95531
47796,95533
47797,95537
47798,95540
47799,95541
47800,95542
47801,95543
47802,95544
47803,95548
47804,95549
47805,95550
47806,95551
47807,95553
47808,95554
47809,95556
47810,95557
47811,95563
47812,95564
47813,95567
47814,95569
47815,95571
47816,95572
47817,95574
47818,95575
47819,95576
47820,95577
47821,95578
47822,95580
47823,95582
47824,95583
47825,95584
47826,95585
47827,95586
47828,95588
47829,95595
47830,95597
47831,95600
47832,95603
47833,95605
47834,95606
47835,95607
47836,95608
47837,95610
47838,95611
47839,95612
47840,95615
47841,95616
47842,95617
47843,95619
47844,95623
47845,95628
47846,95629
47847,95631
47848,95632
47849,95636
47850,95637
47851,95638
47852,95640
47853,95642
47854,95647
47855,95648
47856,95651
47857,95655
47858,95657
47859,95662
47860,95663
47861,95664
47862,95665
47863,95666
47864,95667
47865,95669
47866,95670
47867,95671
47868,95674
47869,95677
47870,95679
47871,95683
47872,95686
47873,95687
47874,95692
47875,95695
47876,95697
47877,95699
47878,95702
47879,95703
47880,95705
47881,95706
47882,95709
47883,95710
47884,95712
47885,95713
47886,95715
47887,95716
47888,95718
47889,95720
47890,95723
47891,95727
47892,95728
47893,95730
47894,95731
47895,95733
47896,95734
47897,95736
47898,95741
47899,95742
47900,95745
47901,95749
47902,95750
47903,95752
47904,95754
47905,95755
47906,95756
47907,95757
47908,95760
47909,95763
47910,95764
47911,95765
47912,95766
47913,95772
47914,95773
47915,95774
47916,95777
47917,95782
47918,95786
47919,95791
47920,95792
47921,95793
47922,95795
47923,95797
47924,95799
47925,95800
47926,95801
47927,95802
47928,95803
47929,95805
47930,95806
47931,95807
47932,95810
47933,95811
47934,95813
47935,95814
47936,95815
47937,95817
47938,95818
47939,95819
47940,95822
47941,95823
47942,95824
47943,95825
47944,95826
47945,95827
47946,95829
47947,95831
47948,95835
47949,95836
47950,95837
47951,95838
47952,95840
47953,95841
47954,95842
47955,95847
47956,95848
47957,95849
47958,95850
47959,95851
47960,95852
47961,95854
47962,95856
47963,95858
47964,95861
47965,95863
47966,95870
47967,95871
47968,95874
47969,95875
47970,95878
47971,95880
47972,95881
47973,95882
47974,95886
47975,95887
47976,95892
47977,95893
47978,95898
47979,95900
47980,95902
47981,95903
47982,95904
47983,95905
47984,95907
47985,95908
47986,95911
47987,95913
47988,95914
47989,95916
47990,95918
47991,95919
47992,95922
47993,95925
47994,95927
47995,95928
47996,95930
47997,95932
47998,95934
47999,95935
48000,95937
48001,95939
48002,95940
48003,95941
48004,95945
48005,95947
48006,95949
48007,95950
48008,95951
48009,95952
48010,95953
48011,95957
48012,95959
48013,95960
48014,95961
48015,95962
48016,95964
48017,95966
48018,95968
48019,95971
48020,95974
48021,95976
48022,95979
48023,95984
48024,95985
48025,95986
48026,95990
48027,95991
48028,95993
48029,95994
48030,95998
48031,96000
48032,96003
48033,96004
48034,96006
48035,96008
48036,96009
48037,96011
48038,96014
48039,96016
48040,96018
48041,96020
48042,96023
48043,96024
48044,96025
48045,96026
48046,96030
48047,96031
48048,96034
48049,96035
48050,96036
48051,96038
48052,96039
48053,96042
48054,96044
48055,96046
48056,96047
48057,96048
48058,96050
48059,96054
48060,96055
48061,96058
48062,96059
48063,96060
48064,96065
48065,96067
48066,96069
48067,96070
48068,96072
48069,96076
48070,96077
48071,96081
48072,96082
48073,96083
48074,96085
48075,96090
48076,96092
48077,96093
48078,96094
48079,96096
48080,96097
48081,96098
48082,96100
48083,96102
48084,96103
48085,96104
48086,96106
48087,96107
48088,96109
48089,96110
48090,96111
48091,96112
48092,96114
48093,96116
48094,96117
48095,96119
48096,96121
48097,96124
48098,96125
48099,96126
48100,96127
48101,96131
48102,96133
48103,96134
48104,96138
48105,96140
48106,96141
48107,96144
48108,96146
48109,96147
48110,96148
48111,96150
48112,96153
48113,96154
48114,96158
48115,96159
48116,96163
48117,96166
48118,96168
48119,96169
48120,96171
48121,96172
48122,96174
48123,96176
48124,96179
48125,96180
48126,96181
48127,96183
48128,96184
48129,96185
48130,96187
48131,96188
48132,96191
48133,96192
48134,96194
48135,96195
48136,96197
48137,96199
48138,96200
48139,96201
48140,96202
48141,96204
48142,96205
48143,96206
48144,96208
48145,96210
48146,96211
48147,96213
48148,96218
48149,96219
48150,96220
48151,96222
48152,96224
48153,96225
48154,96227
48155,96234
48156,96235
48157,96236
48158,96238
48159,96239
48160,96241
48161,96246
48162,96250
48163,96253
48164,96254
48165,96258
48166,96262
48167,96266
48168,96267
48169,96269
48170,96270
48171,96271
48172,96272
48173,96274
48174,96275
48175,96278
48176,96285
48177,96286
48178,96288
48179,96289
48180,96291
48181,96293
48182,96294
48183,96296
48184,96297
48185,96298
48186,96299
48187,96300
48188,96302
48189,96310
48190,96312
48191,96313
48192,96316
48193,96319
48194,96322
48195,96328
48196,96329
48197,96331
48198,96333
48199,96334
48200,96336
48201,96340
48202,96342
48203,96343
48204,96344
48205,96345
48206,96348
48207,96350
48208,96351
48209,96354
48210,96356
48211,96357
48212,96359
48213,96360
48214,96362
48215,96363
48216,96364
48217,96367
48218,96368
48219,96369
48220,96370
48221,96371
48222,96372
48223,96377
48224,96380
48225,96382
48226,96384
48227,96386
48228,96387
48229,96388
48230,96392
48231,96393
48232,96395
48233,96396
48234,96401
48235,96403
48236,96404
48237,96406
48238,96407
48239,96411
48240,96414
48241,96416
48242,96420
48243,96421
48244,96422
48245,96423
48246,96425
48247,96431
48248,96438
48249,96440
48250,96442
48251,96443
48252,96445
48253,96446
48254,96447
48255,96448
48256,96449
48257,96452
48258,96453
48259,96454
48260,96455
48261,96456
48262,96457
48263,96459
48264,96461
48265,96463
48266,96467
48267,96468
48268,96469
48269,96475
48270,96482
48271,96489
48272,96490
48273,96492
48274,96493
48275,96496
48276,96497
48277,96498
48278,96501
48279,96502
48280,96503
48281,96504
48282,96506
48283,96507
48284,96508
48285,96509
48286,96510
48287,96513
48288,96518
48289,96519
48290,96520
48291,96522
48292,96523
48293,96526
48294,96527
48295,96529
48296,96530
48297,96531
48298,96532
48299,96533
48300,96535
48301,96536
48302,96537
48303,96542
48304,96543
48305,96544
48306,96546
48307,96547
48308,96553
48309,96556
48310,96558
48311,96559
48312,96560
48313,96561
48314,96562
48315,96565
48316,96566
48317,96569
48318,96572
48319,96573
48320,96574
48321,96575
48322,96576
48323,96577
48324,96580
48325,96581
48326,96588
48327,96589
48328,96590
48329,96592
48330,96593
48331,96594
48332,96595
48333,96596
48334,96597
48335,96598
48336,96599
48337,96600
48338,96602
48339,96605
48340,96611
48341,96612
48342,96613
48343,96614
48344,96615
48345,96616
48346,96619
48347,96622
48348,96623
48349,96624
48350,96625
48351,96626
48352,96634
48353,96636
48354,96639
48355,96643
48356,96644
48357,96645
48358,96648
48359,96649
48360,96654
48361,96655
48362,96656
48363,96659
48364,96661
48365,96663
48366,96664
48367,96667
48368,96669
48369,96671
48370,96672
48371,96673
48372,96674
48373,96676
48374,96678
48375,96680
48376,96683
48377,96684
48378,96685
48379,96686
48380,96687
48381,96688
48382,96689
48383,96690
48384,96691
48385,96692
48386,96694
48387,96697
48388,96700
48389,96702
48390,96703
48391,96706
48392,96707
48393,96708
48394,96709
48395,96710
48396,96711
48397,96713
48398,96715
48399,96716
48400,96719
48401,96722
48402,96723
48403,96724
48404,96726
48405,96728
48406,96729
48407,96734
48408,96737
48409,96742
48410,96743
48411,96745
48412,96751
48413,96753
48414,96754
48415,96756
48416,96759
48417,96762
48418,96764
48419,96767
48420,96768
48421,96770
48422,96772
48423,96778
48424,96779
48425,96780
48426,96781
48427,96782
48428,96783
48429,96784
48430,96785
48431,96786
48432,96789
48433,96792
48434,96794
48435,96798
48436,96799
48437,96800
48438,96801
48439,96802
48440,96804
48441,96809
48442,96811
48443,96813
48444,96814
48445,96816
48446,96819
48447,96822
48448,96823
48449,96826
48450,96828
48451,96829
48452,96832
48453,96833
48454,96836
48455,96838
48456,96839
48457,96840
48458,96841
48459,96844
48460,96848
48461,96849
48462,96851
48463,96853
48464,96855
48465,96856
48466,96858
48467,96859
48468,96860
48469,96862
48470,96863
48471,96866
48472,96868
48473,96869
48474,96870
48475,96874
48476,96877
48477,96880
48478,96881
48479,96883
48480,96884
48481,96885
48482,96886
48483,96887
48484,96893
48485,96895
48486,96896
48487,96898
48488,96899
48489,96900
48490,96902
48491,96904
48492,96905
48493,96906
48494,96907
48495,96908
48496,96909
48497,96915
48498,96917
48499,96919
48500,96920
48501,96921
48502,96923
48503,96924
48504,96926
48505,96927
48506,96928
48507,96929
48508,96930
48509,96932
48510,96935
48511,96936
48512,96937
48513,96938
48514,96939
48515,96942
48516,96947
48517,96950
48518,96951
48519,96954
48520,96955
48521,96956
48522,96958
48523,96959
48524,96961
48525,96963
48526,96967
48527,96972
48528,96974
48529,96975
48530,96976
48531,96979
48532,96980
48533,96982
48534,96985
48535,96986
48536,96987
48537,96995
48538,96996
48539,96998
48540,96999
48541,97000
48542,97002
48543,97003
48544,97005
48545,97006
48546,97008
48547,97014
48548,97016
48549,97017
48550,97019
48551,97020
48552,97024
48553,97025
48554,97035
48555,97036
48556,97037
48557,97040
48558,97041
48559,97043
48560,97044
48561,97048
48562,97050
48563,97053
48564,97055
48565,97057
48566,97058
48567,97059
48568,97061
48569,97064
48570,97065
48571,97067
48572,97068
48573,97069
48574,97070
48575,97071
48576,97072
48577,97074
48578,97075
48579,97076
48580,97078
48581,97079
48582,97080
48583,97081
48584,97083
48585,97086
48586,97087
48587,97089
48588,97090
48589,97091
48590,97092
48591,97093
48592,97094
48593,97095
48594,97098
48595,97101
48596,97102
48597,97103
48598,97105
48599,97106
48600,97108
48601,97111
48602,97114
48603,97116
48604,97118
48605,97119
48606,97121
48607,97122
48608,97123
48609,97126
48610,97137
48611,97138
48612,97140
48613,97148
48614,97149
48615,97151
48616,97152
48617,97154
48618,97157
48619,97158
48620,97159
48621,97160
48622,97161
48623,97162
48624,97166
48625,97167
48626,97168
48627,97169
48628,97171
48629,97174
48630,97175
48631,97176
48632,97178
48633,97179
48634,97182
48635,97184
48636,97186
48637,97187
48638,97188
48639,97190
48640,97192
48641,97193
48642,97195
48643,97196
48644,97199
48645,97201
48646,97202
48647,97206
48648,97208
48649,97212
48650,97214
48651,97215
48652,97216
48653,97218
48654,97220
48655,97222
48656,97224
48657,97228
48658,97230
48659,97231
48660,97232
48661,97233
48662,97237
48663,97239
48664,97240
48665,97242
48666,97245
48667,97246
48668,97248
48669,97250
48670,97251
48671,97255
48672,97257
48673,97263
48674,97264
48675,97265
48676,97266
48677,97267
48678,97268
48679,97269
48680,97270
48681,97271
48682,97273
48683,97274
48684,97276
48685,97277
48686,97281
48687,97282
48688,97285
48689,97286
48690,97291
48691,97292
48692,97294
48693,97295
48694,97296
48695,97298
48696,97299
48697,97302
48698,97303
48699,97304
48700,97305
48701,97310
48702,97311
48703,97315
48704,97317
48705,97319
48706,97320
48707,97321
48708,97324
48709,97325
48710,97327
48711,97328
48712,97335
48713,97336
48714,97337
48715,97339
48716,97342
48717,97343
48718,97345
48719,97346
48720,97352
48721,97354
48722,97355
48723,97356
48724,97357
48725,97359
48726,97360
48727,97361
48728,97362
48729,97363
48730,97364
48731,97368
48732,97373
48733,97376
48734,97381
48735,97385
48736,97389
48737,97390
48738,97393
48739,97398
48740,97399
48741,97400
48742,97401
48743,97402
48744,97403
48745,97404
48746,97407
48747,97408
48748,97410
48749,97415
48750,97416
48751,97419
48752,97420
48753,97426
48754,97427
48755,97431
48756,97432
48757,97433
48758,97434
48759,97435
48760,97436
48761,97438
48762,97441
48763,97442
48764,97444
48765,97445
48766,97449
48767,97450
48768,97451
48769,97452
48770,97454
48771,97455
48772,97459
48773,97460
48774,97461
48775,97462
48776,97463
48777,97465
48778,97466
48779,97468
48780,97469
48781,97471
48782,97472
48783,97476
48784,97478
48785,97479
48786,97480
48787,97486
48788,97489
48789,97490
48790,97494
48791,97497
48792,97500
48793,97503
48794,97510
48795,97511
48796,97515
48797,97516
48798,97518
48799,97519
48800,97522
48801,97523
48802,97525
48803,97527
48804,97528
48805,97531
48806,97534
48807,97537
48808,97538
48809,97542
48810,97545
48811,97548
48812,97549
48813,97550
48814,97554
48815,97555
48816,97556
48817,97557
48818,97558
48819,97561
48820,97563
48821,97564
48822,97568
48823,97571
48824,97574
48825,97579
48826,97580
48827,97581
48828,97582
48829,97585
48830,97586
48831,97591
48832,97593
48833,97594
48834,97597
48835,97598
48836,97601
48837,97603
48838,97604
48839,97605
48840,97608
48841,97609
48842,97610
48843,97616
48844,97617
48845,97618
48846,97619
48847,97621
48848,97622
48849,97626
48850,97630
48851,97631
48852,97632
48853,97636
48854,97637
48855,97638
48856,97639
48857,97640
48858,97643
48859,97644
48860,97645
48861,97649
48862,97652
48863,97653
48864,97654
48865,97657
48866,97658
48867,97659
48868,97660
48869,97661
48870,97662
48871,97664
48872,97665
48873,97668
48874,97669
48875,97671
48876,97673
48877,97678
48878,97681
48879,97684
48880,97686
48881,97689
48882,97690
48883,97693
48884,97694
48885,97698
48886,97701
48887,97702
48888,97707
48889,97708
48890,97709
48891,97711
48892,97712
48893,97713
48894,97714
48895,97715
48896,97719
48897,97720
48898,97721
48899,97723
48900,97727
48901,97730
48902,97731
48903,97733
48904,97738
48905,97739
48906,97742
48907,97743
48908,97744
48909,97745
48910,97746
48911,97749
48912,97751
48913,97752
48914,97756
48915,97757
48916,97760
48917,97762
48918,97763
48919,97765
48920,97769
48921,97770
48922,97773
48923,97774
48924,97777
48925,97778
48926,97780
48927,97784
48928,97787
48929,97789
48930,97790
48931,97792
48932,97793
48933,97794
48934,97795
48935,97800
48936,97801
48937,97802
48938,97803
48939,97804
48940,97806
48941,97807
48942,97809
48943,97812
48944,97814
48945,97815
48946,97816
48947,97817
48948,97818
48949,97819
48950,97820
48951,97825
48952,97826
48953,97828
48954,97829
48955,97830
48956,97832
48957,97835
48958,97836
48959,97838
48960,97840
48961,97841
48962,97844
48963,97845
48964,97851
48965,97853
48966,97854
48967,97857
48968,97858
48969,97861
48970,97862
48971,97863
48972,97864
48973,97865
48974,97867
48975,97868
48976,97869
48977,97871
48978,97873
48979,97874
48980,97875
48981,97876
48982,97877
48983,97878
48984,97881
48985,97883
48986,97884
48987,97886
48988,97887
48989,97890
48990,97892
48991,97893
48992,97895
48993,97898
48994,97903
48995,97905
48996,97907
48997,97908
48998,97910
48999,97912
49000,97913
49001,97914
49002,97916
49003,97920
49004,97921
49005,97923
49006,97924
49007,97925
49008,97926
49009,97927
49010,97928
49011,97930
49012,97931
49013,97932
49014,97936
49015,97937
49016,97939
49017,97941
49018,97943
49019,97944
49020,97949
49021,97951
49022,97952
49023,97956
49024,97957
49025,97962
49026,97963
49027,97965
49028,97967
49029,97969
49030,97970
49031,97973
49032,97975
49033,97976
49034,97979
49035,97980
49036,97981
49037,97985
49038,97986
49039,97991
49040,97992
49041,97993
49042,97995
49043,97998
49044,97999
49045,98000
49046,98001
49047,98003
49048,98004
49049,98006
49050,98007
49051,98009
49052,98010
49053,98011
49054,98012
49055,98016
49056,98017
49057,98018
49058,98021
49059,98022
49060,98023
49061,98024
49062,98025
49063,98027
49064,98030
49065,98031
49066,98035
49067,98036
49068,98037
49069,98038
49070,98040
49071,98041
49072,98042
49073,98043
49074,98045
49075,98046
49076,98047
49077,98049
49078,98050
49079,98053
49080,98054
49081,98056
49082,98058
49083,98059
49084,98061
49085,98062
49086,98064
49087,98066
49088,98067
49089,98072
49090,98073
49091,98075
49092,98077
49093,98080
49094,98083
49095,98090
49096,98092
49097,98093
49098,98095
49099,98097
49100,98098
49101,98099
49102,98100
49103,98102
49104,98105
49105,98108
49106,98109
49107,98111
49108,98112
49109,98114
49110,98115
49111,98116
49112,98118
49113,98123
49114,98124
49115,98126
49116,98127
49117,98130
49118,98131
49119,98132
49120,98133
49121,98134
49122,98137
49123,98138
49124,98139
49125,98141
49126,98143
49127,98144
49128,98145
49129,98146
49130,98148
49131,98150
49132,98151
49133,98153
49134,98155
49135,98158
49136,98159
49137,98160
49138,98163
49139,98165
49140,98168
49141,98169
49142,98170
49143,98171
49144,98173
49145,98174
49146,98175
49147,98177
49148,98178
49149,98179
49150,98180
49151,98182
49152,98183
49153,98185
49154,98187
49155,98189
49156,98192
49157,98193
49158,98195
49159,98197
49160,98198
49161,98199
49162,98200
49163,98201
49164,98202
49165,98204
49166,98206
49167,98210
49168,98213
49169,98215
49170,98216
49171,98219
49172,98224
49173,98226
49174,98227
49175,98228
49176,98229
49177,98230
49178,98231
49179,98234
49180,98236
49181,98238
49182,98239
49183,98240
49184,98241
49185,98242
49186,98243
49187,98244
49188,98245
49189,98246
49190,98250
49191,98252
49192,98254
49193,98255
49194,98256
49195,98257
49196,98258
49197,98259
49198,98260
49199,98262
49200,98267
49201,98269
49202,98270
49203,98272
49204,98279
49205,98280
49206,98286
49207,98287
49208,98289
49209,98291
49210,98292
49211,98296
49212,98299
49213,98300
49214,98301
49215,98303
49216,98304
49217,98306
49218,98308
49219,98310
49220,98313
49221,98314
49222,98315
49223,98316
49224,98317
49225,98318
49226,98321
49227,98323
49228,98325
49229,98330
49230,98333
49231,98334
49232,98335
49233,98337
49234,98338
49235,98339
49236,98341
49237,98344
49238,98345
49239,98347
49240,98348
49241,98351
49242,98352
49243,98353
49244,98355
49245,98356
49246,98357
49247,98358
49248,98359
49249,98360
49250,98364
49251,98365
49252,98366
49253,98368
49254,98370
49255,98371
49256,98372
49257,98374
49258,98377
49259,98379
49260,98381
49261,98382
49262,98383
49263,98384
49264,98386
49265,98387
49266,98389
49267,98390
49268,98392
49269,98394
49270,98397
49271,98399
49272,98400
49273,98403
49274,98404
49275,98405
49276,98407
49277,98408
49278,98413
49279,98415
49280,98422
49281,98423
49282,98426
49283,98427
49284,98428
49285,98430
49286,98432
49287,98433
49288,98435
49289,98436
49290,98437
49291,98438
49292,98439
49293,98441
49294,98444
49295,98445
49296,98446
49297,98448
49298,98450
49299,98454
49300,98458
49301,98459
49302,98461
49303,98462
49304,98465
49305,98467
49306,98471
49307,98472
49308,98475
49309,98478
49310,98482
49311,98483
49312,98484
49313,98487
49314,98488
49315,98489
49316,98490
49317,98491
49318,98494
49319,98495
49320,98496
49321,98498
49322,98500
49323,98501
49324,98503
49325,98504
49326,98505
49327,98509
49328,98510
49329,98512
49330,98515
49331,98523
49332,98524
49333,98526
49334,98532
49335,98533
49336,98534
49337,98538
49338,98541
49339,98544
49340,98547
49341,98548
49342,98549
49343,98551
49344,98552
49345,98553
49346,98554
49347,98561
49348,98563
49349,98564
49350,98565
49351,98567
49352,98568
49353,98569
49354,98571
49355,98573
49356,98575
49357,98579
49358,98580
49359,98581
49360,98582
49361,98585
49362,98588
49363,98589
49364,98593
49365,98595
49366,98596
49367,98597
49368,98598
49369,98601
49370,98608
49371,98612
49372,98613
49373,98617
49374,98620
49375,98623
49376,98624
49377,98627
49378,98628
49379,98629
49380,98634
49381,98635
49382,98636
49383,98638
49384,98639
49385,98641
49386,98642
49387,98645
49388,98648
49389,98649
49390,98651
49391,98653
49392,98658
49393,98660
49394,98661
49395,98663
49396,98664
49397,98666
49398,98667
49399,98669
49400,98672
49401,98678
49402,98681
49403,98682
49404,98684
49405,98685
49406,98688
49407,98689
49408,98690
49409,98691
49410,98692
49411,98693
49412,98699
49413,98700
49414,98701
49415,98702
49416,98703
49417,98706
49418,98708
49419,98711
49420,98712
49421,98717
49422,98718
49423,98720
49424,98721
49425,98722
49426,98724
49427,98725
49428,98726
49429,98727
49430,98729
49431,98731
49432,98732
49433,98733
49434,98735
49435,98737
49436,98738
49437,98740
49438,98741
49439,98742
49440,98743
49441,98744
49442,98746
49443,98750
49444,98751
49445,98752
49446,98753
49447,98754
49448,98756
49449,98757
49450,98759
49451,98761
49452,98764
49453,98765
49454,98768
49455,98769
49456,98772
49457,98773
49458,98774
49459,98775
49460,98780
49461,98781
49462,98782
49463,98783
49464,98786
49465,98788
49466,98789
49467,98791
49468,98793
49469,98796
49470,98798
49471,98800
49472,98805
49473,98806
49474,98807
49475,98808
49476,98809
49477,98810
49478,98811
49479,98812
49480,98813
49481,98817
49482,98820
49483,98825
49484,98827
49485,98830
49486,98831
49487,98832
49488,98833
49489,98834
49490,98835
49491,98836
49492,98837
49493,98838
49494,98839
49495,98841
49496,98842
49497,98843
49498,98844
49499,98848
49500,98850
49501,98851
49502,98852
49503,98853
49504,98854
49505,98856
49506,98857
49507,98858
49508,98859
49509,98866
49510,98868
49511,98869
49512,98871
49513,98872
49514,98873
49515,98875
49516,98877
49517,98880
49518,98882
49519,98884
49520,98885
49521,98886
49522,98888
49523,98890
49524,98896
49525,98897
49526,98898
49527,98899
49528,98901
49529,98905
49530,98906
49531,98907
49532,98910
49533,98912
49534,98915
49535,98916
49536,98917
49537,98920
49538,98924
49539,98925
49540,98926
49541,98927
49542,98930
49543,98931
49544,98934
49545,98935
49546,98936
49547,98937
49548,98942
49549,98952
49550,98954
49551,98955
49552,98964
49553,98965
49554,98969
49555,98972
49556,98973
49557,98975
49558,98976
49559,98982
49560,98983
49561,98984
49562,98985
49563,98986
49564,98990
49565,98991
49566,98994
49567,98996
49568,98997
49569,98999
49570,99000
49571,99001
49572,99002
49573,99003
49574,99005
49575,99006
49576,99009
49577,99011
49578,99012
49579,99015
49580,99016
49581,99018
49582,99019
49583,99021
49584,99022
49585,99023
49586,99024
49587,99026
49588,99027
49589,99028
49590,99029
49591,99030
49592,99031
49593,99032
49594,99033
49595,99034
49596,99036
49597,99038
49598,99039
49599,99041
49600,99043
49601,99044
49602,99046
49603,99047
49604,99049
49605,99054
49606,99056
49607,99057
49608,99059
49609,99060
49610,99061
49611,99062
49612,99063
49613,99064
49614,99065
49615,99066
49616,99067
49617,99068
49618,99069
49619,99070
49620,99071
49621,99072
49622,99075
49623,99076
49624,99080
49625,99081
49626,99082
49627,99083
49628,99086
49629,99089
49630,99090
49631,99092
49632,99093
49633,99095
49634,99100
49635,99101
49636,99103
49637,99105
49638,99107
49639,99108
49640,99112
49641,99116
49642,99118
49643,99119
49644,99123
49645,99124
49646,99125
49647,99128
49648,99129
49649,99131
49650,99132
49651,99133
49652,99135
49653,99136
49654,99139
49655,99140
49656,99141
49657,99143
49658,99145
49659,99146
49660,99147
49661,99148
49662,99151
49663,99155
49664,99158
49665,99161
49666,99164
49667,99165
49668,99167
49669,99168
49670,99170
49671,99173
49672,99176
49673,99178
49674,99179
49675,99180
49676,99183
49677,99184
49678,99185
49679,99186
49680,99187
49681,99188
49682,99189
49683,99190
49684,99191
49685,99194
49686,99197
49687,99199
49688,99205
49689,99206
49690,99207
49691,99210
49692,99212
49693,99213
49694,99214
49695,99215
49696,99216
49697,99217
49698,99219
49699,99223
49700,99224
49701,99227
49702,99229
49703,99230
49704,99232
49705,99235
49706,99236
49707,99237
49708,99240
49709,99241
49710,99248
49711,99249
49712,99251
49713,99252
49714,99253
49715,99254
49716,99255
49717,99257
49718,99258
49719,99261
49720,99262
49721,99263
49722,99266
49723,99268
49724,99270
49725,99271
49726,99281
49727,99285
49728,99292
49729,99293
49730,99295
49731,99298
49732,99299
49733,99300
49734,99301
49735,99303
49736,99304
49737,99305
49738,99307
49739,99308
49740,99312
49741,99313
49742,99314
49743,99316
49744,99320
49745,99323
49746,99324
49747,99327
49748,99329
49749,99331
49750,99332
49751,99333
49752,99335
49753,99337
49754,99341
49755,99342
49756,99343
49757,99345
49758,99348
49759,99350
49760,99351
49761,99352
49762,99354
49763,99362
49764,99363
49765,99365
49766,99366
49767,99370
49768,99372
49769,99374
49770,99375
49771,99377
49772,99378
49773,99379
49774,99381
49775,99382
49776,99383
49777,99386
49778,99389
49779,99391
49780,99393
49781,99394
49782,99399
49783,99401
49784,99402
49785,99403
49786,99406
49787,99408
49788,99409
49789,99412
49790,99415
49791,99416
49792,99417
49793,99420
49794,99421
49795,99422
49796,99425
49797,99428
49798,99430
49799,99432
49800,99433
49801,99434
49802,99435
49803,99436
49804,99437
49805,99439
49806,99442
49807,99443
49808,99444
49809,99446
49810,99449
49811,99452
49812,99453
49813,99455
49814,99457
49815,99458
49816,99459
49817,99460
49818,99462
49819,99463
49820,99464
49821,99465
49822,99471
49823,99472
49824,99473
49825,99475
49826,99477
49827,99478
49828,99479
49829,99481
49830,99482
49831,99484
49832,99485
49833,99488
49834,99491
49835,99495
49836,99496
49837,99497
49838,99501
49839,99508
49840,99511
49841,99512
49842,99515
49843,99516
49844,99517
49845,99519
49846,99522
49847,99524
49848,99529
49849,99530
49850,99532
49851,99533
49852,99534
49853,99536
49854,99540
49855,99544
49856,99545
49857,99546
49858,99548
49859,99549
49860,99554
49861,99555
49862,99556
49863,99558
49864,99563
49865,99564
49866,99565
49867,99566
49868,99569
49869,99572
49870,99573
49871,99576
49872,99577
49873,99582
49874,99585
49875,99586
49876,99588
49877,99592
49878,99593
49879,99594
49880,99601
49881,99603
49882,99605
49883,99606
49884,99609
49885,99610
49886,99611
49887,99612
49888,99613
49889,99616
49890,99619
49891,99622
49892,99623
49893,99624
49894,99625
49895,99627
49896,99628
49897,99630
49898,99632
49899,99634
49900,99637
49901,99639
49902,99642
49903,99644
49904,99645
49905,99646
49906,99647
49907,99648
49908,99649
49909,99651
49910,99652
49911,99653
49912,99655
49913,99656
49914,99658
49915,99659
49916,99663
49917,99665
49918,99667
49919,99669
49920,99670
49921,99674
49922,99675
49923,99676
49924,99678
49925,99679
49926,99680
49927,99681
49928,99682
49929,99685
49930,99688
49931,99696
49932,99703
49933,99705
49934,99706
49935,99708
49936,99709
49937,99711
49938,99714
49939,99717
49940,99720
49941,99721
49942,99723
49943,99724
49944,99727
49945,99729
49946,99730
49947,99733
49948,99734
49949,99735
49950,99738
49951,99739
49952,99743
49953,99744
49954,99745
49955,99748
49956,99751
49957,99752
49958,99754
49959,99756
49960,99757
49961,99759
49962,99760
49963,99761
49964,99763
49965,99764
49966,99765
49967,99767
49968,99768
49969,99769
49970,99770
49971,99774
49972,99775
49973,99777
49974,99778
49975,99779
49976,99781
49977,99783
49978,99787
49979,99789
49980,99790
49981,99792
49982,99793
49983,99794
49984,99795
49985,99797
49986,99800
49987,99801
49988,99804
49989,99806
49990,99809
49991,99812
49992,99814
49993,99816
49994,99817
49995,99818
49996,99820
49997,99821
49998,99822
49999,99823
50000,99824
50001,99825
50002,99826
50003,99832
50004,99833
50005,99834
50006,99835
50007,99836
50008,99839
50009,99842
50010,99843
50011,99849
50012,99851
50013,99853
50014,99856
50015,99867
50016,99868
50017,99870
50018,99872
50019,99874
50020,99876
50021,99878
50022,99879
50023,99881
50024,99882
50025,99885
50026,99886
50027,99892
50028,99893
50029,99894
50030,99895
50031,99896
50032,99897
50033,99898
50034,99902
50035,99903
50036,99906
50037,99911
50038,99913
50039,99917
50040,99918
50041,99919
50042,99920
50043,99923
50044,99927
50045,99931
50046,99932
50047,99933
50048,99934
50049,99935
50050,99937
50051,99941
50052,99942
50053,99943
50054,99945
50055,99947
50056,99949
50057,99950
50058,99952
50059,99953
50060,99959
50061,99960
50062,99962
50063,99963
50064,99964
50065,99965
50066,99966
50067,99968
50068,99972
50069,99974
50070,99977
50071,99981
50072,99984
50073,99985
50074,99986
50075,99987
50076,99990
50077,99992
50078,99994
50079,99996
50080,99997
50081,99999
50082,100002
50083,100003
50084,100004
50085,100006
50086,100009
50087,100010
50088,100017
50089,100020
50090,100021
50091,100023
50092,100024
50093,100027
50094,100028
50095,100031
50096,100032
50097,100040
50098,100041
50099,100043
50100,100047
50101,100050
50102,100053
50103,100054
50104,100056
50105,100057
50106,100058
50107,100059
50108,100060
50109,100063
50110,100065
50111,100068
50112,100071
50113,100074
50114,100075
50115,100076
50116,100077
50117,100078
50118,100081
50119,100082
50120,100085
50121,100086
50122,100089
50123,100093
50124,100094
50125,100095
50126,100098
50127,100101
50128,100103
50129,100108
50130,100110
50131,100114
50132,100117
50133,100119
50134,100120
50135,100121
50136,100122
50137,100124
50138,100125
50139,100132
50140,100135
50141,100136
50142,100137
50143,100139
50144,100142
50145,100143
50146,100144
50147,100145
50148,100147
50149,100150
50150,100151
50151,100152
50152,100153
50153,100157
50154,100159
50155,100160
50156,100162
50157,100164
50158,100168
50159,100170
50160,100173
50161,100175
50162,100176
50163,100179
50164,100180
50165,100181
50166,100182
50167,100186
50168,100187
50169,100189
50170,100190
50171,100194
50172,100196
50173,100198
50174,100199
50175,100200
50176,100201
50177,100205
50178,100206
50179,100207
50180,100209
50181,100211
50182,100213
50183,100215
50184,100216
50185,100217
50186,100218
50187,100219
50188,100220
50189,100221
50190,100222
50191,100223
50192,100225
50193,100229
50194,100230
50195,100233
50196,100236
50197,100237
50198,100238
50199,100240
50200,100241
50201,100243
50202,100247
50203,100248
50204,100250
50205,100251
50206,100252
50207,100253
50208,100257
50209,100258
50210,100259
50211,100260
50212,100261
50213,100262
50214,100265
50215,100267
50216,100269
50217,100271
50218,100272
50219,100273
50220,100274
50221,100276
50222,100277
50223,100278
50224,100280
50225,100282
50226,100283
50227,100285
50228,100286
50229,100287
50230,100288
50231,100289
50232,100291
50233,100295
50234,100299
50235,100300
50236,100303
50237,100307
50238,100308
50239,100309
50240,100313
50241,100316
50242,100318
50243,100319
50244,100320
50245,100321
50246,100322
50247,100323
50248,100325
50249,100327
50250,100329
50251,100330
50252,100331
50253,100336
50254,100337
50255,100338
50256,100341
50257,100342
50258,100343
50259,100344
50260,100346
50261,100347
50262,100349
50263,100352
50264,100354
50265,100355
50266,100356
50267,100359
50268,100360
50269,100361
50270,100362
50271,100366
50272,100367
50273,100368
50274,100371
50275,100372
50276,100375
50277,100376
50278,100377
50279,100378
50280,100380
50281,100386
50282,100387
50283,100389
50284,100395
50285,100396
50286,100401
50287,100403
50288,100407
50289,100409
50290,100412
50291,100415
50292,100416
50293,100423
50294,100424
50295,100425
50296,100429
50297,100431
50298,100433
50299,100436
50300,100437
50301,100439
50302,100441
50303,100442
50304,100443
50305,100444
50306,100445
50307,100446
50308,100447
50309,100449
50310,100457
50311,100459
50312,100460
50313,100465
50314,100469
50315,100472
50316,100473
50317,100477
50318,100480
50319,100482
50320,100484
50321,100485
50322,100486
50323,100487
50324,100488
50325,100491
50326,100493
50327,100495
50328,100496
50329,100497
50330,100498
50331,100501
50332,100503
50333,100504
50334,100505
50335,100506
50336,100511
50337,100513
50338,100515
50339,100516
50340,100522
50341,100525
50342,100528
50343,100529
50344,100530
50345,100531
50346,100532
50347,100533
50348,100535
50349,100536
50350,100545
50351,100546
50352,100548
50353,100549
50354,100554
50355,100555
50356,100556
50357,100557
50358,100561
50359,100562
50360,100563
50361,100564
50362,100566
50363,100567
50364,100571
50365,100573
50366,100574
50367,100575
50368,100577
50369,100579
50370,100583
50371,100584
50372,100585
50373,100586
50374,100587
50375,100589
50376,100592
50377,100593
50378,100594
50379,100597
50380,100598
50381,100599
50382,100604
50383,100605
50384,100607
50385,100609
50386,100610
50387,100611
50388,100613
50389,100619
50390,100620
50391,100622
50392,100624
50393,100627
50394,100628
50395,100631
50396,100632
50397,100634
50398,100635
50399,100636
50400,100637
50401,100639
50402,100640
50403,100642
50404,100643
50405,100644
50406,100645
50407,100647
50408,100648
50409,100649
50410,100652
50411,100653
50412,100656
50413,100657
50414,100658
50415,100665
50416,100667
50417,100669
50418,100671
50419,100672
50420,100673
50421,100675
50422,100676
50423,100679
50424,100681
50425,100683
50426,100684
50427,100690
50428,100692
50429,100693
50430,100696
50431,100698
50432,100703
50433,100708
50434,100709
50435,100710
50436,100712
50437,100713
50438,100714
50439,100715
50440,100721
50441,100724
50442,100727
50443,100729
50444,100730
50445,100731
50446,100732
50447,100734
50448,100735
50449,100738
50450,100739
50451,100741
50452,100742
50453,100744
50454,100746
50455,100748
50456,100750
50457,100754
50458,100756
50459,100757
50460,100758
50461,100759
50462,100761
50463,100767
50464,100769
50465,100772
50466,100777
50467,100778
50468,100781
50469,100784
50470,100786
50471,100790
50472,100792
50473,100793
50474,100794
50475,100795
50476,100796
50477,100798
50478,100799
50479,100800
50480,100802
50481,100803
50482,100805
50483,100806
50484,100808
50485,100809
50486,100812
50487,100814
50488,100816
50489,100817
50490,100820
50491,100821
50492,100822
50493,100823
50494,100826
50495,100827
50496,100831
50497,100835
50498,100838
50499,100839
50500,100840
50501,100841
50502,100843
50503,100844
50504,100845
50505,100847
50506,100848
50507,100849
50508,100850
50509,100855
50510,100856
50511,100857
50512,100858
50513,100860
50514,100862
50515,100863
50516,100864
50517,100867
50518,100868
50519,100870
50520,100871
50521,100872
50522,100873
50523,100876
50524,100877
50525,100878
50526,100879
50527,100880
50528,100881
50529,100883
50530,100884
50531,100885
50532,100891
50533,100893
50534,100896
50535,100897
50536,100899
50537,100902
50538,100903
50539,100904
50540,100906
50541,100907
50542,100908
50543,100909
50544,100910
50545,100912
50546,100914
50547,100916
50548,100917
50549,100918
50550,100919
50551,100920
50552,100921
50553,100923
50554,100925
50555,100927
50556,100932
50557,100934
50558,100935
50559,100936
50560,100938
50561,100939
50562,100943
50563,100948
50564,100951
50565,100953
50566,100955
50567,100957
50568,100960
50569,100961
50570,100963
50571,100964
50572,100965
50573,100967
50574,100969
50575,100972
50576,100974
50577,100977
50578,100978
50579,100980
50580,100989
50581,100991
50582,100995
50583,100996
50584,100999
50585,101003
50586,101004
50587,101005
50588,101006
50589,101010
50590,101012
50591,101013
50592,101016
50593,101017
50594,101018
50595,101019
50596,101022
50597,101024
50598,101025
50599,101026
50600,101027
50601,101029
50602,101032
50603,101036
50604,101037
50605,101038
50606,101040
50607,101045
50608,101046
50609,101047
50610,101049
50611,101051
50612,101054
50613,101055
50614,101056
50615,101058
50616,101059
50617,101061
50618,101062
50619,101063
50620,101066
50621,101067
50622,101069
50623,101071
50624,101073
50625,101075
50626,101078
50627,101079
50628,101082
50629,101083
50630,101084
50631,101088
50632,101089
50633,101094
50634,101095
50635,101096
50636,101098
50637,101099
50638,101100
50639,101102
50640,101106
50641,101107
50642,101108
50643,101111
50644,101112
50645,101113
50646,101115
50647,101116
50648,101117
50649,101118
50650,101120
50651,101122
50652,101126
50653,101131
50654,101132
50655,101134
50656,101135
50657,101141
50658,101142
50659,101143
50660,101144
50661,101145
50662,101148
50663,101149
50664,101154
50665,101156
50666,101160
50667,101166
50668,101167
50669,101168
50670,101169
50671,101173
50672,101174
50673,101176
50674,101177
50675,101178
50676,101179
50677,101182
50678,101183
50679,101184
50680,101185
50681,101187
50682,101189
50683,101192
50684,101195
50685,101198
50686,101199
50687,101200
50688,101201
50689,101203
50690,101204
50691,101209
50692,101211
50693,101212
50694,101214
50695,101219
50696,101220
50697,101222
50698,101223
50699,101225
50700,101226
50701,101227
50702,101229
50703,101230
50704,101232
50705,101233
50706,101237
50707,101240
50708,101245
50709,101247
50710,101248
50711,101250
50712,101251
50713,101259
50714,101260
50715,101264
50716,101266
50717,101267
50718,101268
50719,101269
50720,101271
50721,101273
50722,101274
50723,101277
50724,101280
50725,101281
50726,101282
50727,101284
50728,101285
50729,101286
50730,101289
50731,101291
50732,101293
50733,101294
50734,101295
50735,101296
50736,101297
50737,101298
50738,101299
50739,101303
50740,101306
50741,101307
50742,101311
50743,101312
50744,101314
50745,101315
50746,101318
50747,101320
50748,101321
50749,101322
50750,101324
50751,101325
50752,101326
50753,101327
50754,101330
50755,101332
50756,101333
50757,101336
50758,101339
50759,101340
50760,101342
50761,101343
50762,101345
50763,101346
50764,101347
50765,101349
50766,101351
50767,101353
50768,101355
50769,101357
50770,101359
50771,101360
50772,101362
50773,101363
50774,101364
50775,101365
50776,101368
50777,101371
50778,101372
50779,101377
50780,101381
50781,101383
50782,101384
50783,101385
50784,101387
50785,101388
50786,101389
50787,101391
50788,101392
50789,101394
50790,101395
50791,101397
50792,101400
50793,101401
50794,101403
50795,101404
50796,101406
50797,101407
50798,101415
50799,101419
50800,101420
50801,101422
50802,101424
50803,101426
50804,101428
50805,101431
50806,101432
50807,101433
50808,101435
50809,101437
50810,101441
50811,101442
50812,101443
50813,101445
50814,101446
50815,101449
50816,101451
50817,101454
50818,101455
50819,101456
50820,101457
50821,101458
50822,101459
50823,101462
50824,101463
50825,101464
50826,101465
50827,101467
50828,101468
50829,101469
50830,101470
50831,101471
50832,101473
50833,101474
50834,101477
50835,101478
50836,101479
50837,101482
50838,101483
50839,101484
50840,101486
50841,101487
50842,101488
50843,101490
50844,101491
50845,101492
50846,101495
50847,101496
50848,101498
50849,101500
50850,101501
50851,101502
50852,101505
50853,101506
50854,101510
50855,101512
50856,101514
50857,101515
50858,101516
50859,101518
50860,101519
50861,101521
50862,101522
50863,101524
50864,101525
50865,101526
50866,101527
50867,101529
50868,101531
50869,101533
50870,101538
50871,101540
50872,101543
50873,101544
50874,101545
50875,101549
50876,101550
50877,101551
50878,101553
50879,101556
50880,101558
50881,101559
50882,101561
50883,101562
50884,101563
50885,101564
50886,101566
50887,101567
50888,101568
50889,101569
50890,101572
50891,101575
50892,101578
50893,101579
50894,101580
50895,101582
50896,101583
50897,101584
50898,101585
50899,101588
50900,101590
50901,101592
50902,101593
50903,101594
50904,101595
50905,101596
50906,101599
50907,101602
50908,101603
50909,101605
50910,101606
50911,101607
50912,101608
50913,101609
50914,101611
50915,101612
50916,101613
50917,101615
50918,101616
50919,101619
50920,101620
50921,101621
50922,101625
50923,101627
50924,101629
50925,101630
50926,101631
50927,101632
50928,101639
50929,101641
50930,101642
50931,101644
50932,101645
50933,101649
50934,101650
50935,101652
50936,101653
50937,101654
50938,101655
50939,101656
50940,101660
50941,101661
50942,101662
50943,101668
50944,101670
50945,101671
50946,101677
50947,101678
50948,101679
50949,101680
50950,101681
50951,101683
50952,101686
50953,101687
50954,101690
50955,101693
50956,101699
50957,101700
50958,101702
50959,101703
50960,101709
50961,101710
50962,101711
50963,101713
50964,101716
50965,101718
50966,101719
50967,101721
50968,101722
50969,101723
50970,101728
50971,101730
50972,101731
50973,101733
50974,101738
50975,101739
50976,101740
50977,101741
50978,101744
50979,101748
50980,101750
50981,101752
50982,101753
50983,101754
50984,101755
50985,101757
50986,101758
50987,101761
50988,101762
50989,101770
50990,101772
50991,101775
50992,101778
50993,101781
50994,101783
50995,101785
50996,101787
50997,101790
50998,101791
50999,101798
51000,101803
51001,101804
51002,101805
51003,101806
51004,101807
51005,101809
51006,101812
51007,101813
51008,101816
51009,101817
51010,101822
51011,101823
51012,101825
51013,101828
51014,101833
51015,101835
51016,101837
51017,101840
51018,101842
51019,101844
51020,101845
51021,101847
51022,101850
51023,101851
51024,101852
51025,101854
51026,101855
51027,101856
51028,101858
51029,101860
51030,101862
51031,101863
51032,101864
51033,101865
51034,101868
51035,101869
51036,101870
51037,101871
51038,101872
51039,101873
51040,101880
51041,101881
51042,101883
51043,101889
51044,101890
51045,101893
51046,101894
51047,101895
51048,101896
51049,101898
51050,101899
51051,101900
51052,101902
51053,101905
51054,101907
51055,101908
51056,101909
51057,101910
51058,101911
51059,101913
51060,101914
51061,101916
51062,101917
51063,101919
51064,101920
51065,101924
51066,101927
51067,101938
51068,101939
51069,101940
51070,101943
51071,101946
51072,101949
51073,101951
51074,101952
51075,101953
51076,101957
51077,101960
51078,101962
51079,101965
51080,101966
51081,101967
51082,101968
51083,101970
51084,101971
51085,101973
51086,101977
51087,101979
51088,101980
51089,101981
51090,101982
51091,101986
51092,101987
51093,101988
51094,101990
51095,101991
51096,101992
51097,101994
51098,101995
51099,101996
51100,101998
51101,101999
51102,102001
51103,102003
51104,102007
51105,102008
51106,102009
51107,102013
51108,102016
51109,102017
51110,102019
51111,102020
51112,102022
51113,102023
51114,102024
51115,102025
51116,102030
51117,102031
51118,102036
51119,102037
51120,102039
51121,102046
51122,102047
51123,102050
51124,102052
51125,102053
51126,102056
51127,102059
51128,102060
51129,102064
51130,102066
51131,102067
51132,102069
51133,102074
51134,102075
51135,102076
51136,102078
51137,102079
51138,102080
51139,102084
51140,102086
51141,102090
51142,102091
51143,102092
51144,102093
51145,102095
51146,102099
51147,102100
51148,102101
51149,102102
51150,102113
51151,102115
51152,102116
51153,102117
51154,102118
51155,102119
51156,102120
51157,102121
51158,102122
51159,102124
51160,102125
51161,102127
51162,102128
51163,102129
51164,102130
51165,102136
51166,102137
51167,102138
51168,102140
51169,102141
51170,102144
51171,102145
51172,102149
51173,102150
51174,102152
51175,102154
51176,102156
51177,102161
51178,102163
51179,102164
51180,102165
51181,102166
51182,102167
51183,102168
51184,102169
51185,102171
51186,102175
51187,102176
51188,102178
51189,102179
51190,102181
51191,102182
51192,102186
51193,102188
51194,102189
51195,102192
51196,102194
51197,102196
51198,102197
51199,102199
51200,102201
51201,102202
51202,102204
51203,102206
51204,102208
51205,102214
51206,102216
51207,102217
51208,102218
51209,102223
51210,102224
51211,102227
51212,102228
51213,102229
51214,102231
51215,102232
51216,102235
51217,102236
51218,102242
51219,102243
51220,102244
51221,102245
51222,102246
51223,102249
51224,102250
51225,102255
51226,102256
51227,102258
51228,102259
51229,102261
51230,102262
51231,102263
51232,102264
51233,102267
51234,102268
51235,102273
51236,102274
51237,102278
51238,102280
51239,102281
51240,102285
51241,102288
51242,102289
51243,102291
51244,102295
51245,102300
51246,102302
51247,102303
51248,102308
51249,102309
51250,102312
51251,102315
51252,102317
51253,102318
51254,102319
51255,102320
51256,102323
51257,102327
51258,102330
51259,102332
51260,102333
51261,102334
51262,102335
51263,102339
51264,102340
51265,102341
51266,102344
51267,102345
51268,102346
51269,102348
51270,102349
51271,102350
51272,102352
51273,102355
51274,102356
51275,102357
51276,102358
51277,102359
51278,102360
51279,102361
51280,102362
51281,102363
51282,102367
51283,102370
51284,102371
51285,102372
51286,102375
51287,102378
51288,102379
51289,102380
51290,102381
51291,102382
51292,102383
51293,102385
51294,102387
51295,102389
51296,102392
51297,102393
51298,102397
51299,102399
51300,102401
51301,102403
51302,102405
51303,102406
51304,102409
51305,102411
51306,102413
51307,102414
51308,102415
51309,102417
51310,102420
51311,102424
51312,102428
51313,102429
51314,102433
51315,102435
51316,102436
51317,102437
51318,102438
51319,102442
51320,102443
51321,102444
51322,102445
51323,102446
51324,102447
51325,102448
51326,102455
51327,102456
51328,102457
51329,102458
51330,102462
51331,102464
51332,102465
51333,102467
51334,102468
51335,102469
51336,102473
51337,102478
51338,102481
51339,102482
51340,102484
51341,102486
51342,102491
51343,102492
51344,102494
51345,102495
51346,102496
51347,102498
51348,102500
51349,102503
51350,102504
51351,102511
51352,102515
51353,102516
51354,102517
51355,102523
51356,102524
51357,102526
51358,102527
51359,102530
51360,102538
51361,102544
51362,102545
51363,102546
51364,102547
51365,102548
51366,102552
51367,102553
51368,102555
51369,102556
51370,102557
51371,102561
51372,102562
51373,102564
51374,102565
51375,102566
51376,102567
51377,102568
51378,102572
51379,102573
51380,102576
51381,102577
51382,102578
51383,102579
51384,102583
51385,102584
51386,102585
51387,102586
51388,102589
51389,102590
51390,102591
51391,102592
51392,102594
51393,102596
51394,102598
51395,102599
51396,102600
51397,102601
51398,102603
51399,102604
51400,102605
51401,102616
51402,102617
51403,102618
51404,102619
51405,102620
51406,102623
51407,102625
51408,102626
51409,102627
51410,102628
51411,102629
51412,102633
51413,102636
51414,102637
51415,102638
51416,102641
51417,102642
51418,102648
51419,102652
51420,102658
51421,102660
51422,102662
51423,102664
51424,102665
51425,102667
51426,102671
51427,102682
51428,102688
51429,102689
51430,102690
51431,102691
51432,102693
51433,102694
51434,102695
51435,102696
51436,102697
51437,102699
51438,102704
51439,102705
51440,102706
51441,102708
51442,102710
51443,102712
51444,102714
51445,102715
51446,102718
51447,102719
51448,102720
51449,102721
51450,102722
51451,102723
51452,102725
51453,102726
51454,102727
51455,102728
51456,102730
51457,102731
51458,102734
51459,102735
51460,102736
51461,102737
51462,102738
51463,102740
51464,102741
51465,102743
51466,102744
51467,102750
51468,102751
51469,102753
51470,102754
51471,102760
51472,102761
51473,102764
51474,102768
51475,102769
51476,102774
51477,102775
51478,102777
51479,102778
51480,102781
51481,102785
51482,102786
51483,102787
51484,102789
51485,102790
51486,102791
51487,102792
51488,102795
51489,102796
51490,102804
51491,102809
51492,102810
51493,102811
51494,102812
51495,102813
51496,102815
51497,102818
51498,102819
51499,102822
51500,102827
51501,102830
51502,102831
51503,102837
51504,102838
51505,102842
51506,102847
51507,102849
51508,102853
51509,102854
51510,102856
51511,102858
51512,102859
51513,102860
51514,102864
51515,102866
51516,102870
51517,102871
51518,102877
51519,102878
51520,102879
51521,102881
51522,102883
51523,102884
51524,102889
51525,102891
51526,102893
51527,102897
51528,102898
51529,102903
51530,102905
51531,102910
51532,102914
51533,102916
51534,102917
51535,102919
51536,102921
51537,102925
51538,102929
51539,102931
51540,102932
51541,102933
51542,102934
51543,102936
51544,102937
51545,102940
51546,102941
51547,102945
51548,102947
51549,102948
51550,102950
51551,102951
51552,102952
51553,102953
51554,102955
51555,102956
51556,102960
51557,102962
51558,102966
51559,102967
51560,102968
51561,102972
51562,102977
51563,102978
51564,102979
51565,102980
51566,102983
51567,102984
51568,102986
51569,102987
51570,102988
51571,102990
51572,102992
51573,102993
51574,102996
51575,102998
51576,102999
51577,103000
51578,103001
51579,103003
51580,103004
51581,103005
51582,103006
51583,103008
51584,103009
51585,103010
51586,103011
51587,103016
51588,103017
51589,103019
51590,103021
51591,103022
51592,103026
51593,103028
51594,103029
51595,103030
51596,103032
51597,103034
51598,103035
51599,103038
51600,103041
51601,103042
51602,103043
51603,103047
51604,103052
51605,103053
51606,103054
51607,103056
51608,103059
51609,103060
51610,103062
51611,103065
51612,103066
51613,103069
51614,103070
51615,103071
51616,103076
51617,103077
51618,103078
51619,103079
51620,103080
51621,103082
51622,103083
51623,103089
51624,103092
51625,103093
51626,103096
51627,103097
51628,103098
51629,103099
51630,103102
51631,103106
51632,103107
51633,103108
51634,103110
51635,103111
51636,103113
51637,103115
51638,103117
51639,103118
51640,103121
51641,103124
51642,103125
51643,103126
51644,103128
51645,103129
51646,103132
51647,103134
51648,103136
51649,103137
51650,103138
51651,103139
51652,103140
51653,103141
51654,103144
51655,103146
51656,103159
51657,103161
51658,103169
51659,103170
51660,103172
51661,103176
51662,103178
51663,103179
51664,103181
51665,103182
51666,103184
51667,103186
51668,103190
51669,103191
51670,103194
51671,103196
51672,103198
51673,103199
51674,103200
51675,103202
51676,103203
51677,103204
51678,103207
51679,103208
51680,103209
51681,103212
51682,103219
51683,103221
51684,103222
51685,103223
51686,103224
51687,103230
51688,103231
51689,103233
51690,103235
51691,103238
51692,103239
51693,103240
51694,103244
51695,103245
51696,103247
51697,103249
51698,103252
51699,103256
51700,103258
51701,103263
51702,103265
51703,103271
51704,103274
51705,103277
51706,103279
51707,103282
51708,103284
51709,103287
51710,103288
51711,103292
51712,103293
51713,103298
51714,103299
51715,103302
51716,103306
51717,103308
51718,103309
51719,103312
51720,103314
51721,103315
51722,103316
51723,103317
51724,103321
51725,103323
51726,103324
51727,103326
51728,103330
51729,103331
51730,103332
51731,103333
51732,103334
51733,103335
51734,103336
51735,103341
51736,103345
51737,103346
51738,103348
51739,103355
51740,103356
51741,103357
51742,103358
51743,103361
51744,103364
51745,103367
51746,103368
51747,103369
51748,103370
51749,103372
51750,103376
51751,103377
51752,103381
51753,103382
51754,103383
51755,103384
51756,103385
51757,103386
51758,103387
51759,103388
51760,103389
51761,103391
51762,103393
51763,103396
51764,103400
51765,103401
51766,103404
51767,103408
51768,103409
51769,103412
51770,103413
51771,103415
51772,103416
51773,103418
51774,103422
51775,103424
51776,103425
51777,103427
51778,103428
51779,103429
51780,103430
51781,103432
51782,103434
51783,103436
51784,103437
51785,103440
51786,103442
51787,103443
51788,103445
51789,103446
51790,103448
51791,103450
51792,103452
51793,103456
51794,103457
51795,103461
51796,103462
51797,103463
51798,103464
51799,103466
51800,103467
51801,103469
51802,103471
51803,103475
51804,103479
51805,103480
51806,103481
51807,103482
51808,103483
51809,103487
51810,103488
51811,103491
51812,103493
51813,103494
51814,103496
51815,103499
51816,103500
51817,103503
51818,103504
51819,103505
51820,103506
51821,103510
51822,103511
51823,103513
51824,103514
51825,103516
51826,103519
51827,103520
51828,103523
51829,103524
51830,103526
51831,103527
51832,103528
51833,103530
51834,103533
51835,103539
51836,103541
51837,103542
51838,103544
51839,103546
51840,103547
51841,103548
51842,103549
51843,103550
51844,103552
51845,103556
51846,103557
51847,103558
51848,103560
51849,103562
51850,103564
51851,103566
51852,103567
51853,103568
51854,103571
51855,103572
51856,103574
51857,103575
51858,103578
51859,103579
51860,103580
51861,103582
51862,103583
51863,103584
51864,103585
51865,103586
51866,103589
51867,103593
51868,103595
51869,103596
51870,103598
51871,103605
51872,103608
51873,103609
51874,103611
51875,103613
51876,103614
51877,103615
51878,103618
51879,103619
51880,103620
51881,103621
51882,103622
51883,103623
51884,103624
51885,103627
51886,103631
51887,103633
51888,103634
51889,103638
51890,103642
51891,103646
51892,103647
51893,103648
51894,103650
51895,103651
51896,103652
51897,103653
51898,103654
51899,103655
51900,103656
51901,103658
51902,103664
51903,103665
51904,103666
51905,103667
51906,103669
51907,103672
51908,103674
51909,103675
51910,103676
51911,103677
51912,103678
51913,103680
51914,103681
51915,103682
51916,103683
51917,103687
51918,103690
51919,103691
51920,103693
51921,103694
51922,103696
51923,103697
51924,103699
51925,103700
51926,103701
51927,103702
51928,103704
51929,103706
51930,103707
51931,103709
51932,103711
51933,103712
51934,103714
51935,103718
51936,103720
51937,103723
51938,103725
51939,103727
51940,103728
51941,103729
51942,103732
51943,103735
51944,103743
51945,103744
51946,103746
51947,103747
51948,103748
51949,103752
51950,103753
51951,103757
51952,103758
51953,103765
51954,103770
51955,103772
51956,103773
51957,103774
51958,103775
51959,103776
51960,103778
51961,103779
51962,103780
51963,103785
51964,103789
51965,103791
51966,103792
51967,103794
51968,103795
51969,103799
51970,103800
51971,103803
51972,103805
51973,103806
51974,103807
51975,103809
51976,103811
51977,103812
51978,103816
51979,103817
51980,103818
51981,103821
51982,103823
51983,103827
51984,103828
51985,103830
51986,103831
51987,103832
51988,103833
51989,103835
51990,103838
51991,103839
51992,103841
51993,103842
51994,103843
51995,103845
51996,103847
51997,103848
51998,103852
51999,103853
52000,103856
52001,103857
52002,103858
52003,103859
52004,103860
52005,103862
52006,103864
52007,103866
52008,103867
52009,103868
52010,103869
52011,103870
52012,103875
52013,103877
52014,103879
52015,103883
52016,103884
52017,103886
52018,103888
52019,103889
52020,103890
52021,103894
52022,103896
52023,103897
52024,103899
52025,103900
52026,103901
52027,103903
52028,103904
52029,103905
52030,103906
52031,103907
52032,103908
52033,103910
52034,103911
52035,103912
52036,103916
52037,103918
52038,103919
52039,103922
52040,103923
52041,103926
52042,103927
52043,103929
52044,103930
52045,103931
52046,103932
52047,103933
52048,103937
52049,103938
52050,103939
52051,103940
52052,103941
52053,103942
52054,103946
52055,103947
52056,103948
52057,103949
52058,103950
52059,103951
52060,103953
52061,103954
52062,103956
52063,103958
52064,103960
52065,103961
52066,103964
52067,103968
52068,103971
52069,103972
52070,103973
52071,103974
52072,103975
52073,103978
52074,103979
52075,103980
52076,103983
52077,103989
52078,103991
52079,103993
52080,103995
52081,103997
52082,103999
52083,104000
52084,104002
52085,104003
52086,104004
52087,104005
52088,104006
52089,104012
52090,104013
52091,104015
52092,104016
52093,104018
52094,104020
52095,104021
52096,104023
52097,104026
52098,104027
52099,104028
52100,104029
52101,104033
52102,104037
52103,104038
52104,104040
52105,104044
52106,104045
52107,104046
52108,104047
52109,104050
52110,104055
52111,104057
52112,104058
52113,104059
52114,104060
52115,104061
52116,104062
52117,104064
52118,104067
52119,104069
52120,104070
52121,104072
52122,104075
52123,104077
52124,104078
52125,104079
52126,104081
52127,104082
52128,104084
52129,104086
52130,104087
52131,104091
52132,104092
52133,104095
52134,104097
52135,104098
52136,104100
52137,104101
52138,104103
52139,104104
52140,104107
52141,104109
52142,104111
52143,104112
52144,104114
52145,104115
52146,104116
52147,104118
52148,104119
52149,104123
52150,104124
52151,104126
52152,104129
52153,104131
52154,104133
52155,104136
52156,104138
52157,104140
52158,104142
52159,104143
52160,104146
52161,104147
52162,104149
52163,104151
52164,104152
52165,104156
52166,104157
52167,104158
52168,104163
52169,104164
52170,104166
52171,104169
52172,104171
52173,104174
52174,104175
52175,104178
52176,104179
52177,104180
52178,104182
52179,104183
52180,104184
52181,104185
52182,104188
52183,104190
52184,104193
52185,104195
52186,104196
52187,104197
52188,104198
52189,104199
52190,104203
52191,104204
52192,104205
52193,104206
52194,104208
52195,104209
52196,104212
52197,104216
52198,104219
52199,104221
52200,104223
52201,104225
52202,104226
52203,104230
52204,104231
52205,104232
52206,104233
52207,104234
52208,104236
52209,104238
52210,104239
52211,104240
52212,104242
52213,104243
52214,104245
52215,104246
52216,104247
52217,104249
52218,104250
52219,104252
52220,104254
52221,104256
52222,104258
52223,104266
52224,104267
52225,104268
52226,104272
52227,104273
52228,104275
52229,104276
52230,104277
52231,104278
52232,104281
52233,104286
52234,104287
52235,104288
52236,104290
52237,104291
52238,104293
52239,104294
52240,104296
52241,104297
52242,104298
52243,104300
52244,104301
52245,104302
52246,104303
52247,104304
52248,104308
52249,104309
52250,104311
52251,104313
52252,104314
52253,104317
52254,104319
52255,104320
52256,104324
52257,104326
52258,104327
52259,104330
52260,104331
52261,104332
52262,104333
52263,104334
52264,104335
52265,104336
52266,104337
52267,104339
52268,104342
52269,104343
52270,104344
52271,104345
52272,104348
52273,104349
52274,104350
52275,104352
52276,104355
52277,104356
52278,104357
52279,104361
52280,104362
52281,104367
52282,104370
52283,104371
52284,104374
52285,104377
52286,104378
52287,104381
52288,104382
52289,104384
52290,104385
52291,104388
52292,104389
52293,104390
52294,104392
52295,104393
52296,104394
52297,104397
52298,104398
52299,104400
52300,104401
52301,104402
52302,104404
52303,104405
52304,104407
52305,104408
52306,104410
52307,104413
52308,104416
52309,104417
52310,104419
52311,104422
52312,104423
52313,104426
52314,104427
52315,104428
52316,104429
52317,104430
52318,104431
52319,104434
52320,104435
52321,104438
52322,104439
52323,104440
52324,104441
52325,104442
52326,104443
52327,104445
52328,104448
52329,104451
52330,104453
52331,104455
52332,104458
52333,104459
52334,104461
52335,104464
52336,104467
52337,104468
52338,104471
52339,104475
52340,104476
52341,104478
52342,104480
52343,104483
52344,104484
52345,104486
52346,104487
52347,104489
52348,104490
52349,104491
52350,104500
52351,104501
52352,104502
52353,104506
52354,104508
52355,104510
52356,104511
52357,104514
52358,104516
52359,104517
52360,104520
52361,104521
52362,104522
52363,104523
52364,104524
52365,104527
52366,104528
52367,104530
52368,104532
52369,104534
52370,104537
52371,104547
52372,104549
52373,104551
52374,104552
52375,104554
52376,104560
52377,104562
52378,104564
52379,104569
52380,104570
52381,104571
52382,104572
52383,104575
52384,104578
52385,104581
52386,104586
52387,104588
52388,104591
52389,104592
52390,104593
52391,104595
52392,104603
52393,104604
52394,104605
52395,104606
52396,104609
52397,104610
52398,104611
52399,104613
52400,104614
52401,104615
52402,104617
52403,104620
52404,104622
52405,104624
52406,104627
52407,104628
52408,104629
52409,104631
52410,104633
52411,104634
52412,104636
52413,104637
52414,104639
52415,104640
52416,104642
52417,104643
52418,104644
52419,104646
52420,104648
52421,104649
52422,104650
52423,104657
52424,104658
52425,104660
52426,104661
52427,104663
52428,104664
52429,104666
52430,104667
52431,104669
52432,104673
52433,104675
52434,104676
52435,104678
52436,104683
52437,104685
52438,104687
52439,104688
52440,104690
52441,104692
52442,104694
52443,104695
52444,104696
52445,104697
52446,104698
52447,104699
52448,104701
52449,104704
52450,104708
52451,104709
52452,104711
52453,104712
52454,104713
52455,104715
52456,104716
52457,104717
52458,104718
52459,104720
52460,104724
52461,104727
52462,104728
52463,104729
52464,104731
52465,104732
52466,104737
52467,104740
52468,104741
52469,104742
52470,104745
52471,104747
52472,104748
52473,104750
52474,104753
52475,104754
52476,104756
52477,104760
52478,104762
52479,104764
52480,104769
52481,104776
52482,104777
52483,104783
52484,104784
52485,104786
52486,104788
52487,104789
52488,104792
52489,104793
52490,104795
52491,104797
52492,104801
52493,104802
52494,104804
52495,104805
52496,104806
52497,104807
52498,104809
52499,104815
52500,104816
52501,104819
52502,104821
52503,104822
52504,104823
52505,104824
52506,104827
52507,104829
52508,104830
52509,104831
52510,104832
52511,104833
52512,104834
52513,104835
52514,104836
52515,104837
52516,104839
52517,104842
52518,104844
52519,104845
52520,104846
52521,104849
52522,104850
52523,104851
52524,104853
52525,104856
52526,104859
52527,104863
52528,104865
52529,104867
52530,104868
52531,104869
52532,104870
52533,104872
52534,104875
52535,104876
52536,104878
52537,104879
52538,104882
52539,104884
52540,104885
52541,104888
52542,104889
52543,104890
52544,104892
52545,104894
52546,104896
52547,104897
52548,104899
52549,104900
52550,104901
52551,104903
52552,104904
52553,104906
52554,104908
52555,104911
52556,104915
52557,104917
52558,104919
52559,104924
52560,104926
52561,104927
52562,104929
52563,104932
52564,104933
52565,104934
52566,104936
52567,104937
52568,104938
52569,104939
52570,104941
52571,104943
52572,104945
52573,104946
52574,104947
52575,104950
52576,104954
52577,104957
52578,104958
52579,104959
52580,104961
52581,104962
52582,104963
52583,104966
52584,104968
52585,104971
52586,104972
52587,104973
52588,104975
52589,104976
52590,104977
52591,104978
52592,104979
52593,104981
52594,104982
52595,104983
52596,104986
52597,104987
52598,104992
52599,104993
52600,104996
52601,104997
52602,104998
52603,105000
52604,105002
52605,105007
52606,105008
52607,105009
52608,105010
52609,105011
52610,105015
52611,105016
52612,105017
52613,105020
52614,105021
52615,105022
52616,105024
52617,105030
52618,105031
52619,105032
52620,105033
52621,105034
52622,105038
52623,105039
52624,105042
52625,105043
52626,105044
52627,105045
52628,105046
52629,105047
52630,105048
52631,105049
52632,105052
52633,105053
52634,105056
52635,105057
52636,105058
52637,105059
52638,105060
52639,105061
52640,105063
52641,105064
52642,105066
52643,105068
52644,105069
52645,105072
52646,105073
52647,105074
52648,105075
52649,105077
52650,105082
52651,105084
52652,105085
52653,105086
52654,105087
52655,105091
52656,105094
52657,105097
52658,105098
52659,105099
52660,105103
52661,105106
52662,105107
52663,105108
52664,105111
52665,105113
52666,105114
52667,105115
52668,105120
52669,105121
52670,105125
52671,105126
52672,105127
52673,105128
52674,105132
52675,105134
52676,105135
52677,105136
52678,105137
52679,105138
52680,105146
52681,105148
52682,105149
52683,105152
52684,105154
52685,105156
52686,105159
52687,105161
52688,105163
52689,105165
52690,105169
52691,105172
52692,105174
52693,105175
52694,105176
52695,105178
52696,105180
52697,105187
52698,105189
52699,105191
52700,105193
52701,105194
52702,105196
52703,105199
52704,105201
52705,105205
52706,105206
52707,105207
52708,105210
52709,105215
52710,105216
52711,105220
52712,105221
52713,105222
52714,105223
52715,105224
52716,105227
52717,105228
52718,105231
52719,105232
52720,105234
52721,105235
52722,105238
52723,105239
52724,105242
52725,105243
52726,105244
52727,105245
52728,105246
52729,105248
52730,105250
52731,105251
52732,105252
52733,105262
52734,105264
52735,105265
52736,105266
52737,105267
52738,105268
52739,105269
52740,105271
52741,105272
52742,105274
52743,105275
52744,105276
52745,105277
52746,105279
52747,105280
52748,105283
52749,105284
52750,105285
52751,105288
52752,105289
52753,105291
52754,105293
52755,105295
52756,105296
52757,105297
52758,105299
52759,105301
52760,105303
52761,105307
52762,105308
52763,105314
52764,105316
52765,105317
52766,105319
52767,105320
52768,105323
52769,105324
52770,105326
52771,105328
52772,105329
52773,105330
52774,105331
52775,105333
52776,105335
52777,105336
52778,105337
52779,105340
52780,105341
52781,105342
52782,105345
52783,105346
52784,105351
52785,105353
52786,105357
52787,105361
52788,105362
52789,105363
52790,105364
52791,105366
52792,105367
52793,105368
52794,105370
52795,105371
52796,105373
52797,105374
52798,105375
52799,105376
52800,105377
52801,105378
52802,105380
52803,105381
52804,105382
52805,105383
52806,105384
52807,105385
52808,105386
52809,105387
52810,105389
52811,105393
52812,105398
52813,105399
52814,105403
52815,105406
52816,105407
52817,105409
52818,105411
52819,105415
52820,105416
52821,105417
52822,105418
52823,105419
52824,105421
52825,105423
52826,105424
52827,105427
52828,105429
52829,105430
52830,105433
52831,105434
52832,105435
52833,105439
52834,105441
52835,105443
52836,105444
52837,105445
52838,105446
52839,105448
52840,105452
52841,105453
52842,105454
52843,105455
52844,105457
52845,105462
52846,105463
52847,105465
52848,105466
52849,105468
52850,105470
52851,105471
52852,105473
52853,105474
52854,105476
52855,105477
52856,105478
52857,105479
52858,105481
52859,105483
52860,105486
52861,105489
52862,105490
52863,105492
52864,105496
52865,105497
52866,105498
52867,105499
52868,105502
52869,105503
52870,105504
52871,105506
52872,105507
52873,105508
52874,105511
52875,105512
52876,105515
52877,105518
52878,105519
52879,105520
52880,105521
52881,105523
52882,105528
52883,105531
52884,105533
52885,105534
52886,105539
52887,105541
52888,105545
52889,105546
52890,105548
52891,105549
52892,105550
52893,105551
52894,105552
52895,105553
52896,105554
52897,105556
52898,105557
52899,105560
52900,105561
52901,105563
52902,105565
52903,105567
52904,105569
52905,105571
52906,105577
52907,105581
52908,105584
52909,105585
52910,105586
52911,105587
52912,105588
52913,105589
52914,105592
52915,105593
52916,105594
52917,105598
52918,105600
52919,105605
52920,105608
52921,105610
52922,105613
52923,105614
52924,105615
52925,105616
52926,105622
52927,105623
52928,105626
52929,105627
52930,105629
52931,105630
52932,105632
52933,105633
52934,105634
52935,105635
52936,105636
52937,105639
52938,105640
52939,105642
52940,105643
52941,105646
52942,105648
52943,105651
52944,105652
52945,105655
52946,105656
52947,105657
52948,105658
52949,105660
52950,105661
52951,105662
52952,105666
52953,105667
52954,105668
52955,105669
52956,105670
52957,105673
52958,105674
52959,105678
52960,105679
52961,105682
52962,105683
52963,105684
52964,105685
52965,105686
52966,105687
52967,105691
52968,105692
52969,105695
52970,105696
52971,105697
52972,105698
52973,105700
52974,105702
52975,105703
52976,105705
52977,105710
52978,105712
52979,105718
52980,105719
52981,105720
52982,105724
52983,105727
52984,105728
52985,105729
52986,105732
52987,105734
52988,105735
52989,105737
52990,105738
52991,105741
52992,105744
52993,105745
52994,105747
52995,105751
52996,105754
52997,105759
52998,105760
52999,105761
53000,105763
53001,105764
53002,105766
53003,105769
53004,105771
53005,105772
53006,105776
53007,105779
53008,105780
53009,105782
53010,105783
53011,105788
53012,105793
53013,105796
53014,105797
53015,105799
53016,105801
53017,105805
53018,105806
53019,105808
53020,105809
53021,105814
53022,105815
53023,105819
53024,105820
53025,105822
53026,105823
53027,105824
53028,105825
53029,105828
53030,105830
53031,105832
53032,105833
53033,105836
53034,105837
53035,105841
53036,105842
53037,105843
53038,105844
53039,105847
53040,105848
53041,105850
53042,105851
53043,105853
53044,105854
53045,105855
53046,105857
53047,105858
53048,105859
53049,105863
53050,105865
53051,105868
53052,105872
53053,105875
53054,105877
53055,105878
53056,105879
53057,105880
53058,105881
53059,105883
53060,105884
53061,105886
53062,105888
53063,105891
53064,105893
53065,105895
53066,105896
53067,105898
53068,105899
53069,105902
53070,105903
53071,105904
53072,105906
53073,105907
53074,105908
53075,105909
53076,105910
53077,105913
53078,105914
53079,105915
53080,105916
53081,105917
53082,105918
53083,105919
53084,105920
53085,105927
53086,105930
53087,105932
53088,105933
53089,105940
53090,105943
53091,105945
53092,105948
53093,105949
53094,105950
53095,105953
53096,105954
53097,105955
53098,105956
53099,105959
53100,105962
53101,105964
53102,105967
53103,105968
53104,105971
53105,105975
53106,105976
53107,105977
53108,105979
53109,105980
53110,105981
53111,105982
53112,105983
53113,105991
53114,105994
53115,105995
53116,105996
53117,105999
53118,106000
53119,106001
53120,106005
53121,106007
53122,106009
53123,106010
53124,106012
53125,106013
53126,106021
53127,106022
53128,106024
53129,106025
53130,106027
53131,106028
53132,106029
53133,106032
53134,106033
53135,106034
53136,106039
53137,106040
53138,106042
53139,106043
53140,106046
53141,106048
53142,106050
53143,106054
53144,106056
53145,106059
53146,106060
53147,106061
53148,106062
53149,106063
53150,106064
53151,106065
53152,106066
53153,106067
53154,106068
53155,106069
53156,106070
53157,106072
53158,106075
53159,106076
53160,106077
53161,106078
53162,106079
53163,106086
53164,106088
53165,106089
53166,106091
53167,106092
53168,106094
53169,106098
53170,106100
53171,106103
53172,106105
53173,106106
53174,106107
53175,106109
53176,106111
53177,106113
53178,106114
53179,106115
53180,106116
53181,106117
53182,106118
53183,106119
53184,106120
53185,106121
53186,106122
53187,106123
53188,106124
53189,106125
53190,106128
53191,106129
53192,106130
53193,106131
53194,106132
53195,106133
53196,106136
53197,106137
53198,106138
53199,106143
53200,106144
53201,106146
53202,106149
53203,106150
53204,106152
53205,106153
53206,106154
53207,106155
53208,106157
53209,106158
53210,106159
53211,106160
53212,106163
53213,106164
53214,106168
53215,106173
53216,106176
53217,106178
53218,106179
53219,106181
53220,106184
53221,106185
53222,106189
53223,106190
53224,106192
53225,106196
53226,106197
53227,106199
53228,106203
53229,106204
53230,106205
53231,106210
53232,106212
53233,106214
53234,106215
53235,106216
53236,106217
53237,106220
53238,106221
53239,106224
53240,106225
53241,106228
53242,106229
53243,106233
53244,106235
53245,106236
53246,106239
53247,106241
53248,106244
53249,106245
53250,106249
53251,106250
53252,106251
53253,106254
53254,106255
53255,106258
53256,106259
53257,106261
53258,106264
53259,106266
53260,106267
53261,106268
53262,106270
53263,106271
53264,106273
53265,106276
53266,106278
53267,106280
53268,106282
53269,106283
53270,106284
53271,106286
53272,106288
53273,106289
53274,106291
53275,106293
53276,106300
53277,106302
53278,106303
53279,106307
53280,106308
53281,106311
53282,106312
53283,106315
53284,106316
53285,106320
53286,106322
53287,106323
53288,106326
53289,106327
53290,106328
53291,106329
53292,106331
53293,106335
53294,106336
53295,106337
53296,106338
53297,106340
53298,106342
53299,106345
53300,106349
53301,106350
53302,106353
53303,106354
53304,106355
53305,106356
53306,106357
53307,106360
53308,106363
53309,106366
53310,106370
53311,106371
53312,106372
53313,106374
53314,106375
53315,106377
53316,106380
53317,106383
53318,106384
53319,106389
53320,106390
53321,106392
53322,106393
53323,106396
53324,106397
53325,106398
53326,106399
53327,106401
53328,106403
53329,106405
53330,106409
53331,106410
53332,106411
53333,106414
53334,106415
53335,106416
53336,106417
53337,106418
53338,106419
53339,106420
53340,106421
53341,106422
53342,106423
53343,106424
53344,106428
53345,106429
53346,106430
53347,106432
53348,106433
53349,106435
53350,106438
53351,106439
53352,106440
53353,106441
53354,106443
53355,106445
53356,106446
53357,106449
53358,106453
53359,106457
53360,106458
53361,106459
53362,106461
53363,106462
53364,106464
53365,106466
53366,106468
53367,106469
53368,106470
53369,106471
53370,106472
53371,106474
53372,106475
53373,106480
53374,106483
53375,106484
53376,106485
53377,106486
53378,106488
53379,106489
53380,106490
53381,106491
53382,106492
53383,106493
53384,106495
53385,106496
53386,106497
53387,106500
53388,106503
53389,106507
53390,106509
53391,106510
53392,106512
53393,106514
53394,106515
53395,106516
53396,106521
53397,106523
53398,106524
53399,106528
53400,106529
53401,106530
53402,106531
53403,106533
53404,106534
53405,106535
53406,106536
53407,106538
53408,106539
53409,106540
53410,106543
53411,106544
53412,106545
53413,106548
53414,106551
53415,106552
53416,106554
53417,106555
53418,106556
53419,106557
53420,106559
53421,106568
53422,106570
53423,106572
53424,106573
53425,106575
53426,106576
53427,106579
53428,106580
53429,106583
53430,106584
53431,106585
53432,106587
53433,106588
53434,106589
53435,106591
53436,106592
53437,106594
53438,106595
53439,106596
53440,106597
53441,106599
53442,106600
53443,106601
53444,106602
53445,106605
53446,106606
53447,106607
53448,106608
53449,106609
53450,106612
53451,106613
53452,106615
53453,106618
53454,106619
53455,106620
53456,106624
53457,106631
53458,106632
53459,106634
53460,106637
53461,106642
53462,106643
53463,106646
53464,106647
53465,106650
53466,106652
53467,106653
53468,106656
53469,106658
53470,106662
53471,106663
53472,106664
53473,106672
53474,106674
53475,106676
53476,106678
53477,106679
53478,106680
53479,106683
53480,106684
53481,106687
53482,106690
53483,106691
53484,106693
53485,106694
53486,106695
53487,106697
53488,106698
53489,106699
53490,106701
53491,106703
53492,106704
53493,106705
53494,106706
53495,106707
53496,106708
53497,106709
53498,106710
53499,106711
53500,106712
53501,106715
53502,106716
53503,106717
53504,106722
53505,106723
53506,106724
53507,106725
53508,106727
53509,106729
53510,106731
53511,106732
53512,106733
53513,106734
53514,106735
53515,106737
53516,106743
53517,106747
53518,106749
53519,106750
53520,106755
53521,106756
53522,106760
53523,106763
53524,106765
53525,106766
53526,106770
53527,106772
53528,106773
53529,106774
53530,106775
53531,106777
53532,106778
53533,106779
53534,106783
53535,106785
53536,106791
53537,106793
53538,106794
53539,106796
53540,106797
53541,106798
53542,106801
53543,106802
53544,106803
53545,106807
53546,106808
53547,106809
53548,106810
53549,106813
53550,106815
53551,106816
53552,106817
53553,106818
53554,106824
53555,106825
53556,106827
53557,106829
53558,106830
53559,106832
53560,106834
53561,106836
53562,106837
53563,106838
53564,106840
53565,106842
53566,106843
53567,106845
53568,106854
53569,106856
53570,106858
53571,106860
53572,106862
53573,106863
53574,106865
53575,106866
53576,106867
53577,106868
53578,106870
53579,106871
53580,106872
53581,106873
53582,106875
53583,106876
53584,106878
53585,106882
53586,106884
53587,106885
53588,106886
53589,106887
53590,106892
53591,106893
53592,106894
53593,106896
53594,106900
53595,106901
53596,106905
53597,106906
53598,106907
53599,106908
53600,106909
53601,106910
53602,106911
53603,106916
53604,106921
53605,106924
53606,106925
53607,106929
53608,106930
53609,106931
53610,106933
53611,106935
53612,106936
53613,106937
53614,106938
53615,106940
53616,106942
53617,106944
53618,106945
53619,106946
53620,106947
53621,106950
53622,106951
53623,106952
53624,106954
53625,106956
53626,106957
53627,106960
53628,106961
53629,106962
53630,106966
53631,106969
53632,106971
53633,106972
53634,106974
53635,106979
53636,106980
53637,106983
53638,106989
53639,106990
53640,106991
53641,106992
53642,106996
53643,106997
53644,106998
53645,106999
53646,107003
53647,107006
53648,107008
53649,107011
53650,107014
53651,107016
53652,107018
53653,107019
53654,107020
53655,107021
53656,107026
53657,107027
53658,107028
53659,107029
53660,107032
53661,107035
53662,107036
53663,107037
53664,107040
53665,107041
53666,107044
53667,107047
53668,107050
53669,107051
53670,107052
53671,107053
53672,107056
53673,107058
53674,107061
53675,107062
53676,107063
53677,107064
53678,107065
53679,107066
53680,107068
53681,107072
53682,107076
53683,107077
53684,107083
53685,107085
53686,107086
53687,107089
53688,107090
53689,107094
53690,107096
53691,107099
53692,107101
53693,107102
53694,107103
53695,107104
53696,107106
53697,107111
53698,107112
53699,107114
53700,107115
53701,107120
53702,107123
53703,107131
53704,107133
53705,107136
53706,107137
53707,107141
53708,107142
53709,107143
53710,107145
53711,107148
53712,107149
53713,107150
53714,107152
53715,107154
53716,107161
53717,107162
53718,107163
53719,107165
53720,107172
53721,107173
53722,107174
53723,107175
53724,107176
53725,107181
53726,107183
53727,107191
53728,107195
53729,107198
53730,107202
53731,107205
53732,107206
53733,107208
53734,107209
53735,107210
53736,107211
53737,107213
53738,107216
53739,107217
53740,107218
53741,107219
53742,107221
53743,107225
53744,107229
53745,107235
53746,107238
53747,107241
53748,107243
53749,107245
53750,107247
53751,107250
53752,107251
53753,107252
53754,107253
53755,107256
53756,107259
53757,107260
53758,107262
53759,107264
53760,107265
53761,107266
53762,107267
53763,107268
53764,107269
53765,107271
53766,107274
53767,107275
53768,107276
53769,107281
53770,107285
53771,107288
53772,107289
53773,107290
53774,107292
53775,107294
53776,107297
53777,107300
53778,107301
53779,107303
53780,107304
53781,107305
53782,107306
53783,107307
53784,107308
53785,107309
53786,107310
53787,107313
53788,107316
53789,107319
53790,107320
53791,107321
53792,107322
53793,107324
53794,107326
53795,107329
53796,107330
53797,107333
53798,107335
53799,107336
53800,107337
53801,107338
53802,107339
53803,107340
53804,107343
53805,107345
53806,107347
53807,107349
53808,107350
53809,107352
53810,107354
53811,107357
53812,107358
53813,107360
53814,107366
53815,107367
53816,107368
53817,107370
53818,107373
53819,107376
53820,107377
53821,107378
53822,107379
53823,107381
53824,107383
53825,107387
53826,107389
53827,107391
53828,107392
53829,107394
53830,107395
53831,107401
53832,107402
53833,107405
53834,107406
53835,107407
53836,107409
53837,107411
53838,107412
53839,107413
53840,107415
53841,107416
53842,107417
53843,107421
53844,107422
53845,107423
53846,107425
53847,107426
53848,107428
53849,107430
53850,107431
53851,107433
53852,107434
53853,107435
53854,107436
53855,107437
53856,107440
53857,107441
53858,107442
53859,107443
53860,107444
53861,107446
53862,107447
53863,107449
53864,107452
53865,107454
53866,107455
53867,107457
53868,107460
53869,107461
53870,107464
53871,107465
53872,107468
53873,107469
53874,107472
53875,107473
53876,107474
53877,107476
53878,107478
53879,107479
53880,107484
53881,107487
53882,107488
53883,107489
53884,107491
53885,107492
53886,107493
53887,107499
53888,107500
53889,107501
53890,107505
53891,107507
53892,107508
53893,107510
53894,107511
53895,107512
53896,107514
53897,107515
53898,107517
53899,107519
53900,107523
53901,107524
53902,107525
53903,107526
53904,107533
53905,107534
53906,107535
53907,107536
53908,107537
53909,107540
53910,107542
53911,107543
53912,107545
53913,107546
53914,107548
53915,107549
53916,107550
53917,107552
53918,107553
53919,107555
53920,107556
53921,107558
53922,107559
53923,107561
53924,107566
53925,107567
53926,107568
53927,107573
53928,107576
53929,107577
53930,107579
53931,107580
53932,107581
53933,107584
53934,107585
53935,107586
53936,107587
53937,107588
53938,107589
53939,107591
53940,107592
53941,107594
53942,107595
53943,107599
53944,107602
53945,107604
53946,107606
53947,107607
53948,107610
53949,107611
53950,107612
53951,107614
53952,107618
53953,107620
53954,107623
53955,107624
53956,107630
53957,107632
53958,107634
53959,107635
53960,107636
53961,107638
53962,107640
53963,107641
53964,107646
53965,107647
53966,107648
53967,107649
53968,107651
53969,107653
53970,107654
53971,107657
53972,107658
53973,107659
53974,107664
53975,107665
53976,107667
53977,107670
53978,107671
53979,107672
53980,107674
53981,107675
53982,107678
53983,107680
53984,107681
53985,107682
53986,107683
53987,107684
53988,107686
53989,107688
53990,107690
53991,107693
53992,107694
53993,107697
53994,107698
53995,107699
53996,107704
53997,107707
53998,107710
53999,107711
54000,107714
54001,107715
54002,107718
54003,107719
54004,107720
54005,107721
54006,107723
54007,107727
54008,107728
54009,107730
54010,107731
54011,107734
54012,107739
54013,107740
54014,107742
54015,107743
54016,107744
54017,107746
54018,107749
54019,107751
54020,107752
54021,107753
54022,107754
54023,107755
54024,107758
54025,107759
54026,107761
54027,107764
54028,107766
54029,107769
54030,107771
54031,107774
54032,107777
54033,107778
54034,107781
54035,107782
54036,107783
54037,107784
54038,107785
54039,107787
54040,107788
54041,107790
54042,107791
54043,107792
54044,107793
54045,107797
54046,107798
54047,107800
54048,107801
54049,107802
54050,107806
54051,107808
54052,107811
54053,107817
54054,107818
54055,107819
54056,107821
54057,107823
54058,107825
54059,107829
54060,107831
54061,107833
54062,107834
54063,107836
54064,107838
54065,107841
54066,107843
54067,107847
54068,107850
54069,107854
54070,107858
54071,107861
54072,107862
54073,107863
54074,107864
54075,107865
54076,107868
54077,107870
54078,107872
54079,107873
54080,107874
54081,107875
54082,107877
54083,107878
54084,107879
54085,107882
54086,107884
54087,107887
54088,107888
54089,107890
54090,107891
54091,107892
54092,107895
54093,107897
54094,107900
54095,107902
54096,107904
54097,107905
54098,107906
54099,107907
54100,107909
54101,107910
54102,107913
54103,107916
54104,107918
54105,107919
54106,107921
54107,107923
54108,107925
54109,107929
54110,107931
54111,107932
54112,107933
54113,107934
54114,107936
54115,107941
54116,107945
54117,107947
54118,107949
54119,107950
54120,107951
54121,107953
54122,107954
54123,107955
54124,107956
54125,107958
54126,107961
54127,107962
54128,107964
54129,107967
54130,107968
54131,107970
54132,107973
54133,107976
54134,107978
54135,107979
54136,107980
54137,107982
54138,107984
54139,107986
54140,107987
54141,107990
54142,107992
54143,107998
54144,107999
54145,108000
54146,108001
54147,108002
54148,108003
54149,108004
54150,108005
54151,108008
54152,108011
54153,108012
54154,108014
54155,108015
54156,108016
54157,108017
54158,108018
54159,108020
54160,108023
54161,108025
54162,108026
54163,108030
54164,108032
54165,108033
54166,108034
54167,108035
54168,108038
54169,108040
54170,108041
54171,108043
54172,108045
54173,108048
54174,108049
54175,108056
54176,108059
54177,108061
54178,108062
54179,108063
54180,108066
54181,108067
54182,108069
54183,108075
54184,108076
54185,108077
54186,108078
54187,108082
54188,108084
54189,108085
54190,108087
54191,108089
54192,108090
54193,108091
54194,108092
54195,108093
54196,108095
54197,108099
54198,108100
54199,108101
54200,108103
54201,108108
54202,108110
54203,108111
54204,108113
54205,108114
54206,108115
54207,108116
54208,108117
54209,108118
54210,108120
54211,108121
54212,108126
54213,108127
54214,108128
54215,108132
54216,108133
54217,108134
54218,108137
54219,108138
54220,108139
54221,108141
54222,108143
54223,108144
54224,108145
54225,108148
54226,108151
54227,108153
54228,108154
54229,108156
54230,108157
54231,108158
54232,108160
54233,108173
54234,108175
54235,108182
54236,108184
54237,108185
54238,108186
54239,108188
54240,108190
54241,108193
54242,108194
54243,108197
54244,108201
54245,108203
54246,108204
54247,108205
54248,108207
54249,108214
54250,108217
54251,108221
54252,108222
54253,108225
54254,108228
54255,108229
54256,108230
54257,108231
54258,108233
54259,108234
54260,108238
54261,108239
54262,108241
54263,108242
54264,108244
54265,108245
54266,108246
54267,108247
54268,108249
54269,108250
54270,108251
54271,108253
54272,108254
54273,108255
54274,108257
54275,108260
54276,108261
54277,108264
54278,108266
54279,108268
54280,108270
54281,108274
54282,108276
54283,108280
54284,108285
54285,108286
54286,108289
54287,108292
54288,108295
54289,108298
54290,108299
54291,108300
54292,108302
54293,108304
54294,108309
54295,108311
54296,108312
54297,108318
54298,108323
54299,108324
54300,108325
54301,108334
54302,108335
54303,108337
54304,108340
54305,108341
54306,108342
54307,108344
54308,108348
54309,108349
54310,108356
54311,108358
54312,108363
54313,108364
54314,108365
54315,108366
54316,108369
54317,108370
54318,108371
54319,108373
54320,108374
54321,108375
54322,108378
54323,108380
54324,108381
54325,108382
54326,108383
54327,108385
54328,108387
54329,108389
54330,108392
54331,108393
54332,108394
54333,108396
54334,108398
54335,108400
54336,108401
54337,108402
54338,108404
54339,108407
54340,108411
54341,108413
54342,108415
54343,108416
54344,108417
54345,108419
54346,108420
54347,108422
54348,108423
54349,108424
54350,108426
54351,108428
54352,108430
54353,108431
54354,108433
54355,108434
54356,108435
54357,108437
54358,108438
54359,108441
54360,108442
54361,108443
54362,108445
54363,108447
54364,108449
54365,108454
54366,108455
54367,108456
54368,108457
54369,108459
54370,108460
54371,108461
54372,108466
54373,108467
54374,108468
54375,108469
54376,108470
54377,108472
54378,108473
54379,108475
54380,108476
54381,108482
54382,108483
54383,108486
54384,108487
54385,108491
54386,108492
54387,108493
54388,108494
54389,108495
54390,108496
54391,108498
54392,108499
54393,108500
54394,108503
54395,108505
54396,108509
54397,108510
54398,108511
54399,108514
54400,108515
54401,108518
54402,108519
54403,108520
54404,108522
54405,108523
54406,108524
54407,108525
54408,108526
54409,108528
54410,108530
54411,108532
54412,108538
54413,108539
54414,108540
54415,108541
54416,108545
54417,108546
54418,108547
54419,108549
54420,108551
54421,108554
54422,108556
54423,108557
54424,108560
54425,108561
54426,108562
54427,108568
54428,108570
54429,108572
54430,108573
54431,108583
54432,108584
54433,108585
54434,108587
54435,108588
54436,108589
54437,108591
54438,108596
54439,108598
54440,108600
54441,108601
54442,108604
54443,108606
54444,108611
54445,108612
54446,108615
54447,108616
54448,108619
54449,108620
54450,108621
54451,108624
54452,108625
54453,108626
54454,108628
54455,108631
54456,108634
54457,108636
54458,108639
54459,108641
54460,108642
54461,108643
54462,108644
54463,108645
54464,108647
54465,108648
54466,108651
54467,108652
54468,108654
54469,108655
54470,108656
54471,108657
54472,108660
54473,108661
54474,108662
54475,108664
54476,108666
54477,108668
54478,108669
54479,108670
54480,108671
54481,108674
54482,108675
54483,108678
54484,108679
54485,108680
54486,108682
54487,108683
54488,108685
54489,108687
54490,108688
54491,108690
54492,108691
54493,108695
54494,108696
54495,108697
54496,108698
54497,108702
54498,108704
54499,108707
54500,108710
54501,108711
54502,108712
54503,108713
54504,108717
54505,108718
54506,108719
54507,108720
54508,108722
54509,108726
54510,108730
54511,108731
54512,108732
54513,108733
54514,108735
54515,108736
54516,108740
54517,108742
54518,108743
54519,108745
54520,108746
54521,108750
54522,108753
54523,108759
54524,108760
54525,108761
54526,108762
54527,108763
54528,108767
54529,108770
54530,108773
54531,108774
54532,108776
54533,108777
54534,108778
54535,108781
54536,108786
54537,108789
54538,108792
54539,108796
54540,108797
54541,108804
54542,108805
54543,108807
54544,108808
54545,108809
54546,108813
54547,108814
54548,108816
54549,108818
54550,108824
54551,108828
54552,108829
54553,108830
54554,108831
54555,108832
54556,108834
54557,108836
54558,108837
54559,108839
54560,108841
54561,108843
54562,108846
54563,108847
54564,108854
54565,108855
54566,108857
54567,108858
54568,108860
54569,108861
54570,108864
54571,108867
54572,108868
54573,108869
54574,108870
54575,108872
54576,108874
54577,108876
54578,108880
54579,108883
54580,108885
54581,108887
54582,108888
54583,108891
54584,108892
54585,108895
54586,108896
54587,108898
54588,108904
54589,108905
54590,108907
54591,108908
54592,108909
54593,108911
54594,108912
54595,108913
54596,108919
54597,108920
54598,108921
54599,108922
54600,108925
54601,108929
54602,108930
54603,108931
54604,108932
54605,108935
54606,108936
54607,108937
54608,108942
54609,108943
54610,108944
54611,108946
54612,108948
54613,108949
54614,108950
54615,108951
54616,108955
54617,108959
54618,108960
54619,108961
54620,108964
54621,108967
54622,108971
54623,108974
54624,108975
54625,108980
54626,108981
54627,108982
54628,108984
54629,108986
54630,108989
54631,108990
54632,108991
54633,108996
54634,108997
54635,109001
54636,109003
54637,109004
54638,109006
54639,109008
54640,109009
54641,109010
54642,109013
54643,109015
54644,109018
54645,109019
54646,109022
54647,109023
54648,109024
54649,109026
54650,109027
54651,109028
54652,109031
54653,109033
54654,109036
54655,109038
54656,109043
54657,109046
54658,109050
54659,109051
54660,109052
54661,109056
54662,109059
54663,109060
54664,109064
54665,109065
54666,109066
54667,109072
54668,109075
54669,109076
54670,109078
54671,109082
54672,109084
54673,109086
54674,109089
54675,109090
54676,109091
54677,109096
54678,109098
54679,109099
54680,109100
54681,109101
54682,109103
54683,109106
54684,109108
54685,109110
54686,109112
54687,109113
54688,109114
54689,109115
54690,109118
54691,109121
54692,109123
54693,109126
54694,109127
54695,109128
54696,109129
54697,109130
54698,109133
54699,109134
54700,109136
54701,109140
54702,109142
54703,109146
54704,109149
54705,109151
54706,109152
54707,109153
54708,109154
54709,109156
54710,109157
54711,109158
54712,109159
54713,109162
54714,109164
54715,109165
54716,109170
54717,109171
54718,109173
54719,109175
54720,109176
54721,109178
54722,109179
54723,109181
54724,109183
54725,109186
54726,109187
54727,109188
54728,109189
54729,109190
54730,109193
54731,109194
54732,109196
54733,109203
54734,109204
54735,109205
54736,109207
54737,109208
54738,109212
54739,109213
54740,109214
54741,109216
54742,109222
54743,109226
54744,109227
54745,109228
54746,109232
54747,109233
54748,109234
54749,109235
54750,109236
54751,109237
54752,109239
54753,109247
54754,109249
54755,109251
54756,109252
54757,109254
54758,109258
54759,109263
54760,109266
54761,109270
54762,109273
54763,109275
54764,109276
54765,109279
54766,109280
54767,109281
54768,109285
54769,109286
54770,109287
54771,109292
54772,109294
54773,109295
54774,109300
54775,109303
54776,109305
54777,109309
54778,109310
54779,109311
54780,109312
54781,109313
54782,109318
54783,109319
54784,109324
54785,109325
54786,109326
54787,109330
54788,109331
54789,109332
54790,109335
54791,109336
54792,109338
54793,109340
54794,109341
54795,109342
54796,109346
54797,109348
54798,109349
54799,109352
54800,109355
54801,109359
54802,109361
54803,109362
54804,109366
54805,109367
54806,109371
54807,109373
54808,109374
54809,109376
54810,109377
54811,109378
54812,109379
54813,109380
54814,109387
54815,109388
54816,109391
54817,109392
54818,109393
54819,109395
54820,109396
54821,109397
54822,109398
54823,109399
54824,109401
54825,109403
54826,109406
54827,109407
54828,109408
54829,109409
54830,109410
54831,109412
54832,109414
54833,109416
54834,109417
54835,109418
54836,109420
54837,109423
54838,109425
54839,109427
54840,109430
54841,109431
54842,109432
54843,109433
54844,109441
54845,109442
54846,109443
54847,109445
54848,109446
54849,109447
54850,109448
54851,109449
54852,109451
54853,109455
54854,109457
54855,109458
54856,109459
54857,109460
54858,109461
54859,109462
54860,109466
54861,109468
54862,109469
54863,109470
54864,109472
54865,109475
54866,109476
54867,109478
54868,109481
54869,109486
54870,109487
54871,109488
54872,109490
54873,109492
54874,109493
54875,109494
54876,109496
54877,109497
54878,109498
54879,109501
54880,109502
54881,109503
54882,109505
54883,109508
54884,109509
54885,109510
54886,109515
54887,109516
54888,109517
54889,109519
54890,109520
54891,109521
54892,109522
54893,109525
54894,109526
54895,109528
54896,109531
54897,109532
54898,109533
54899,109534
54900,109538
54901,109539
54902,109541
54903,109544
54904,109545
54905,109547
54906,109553
54907,109554
54908,109557
54909,109558
54910,109561
54911,109563
54912,109569
54913,109571
54914,109572
54915,109574
54916,109576
54917,109581
54918,109582
54919,109587
54920,109588
54921,109589
54922,109593
54923,109594
54924,109595
54925,109597
54926,109598
54927,109600
54928,109602
54929,109607
54930,109609
54931,109610
54932,109616
54933,109618
54934,109620
54935,109622
54936,109627
54937,109628
54938,109630
54939,109631
54940,109632
54941,109635
54942,109636
54943,109640
54944,109641
54945,109644
54946,109645
54947,109646
54948,109647
54949,109648
54950,109649
54951,109650
54952,109651
54953,109652
54954,109653
54955,109655
54956,109658
54957,109660
54958,109661
54959,109662
54960,109665
54961,109666
54962,109667
54963,109669
54964,109670
54965,109672
54966,109675
54967,109676
54968,109681
54969,109684
54970,109685
54971,109690
54972,109691
54973,109694
54974,109697
54975,109698
54976,109699
54977,109700
54978,109704
54979,109705
54980,109706
54981,109707
54982,109709
54983,109710
54984,109711
54985,109712
54986,109713
54987,109716
54988,109717
54989,109719
54990,109721
54991,109722
54992,109723
54993,109726
54994,109727
54995,109729
54996,109731
54997,109732
54998,109733
54999,109735
55000,109736
55001,109737
55002,109738
55003,109741
55004,109742
55005,109743
55006,109744
55007,109749
55008,109750
55009,109753
55010,109754
55011,109755
55012,109757
55013,109759
55014,109761
55015,109764
55016,109767
55017,109768
55018,109770
55019,109771
55020,109774
55021,109775
55022,109776
55023,109778
55024,109779
55025,109780
55026,109781
55027,109786
55028,109788
55029,109789
55030,109790
55031,109792
55032,109795
55033,109796
55034,109802
55035,109803
55036,109804
55037,109808
55038,109809
55039,109816
55040,109818
55041,109823
55042,109824
55043,109827
55044,109828
55045,109829
55046,109830
55047,109832
55048,109836
55049,109839
55050,109840
55051,109843
55052,109844
55053,109846
55054,109854
55055,109855
55056,109856
55057,109858
55058,109859
55059,109860
55060,109861
55061,109862
55062,109863
55063,109865
55064,109866
55065,109867
55066,109872
55067,109873
55068,109874
55069,109875
55070,109877
55071,109879
55072,109880
55073,109881
55074,109882
55075,109883
55076,109884
55077,109885
55078,109888
55079,109891
55080,109894
55081,109895
55082,109900
55083,109902
55084,109904
55085,109906
55086,109910
55087,109914
55088,109916
55089,109921
55090,109924
55091,109925
55092,109929
55093,109931
55094,109934
55095,109937
55096,109942
55097,109946
55098,109947
55099,109949
55100,109951
55101,109952
55102,109953
55103,109954
55104,109959
55105,109963
55106,109964
55107,109965
55108,109966
55109,109973
55110,109974
55111,109975
55112,109976
55113,109978
55114,109979
55115,109982
55116,109985
55117,109986
55118,109987
55119,109991
55120,109992
55121,109994
55122,109995
55123,109997
55124,109998
55125,110005
55126,110006
55127,110008
55128,110009
55129,110011
55130,110012
55131,110016
55132,110017
55133,110018
55134,110019
55135,110020
55136,110021
55137,110022
55138,110023
55139,110024
55140,110025
55141,110026
55142,110028
55143,110029
55144,110030
55145,110031
55146,110033
55147,110034
55148,110035
55149,110036
55150,110037
55151,110040
55152,110041
55153,110043
55154,110044
55155,110045
55156,110048
55157,110049
55158,110050
55159,110052
55160,110054
55161,110056
55162,110057
55163,110058
55164,110061
55165,110063
55166,110064
55167,110065
55168,110066
55169,110067
55170,110069
55171,110070
55172,110071
55173,110076
55174,110077
55175,110079
55176,110080
55177,110082
55178,110083
55179,110084
55180,110085
55181,110086
55182,110087
55183,110088
55184,110089
55185,110090
55186,110091
55187,110092
55188,110093
55189,110097
55190,110098
55191,110099
55192,110103
55193,110105
55194,110106
55195,110108
55196,110111
55197,110113
55198,110115
55199,110116
55200,110119
55201,110121
55202,110122
55203,110123
55204,110124
55205,110126
55206,110127
55207,110129
55208,110131
55209,110134
55210,110135
55211,110136
55212,110138
55213,110140
55214,110141
55215,110142
55216,110143
55217,110145
55218,110146
55219,110147
55220,110148
55221,110151
55222,110152
55223,110154
55224,110159
55225,110160
55226,110161
55227,110162
55228,110166
55229,110167
55230,110168
55231,110170
55232,110172
55233,110173
55234,110174
55235,110175
55236,110176
55237,110177
55238,110179
55239,110183
55240,110185
55241,110186
55242,110187
55243,110188
55244,110189
55245,110192
55246,110193
55247,110195
55248,110196
55249,110197
55250,110198
55251,110200
55252,110202
55253,110203
55254,110206
55255,110209
55256,110212
55257,110216
55258,110218
55259,110219
55260,110220
55261,110224
55262,110230
55263,110234
55264,110235
55265,110238
55266,110242
55267,110243
55268,110244
55269,110247
55270,110248
55271,110251
55272,110252
55273,110253
55274,110254
55275,110256
55276,110258
55277,110260
55278,110264
55279,110266
55280,110267
55281,110268
55282,110270
55283,110271
55284,110272
55285,110273
55286,110274
55287,110277
55288,110280
55289,110287
55290,110291
55291,110292
55292,110293
55293,110296
55294,110297
55295,110298
55296,110299
55297,110300
55298,110302
55299,110303
55300,110304
55301,110305
55302,110307
55303,110309
55304,110312
55305,110313
55306,110314
55307,110315
55308,110320
55309,110322
55310,110331
55311,110337
55312,110338
55313,110339
55314,110341
55315,110342
55316,110343
55317,110344
55318,110345
55319,110347
55320,110349
55321,110352
55322,110354
55323,110356
55324,110357
55325,110358
55326,110359
55327,110360
55328,110362
55329,110367
55330,110369
55331,110370
55332,110371
55333,110374
55334,110375
55335,110377
55336,110379
55337,110382
55338,110384
55339,110387
55340,110389
55341,110390
55342,110392
55343,110393
55344,110394
55345,110395
55346,110397
55347,110398
55348,110400
55349,110401
55350,110402
55351,110403
55352,110404
55353,110405
55354,110406
55355,110407
55356,110408
55357,110410
55358,110412
55359,110416
55360,110417
55361,110420
55362,110423
55363,110426
55364,110427
55365,110428
55366,110429
55367,110430
55368,110431
55369,110438
55370,110439
55371,110440
55372,110441
55373,110445
55374,110446
55375,110448
55376,110453
55377,110454
55378,110455
55379,110456
55380,110458
55381,110461
55382,110462
55383,110463
55384,110464
55385,110465
55386,110467
55387,110468
55388,110469
55389,110470
55390,110477
55391,110478
55392,110482
55393,110485
55394,110486
55395,110488
55396,110490
55397,110491
55398,110492
55399,110493
55400,110496
55401,110497
55402,110498
55403,110500
55404,110502
55405,110505
55406,110508
55407,110509
55408,110510
55409,110514
55410,110515
55411,110516
55412,110517
55413,110518
55414,110519
55415,110520
55416,110529
55417,110530
55418,110533
55419,110534
55420,110536
55421,110537
55422,110539
55423,110543
55424,110544
55425,110545
55426,110548
55427,110552
55428,110557
55429,110558
55430,110561
55431,110562
55432,110564
55433,110565
55434,110566
55435,110568
55436,110570
55437,110572
55438,110573
55439,110574
55440,110578
55441,110580
55442,110582
55443,110585
55444,110586
55445,110587
55446,110590
55447,110592
55448,110594
55449,110595
55450,110596
55451,110597
55452,110599
55453,110600
55454,110605
55455,110606
55456,110607
55457,110608
55458,110610
55459,110611
55460,110613
55461,110615
55462,110617
55463,110620
55464,110622
55465,110623
55466,110624
55467,110628
55468,110632
55469,110633
55470,110637
55471,110638
55472,110639
55473,110640
55474,110641
55475,110642
55476,110643
55477,110646
55478,110649
55479,110650
55480,110651
55481,110653
55482,110655
55483,110660
55484,110661
55485,110662
55486,110664
55487,110665
55488,110668
55489,110669
55490,110670
55491,110671
55492,110673
55493,110674
55494,110681
55495,110682
55496,110684
55497,110685
55498,110688
55499,110690
55500,110693
55501,110694
55502,110695
55503,110696
55504,110698
55505,110701
55506,110703
55507,110704
55508,110708
55509,110710
55510,110713
55511,110717
55512,110720
55513,110721
55514,110723
55515,110724
55516,110725
55517,110726
55518,110727
55519,110730
55520,110731
55521,110733
55522,110734
55523,110736
55524,110737
55525,110741
55526,110746
55527,110747
55528,110748
55529,110750
55530,110751
55531,110752
55532,110755
55533,110756
55534,110760
55535,110761
55536,110763
55537,110766
55538,110767
55539,110768
55540,110772
55541,110773
55542,110777
55543,110778
55544,110781
55545,110784
55546,110785
55547,110786
55548,110788
55549,110791
55550,110797
55551,110799
55552,110806
55553,110809
55554,110810
55555,110811
55556,110812
55557,110818
55558,110819
55559,110820
55560,110822
55561,110823
55562,110825
55563,110826
55564,110831
55565,110832
55566,110833
55567,110836
55568,110838
55569,110839
55570,110842
55571,110843
55572,110845
55573,110846
55574,110847
55575,110848
55576,110850
55577,110852
55578,110853
55579,110854
55580,110856
55581,110858
55582,110860
55583,110861
55584,110862
55585,110865
55586,110868
55587,110869
55588,110870
55589,110875
55590,110878
55591,110879
55592,110880
55593,110882
55594,110883
55595,110885
55596,110887
55597,110889
55598,110890
55599,110892
55600,110893
55601,110895
55602,110897
55603,110898
55604,110906
55605,110907
55606,110908
55607,110909
55608,110910
55609,110914
55610,110923
55611,110924
55612,110925
55613,110929
55614,110930
55615,110931
55616,110933
55617,110935
55618,110936
55619,110937
55620,110938
55621,110940
55622,110942
55623,110945
55624,110949
55625,110951
55626,110953
55627,110954
55628,110955
55629,110957
55630,110960
55631,110961
55632,110966
55633,110968
55634,110970
55635,110972
55636,110976
55637,110977
55638,110981
55639,110984
55640,110991
55641,110994
55642,110998
55643,110999
55644,111005
55645,111006
55646,111009
55647,111012
55648,111013
55649,111014
55650,111015
55651,111016
55652,111017
55653,111020
55654,111023
55655,111026
55656,111027
55657,111029
55658,111031
55659,111032
55660,111034
55661,111039
55662,111041
55663,111042
55664,111043
55665,111044
55666,111045
55667,111046
55668,111047
55669,111059
55670,111060
55671,111063
55672,111065
55673,111066
55674,111068
55675,111072
55676,111074
55677,111075
55678,111078
55679,111080
55680,111082
55681,111084
55682,111085
55683,111087
55684,111088
55685,111089
55686,111090
55687,111091
55688,111092
55689,111093
55690,111096
55691,111097
55692,111099
55693,111100
55694,111104
55695,111106
55696,111107
55697,111108
55698,111109
55699,111110
55700,111111
55701,111112
55702,111113
55703,111114
55704,111115
55705,111125
55706,111126
55707,111129
55708,111131
55709,111133
55710,111136
55711,111137
55712,111138
55713,111140
55714,111144
55715,111145
55716,111146
55717,111148
55718,111149
55719,111151
55720,111153
55721,111154
55722,111155
55723,111156
55724,111159
55725,111160
55726,111162
55727,111163
55728,111164
55729,111165
55730,111167
55731,111169
55732,111174
55733,111175
55734,111177
55735,111179
55736,111181
55737,111183
55738,111186
55739,111187
55740,111188
55741,111193
55742,111194
55743,111199
55744,111202
55745,111203
55746,111204
55747,111211
55748,111212
55749,111213
55750,111216
55751,111217
55752,111220
55753,111224
55754,111226
55755,111227
55756,111229
55757,111232
55758,111233
55759,111234
55760,111235
55761,111236
55762,111237
55763,111238
55764,111240
55765,111241
55766,111242
55767,111243
55768,111245
55769,111246
55770,111247
55771,111249
55772,111250
55773,111254
55774,111256
55775,111258
55776,111261
55777,111263
55778,111264
55779,111265
55780,111266
55781,111268
55782,111271
55783,111272
55784,111277
55785,111278
55786,111279
55787,111281
55788,111284
55789,111285
55790,111286
55791,111288
55792,111290
55793,111296
55794,111297
55795,111298
55796,111299
55797,111303
55798,111305
55799,111311
55800,111315
55801,111321
55802,111331
55803,111333
55804,111334
55805,111335
55806,111336
55807,111337
55808,111340
55809,111341
55810,111344
55811,111345
55812,111349
55813,111350
55814,111351
55815,111352
55816,111354
55817,111357
55818,111358
55819,111363
55820,111366
55821,111369
55822,111370
55823,111374
55824,111376
55825,111377
55826,111380
55827,111381
55828,111382
55829,111386
55830,111387
55831,111389
55832,111390
55833,111391
55834,111392
55835,111393
55836,111406
55837,111407
55838,111408
55839,111410
55840,111414
55841,111415
55842,111416
55843,111417
55844,111420
55845,111422
55846,111423
55847,111424
55848,111425
55849,111429
55850,111433
55851,111434
55852,111438
55853,111439
55854,111442
55855,111444
55856,111445
55857,111446
55858,111450
55859,111451
55860,111463
55861,111464
55862,111466
55863,111467
55864,111469
55865,111470
55866,111473
55867,111476
55868,111477
55869,111479
55870,111484
55871,111486
55872,111487
55873,111488
55874,111492
55875,111494
55876,111495
55877,111496
55878,111498
55879,111499
55880,111500
55881,111501
55882,111502
55883,111503
55884,111504
55885,111505
55886,111506
55887,111507
55888,111511
55889,111512
55890,111513
55891,111514
55892,111515
55893,111518
55894,111521
55895,111525
55896,111527
55897,111528
55898,111531
55899,111532
55900,111533
55901,111534
55902,111535
55903,111536
55904,111537
55905,111538
55906,111540
55907,111542
55908,111543
55909,111544
55910,111545
55911,111548
55912,111550
55913,111553
55914,111555
55915,111561
55916,111563
55917,111565
55918,111568
55919,111570
55920,111571
55921,111572
55922,111575
55923,111576
55924,111577
55925,111579
55926,111581
55927,111585
55928,111588
55929,111589
55930,111594
55931,111596
55932,111597
55933,111599
55934,111600
55935,111601
55936,111602
55937,111603
55938,111608
55939,111610
55940,111615
55941,111616
55942,111618
55943,111619
55944,111621
55945,111622
55946,111624
55947,111625
55948,111627
55949,111628
55950,111630
55951,111632
55952,111633
55953,111634
55954,111635
55955,111636
55956,111637
55957,111638
55958,111640
55959,111642
55960,111645
55961,111646
55962,111648
55963,111649
55964,111650
55965,111652
55966,111654
55967,111655
55968,111656
55969,111658
55970,111659
55971,111669
55972,111671
55973,111675
55974,111677
55975,111680
55976,111689
55977,111691
55978,111692
55979,111693
55980,111696
55981,111698
55982,111699
55983,111700
55984,111702
55985,111705
55986,111706
55987,111708
55988,111709
55989,111710
55990,111711
55991,111713
55992,111719
55993,111723
55994,111726
55995,111727
55996,111729
55997,111730
55998,111733
55999,111735
56000,111737
56001,111738
56002,111742
56003,111743
56004,111745
56005,111747
56006,111750
56007,111751
56008,111752
56009,111753
56010,111755
56011,111756
56012,111758
56013,111763
56014,111764
56015,111765
56016,111766
56017,111767
56018,111771
56019,111776
56020,111779
56021,111783
56022,111784
56023,111785
56024,111787
56025,111789
56026,111791
56027,111793
56028,111797
56029,111799
56030,111800
56031,111802
56032,111804
56033,111808
56034,111810
56035,111813
56036,111814
56037,111817
56038,111818
56039,111819
56040,111820
56041,111822
56042,111833
56043,111834
56044,111837
56045,111838
56046,111843
56047,111846
56048,111847
56049,111854
56050,111857
56051,111861
56052,111863
56053,111865
56054,111867
56055,111868
56056,111871
56057,111874
56058,111876
56059,111878
56060,111879
56061,111881
56062,111889
56063,111891
56064,111892
56065,111894
56066,111895
56067,111896
56068,111897
56069,111899
56070,111900
56071,111902
56072,111905
56073,111906
56074,111910
56075,111911
56076,111913
56077,111916
56078,111917
56079,111919
56080,111920
56081,111921
56082,111927
56083,111928
56084,111929
56085,111932
56086,111933
56087,111936
56088,111937
56089,111939
56090,111940
56091,111942
56092,111943
56093,111944
56094,111946
56095,111947
56096,111948
56097,111949
56098,111950
56099,111953
56100,111954
56101,111956
56102,111957
56103,111960
56104,111961
56105,111964
56106,111965
56107,111967
56108,111970
56109,111971
56110,111972
56111,111973
56112,111974
56113,111975
56114,111976
56115,111977
56116,111979
56117,111981
56118,111982
56119,111983
56120,111984
56121,111987
56122,111989
56123,111991
56124,111992
56125,111993
56126,111996
56127,111998
56128,111999
56129,112003
56130,112004
56131,112005
56132,112008
56133,112009
56134,112012
56135,112013
56136,112014
56137,112018
56138,112020
56139,112021
56140,112022
56141,112024
56142,112025
56143,112026
56144,112028
56145,112029
56146,112030
56147,112031
56148,112032
56149,112034
56150,112036
56151,112042
56152,112045
56153,112047
56154,112048
56155,112049
56156,112051
56157,112052
56158,112054
56159,112057
56160,112058
56161,112059
56162,112060
56163,112061
56164,112064
56165,112067
56166,112068
56167,112069
56168,112073
56169,112076
56170,112078
56171,112079
56172,112080
56173,112084
56174,112087
56175,112089
56176,112091
56177,112092
56178,112096
56179,112097
56180,112098
56181,112099
56182,112102
56183,112105
56184,112108
56185,112109
56186,112113
56187,112116
56188,112117
56189,112118
56190,112120
56191,112123
56192,112126
56193,112128
56194,112129
56195,112130
56196,112132
56197,112134
56198,112135
56199,112136
56200,112137
56201,112140
56202,112141
56203,112144
56204,112146
56205,112149
56206,112153
56207,112156
56208,112157
56209,112158
56210,112160
56211,112161
56212,112163
56213,112164
56214,112167
56215,112168
56216,112175
56217,112176
56218,112178
56219,112180
56220,112182
56221,112184
56222,112185
56223,112186
56224,112187
56225,112190
56226,112191
56227,112193
56228,112194
56229,112197
56230,112200
56231,112201
56232,112203
56233,112204
56234,112205
56235,112209
56236,112210
56237,112211
56238,112214
56239,112219
56240,112221
56241,112223
56242,112226
56243,112227
56244,112231
56245,112232
56246,112234
56247,112236
56248,112239
56249,112241
56250,112242
56251,112243
56252,112244
56253,112246
56254,112247
56255,112248
56256,112252
56257,112253
56258,112254
56259,112256
56260,112257
56261,112259
56262,112260
56263,112263
56264,112264
56265,112265
56266,112266
56267,112267
56268,112271
56269,112275
56270,112276
56271,112281
56272,112282
56273,112285
56274,112287
56275,112288
56276,112292
56277,112293
56278,112294
56279,112295
56280,112296
56281,112300
56282,112303
56283,112308
56284,112309
56285,112312
56286,112316
56287,112318
56288,112319
56289,112321
56290,112322
56291,112323
56292,112325
56293,112326
56294,112327
56295,112332
56296,112333
56297,112334
56298,112339
56299,112340
56300,112341
56301,112345
56302,112346
56303,112347
56304,112348
56305,112349
56306,112350
56307,112351
56308,112355
56309,112357
56310,112363
56311,112364
56312,112365
56313,112369
56314,112370
56315,112373
56316,112374
56317,112375
56318,112378
56319,112379
56320,112380
56321,112382
56322,112384
56323,112387
56324,112388
56325,112389
56326,112390
56327,112391
56328,112393
56329,112394
56330,112395
56331,112396
56332,112401
56333,112402
56334,112405
56335,112408
56336,112409
56337,112410
56338,112411
56339,112412
56340,112417
56341,112418
56342,112419
56343,112420
56344,112423
56345,112424
56346,112426
56347,112427
56348,112429
56349,112431
56350,112436
56351,112442
56352,112444
56353,112446
56354,112447
56355,112448
56356,112450
56357,112451
56358,112452
56359,112454
56360,112455
56361,112456
56362,112457
56363,112459
56364,112460
56365,112462
56366,112466
56367,112468
56368,112470
56369,112471
56370,112474
56371,112476
56372,112478
56373,112479
56374,112484
56375,112486
56376,112490
56377,112491
56378,112493
56379,112495
56380,112500
56381,112502
56382,112504
56383,112506
56384,112507
56385,112508
56386,112509
56387,112512
56388,112514
56389,112515
56390,112520
56391,112522
56392,112524
56393,112525
56394,112530
56395,112533
56396,112534
56397,112535
56398,112537
56399,112538
56400,112539
56401,112540
56402,112542
56403,112543
56404,112544
56405,112546
56406,112547
56407,112549
56408,112550
56409,112554
56410,112555
56411,112556
56412,112557
56413,112558
56414,112560
56415,112561
56416,112562
56417,112563
56418,112565
56419,112566
56420,112567
56421,112568
56422,112571
56423,112574
56424,112582
56425,112584
56426,112586
56427,112587
56428,112588
56429,112590
56430,112591
56431,112592
56432,112593
56433,112594
56434,112598
56435,112600
56436,112601
56437,112604
56438,112605
56439,112607
56440,112608
56441,112610
56442,112612
56443,112613
56444,112615
56445,112618
56446,112619
56447,112620
56448,112622
56449,112623
56450,112624
56451,112625
56452,112631
56453,112633
56454,112635
56455,112637
56456,112638
56457,112639
56458,112640
56459,112641
56460,112642
56461,112644
56462,112649
56463,112654
56464,112656
56465,112657
56466,112659
56467,112660
56468,112661
56469,112662
56470,112666
56471,112670
56472,112671
56473,112672
56474,112673
56475,112676
56476,112678
56477,112679
56478,112681
56479,112688
56480,112690
56481,112692
56482,112693
56483,112697
56484,112701
56485,112702
56486,112704
56487,112705
56488,112706
56489,112707
56490,112708
56491,112709
56492,112714
56493,112717
56494,112718
56495,112721
56496,112722
56497,112725
56498,112728
56499,112733
56500,112735
56501,112736
56502,112738
56503,112740
56504,112741
56505,112742
56506,112746
56507,112749
56508,112750
56509,112751
56510,112757
56511,112758
56512,112760
56513,112765
56514,112768
56515,112769
56516,112770
56517,112772
56518,112775
56519,112777
56520,112778
56521,112779
56522,112781
56523,112783
56524,112784
56525,112786
56526,112787
56527,112789
56528,112790
56529,112791
56530,112793
56531,112794
56532,112796
56533,112797
56534,112798
56535,112799
56536,112801
56537,112802
56538,112804
56539,112805
56540,112806
56541,112807
56542,112808
56543,112810
56544,112811
56545,112814
56546,112815
56547,112816
56548,112817
56549,112818
56550,112819
56551,112822
56552,112823
56553,112825
56554,112828
56555,112830
56556,112831
56557,112833
56558,112834
56559,112835
56560,112837
56561,112844
56562,112845
56563,112848
56564,112849
56565,112852
56566,112853
56567,112860
56568,112862
56569,112863
56570,112868
56571,112876
56572,112877
56573,112879
56574,112883
56575,112884
56576,112885
56577,112886
56578,112887
56579,112888
56580,112891
56581,112893
56582,112895
56583,112896
56584,112897
56585,112898
56586,112899
56587,112901
56588,112902
56589,112904
56590,112906
56591,112907
56592,112908
56593,112910
56594,112911
56595,112915
56596,112917
56597,112919
56598,112920
56599,112924
56600,112925
56601,112931
56602,112941
56603,112942
56604,112943
56605,112944
56606,112945
56607,112948
56608,112952
56609,112954
56610,112955
56611,112956
56612,112957
56613,112958
56614,112966
56615,112967
56616,112970
56617,112972
56618,112974
56619,112976
56620,112977
56621,112978
56622,112979
56623,112983
56624,112985
56625,112986
56626,112988
56627,112989
56628,112993
56629,112994
56630,112996
56631,113001
56632,113002
56633,113005
56634,113007
56635,113008
56636,113012
56637,113014
56638,113015
56639,113016
56640,113020
56641,113022
56642,113027
56643,113028
56644,113029
56645,113031
56646,113033
56647,113034
56648,113035
56649,113037
56650,113039
56651,113040
56652,113042
56653,113045
56654,113046
56655,113048
56656,113049
56657,113050
56658,113051
56659,113053
56660,113055
56661,113056
56662,113058
56663,113060
56664,113062
56665,113063
56666,113064
56667,113068
56668,113070
56669,113073
56670,113074
56671,113077
56672,113083
56673,113084
56674,113085
56675,113086
56676,113088
56677,113089
56678,113090
56679,113092
56680,113093
56681,113095
56682,113097
56683,113099
56684,113100
56685,113102
56686,113103
56687,113104
56688,113107
56689,113109
56690,113110
56691,113117
56692,113118
56693,113121
56694,113122
56695,113123
56696,113127
56697,113128
56698,113130
56699,113132
56700,113133
56701,113135
56702,113137
56703,113138
56704,113139
56705,113140
56706,113141
56707,113142
56708,113143
56709,113144
56710,113145
56711,113146
56712,113147
56713,113148
56714,113149
56715,113151
56716,113152
56717,113155
56718,113158
56719,113163
56720,113168
56721,113169
56722,113171
56723,113172
56724,113178
56725,113180
56726,113181
56727,113182
56728,113183
56729,113185
56730,113186
56731,113187
56732,113189
56733,113190
56734,113194
56735,113195
56736,113198
56737,113201
56738,113203
56739,113205
56740,113206
56741,113208
56742,113215
56743,113216
56744,113217
56745,113219
56746,113221
56747,113222
56748,113223
56749,113224
56750,113228
56751,113230
56752,113231
56753,113234
56754,113236
56755,113237
56756,113238
56757,113239
56758,113241
56759,113244
56760,113246
56761,113249
56762,113251
56763,113253
56764,113254
56765,113259
56766,113262
56767,113267
56768,113268
56769,113269
56770,113271
56771,113272
56772,113274
56773,113275
56774,113276
56775,113279
56776,113280
56777,113283
56778,113284
56779,113285
56780,113287
56781,113288
56782,113289
56783,113291
56784,113292
56785,113294
56786,113296
56787,113297
56788,113298
56789,113299
56790,113300
56791,113301
56792,113303
56793,113304
56794,113305
56795,113308
56796,113309
56797,113313
56798,113314
56799,113315
56800,113316
56801,113318
56802,113320
56803,113321
56804,113328
56805,113330
56806,113331
56807,113333
56808,113334
56809,113336
56810,113337
56811,113339
56812,113341
56813,113343
56814,113345
56815,113346
56816,113348
56817,113349
56818,113351
56819,113352
56820,113353
56821,113355
56822,113356
56823,113357
56824,113359
56825,113364
56826,113365
56827,113367
56828,113368
56829,113370
56830,113371
56831,113374
56832,113375
56833,113377
56834,113379
56835,113387
56836,113389
56837,113391
56838,113392
56839,113393
56840,113394
56841,113396
56842,113397
56843,113398
56844,113406
56845,113407
56846,113409
56847,113411
56848,113412
56849,113414
56850,113416
56851,113417
56852,113418
56853,113419
56854,113420
56855,113425
56856,113426
56857,113427
56858,113431
56859,113432
56860,113436
56861,113437
56862,113440
56863,113443
56864,113445
56865,113446
56866,113447
56867,113452
56868,113453
56869,113454
56870,113455
56871,113456
56872,113457
56873,113458
56874,113459
56875,113461
56876,113466
56877,113468
56878,113469
56879,113471
56880,113474
56881,113477
56882,113478
56883,113480
56884,113482
56885,113484
56886,113486
56887,113487
56888,113488
56889,113490
56890,113492
56891,113493
56892,113495
56893,113496
56894,113497
56895,113501
56896,113502
56897,113503
56898,113506
56899,113510
56900,113511
56901,113513
56902,113519
56903,113520
56904,113522
56905,113523
56906,113525
56907,113526
56908,113527
56909,113528
56910,113533
56911,113534
56912,113535
56913,113538
56914,113539
56915,113541
56916,113542
56917,113543
56918,113545
56919,113546
56920,113547
56921,113550
56922,113551
56923,113552
56924,113553
56925,113558
56926,113560
56927,113561
56928,113562
56929,113564
56930,113567
56931,113572
56932,113574
56933,113575
56934,113577
56935,113581
56936,113583
56937,113586
56938,113587
56939,113590
56940,113592
56941,113593
56942,113595
56943,113596
56944,113598
56945,113599
56946,113600
56947,113601
56948,113604
56949,113606
56950,113607
56951,113610
56952,113611
56953,113613
56954,113614
56955,113615
56956,113616
56957,113620
56958,113621
56959,113626
56960,113630
56961,113631
56962,113633
56963,113636
56964,113638
56965,113640
56966,113643
56967,113645
56968,113647
56969,113649
56970,113650
56971,113655
56972,113658
56973,113661
56974,113662
56975,113669
56976,113671
56977,113672
56978,113674
56979,113675
56980,113676
56981,113677
56982,113679
56983,113681
56984,113683
56985,113684
56986,113685
56987,113688
56988,113690
56989,113694
56990,113701
56991,113705
56992,113711
56993,113713
56994,113714
56995,113715
56996,113716
56997,113717
56998,113719
56999,113721
57000,113722
57001,113723
57002,113724
57003,113725
57004,113727
57005,113728
57006,113729
57007,113731
57008,113740
57009,113741
57010,113742
57011,113744
57012,113745
57013,113746
57014,113748
57015,113751
57016,113752
57017,113754
57018,113755
57019,113757
57020,113758
57021,113759
57022,113763
57023,113764
57024,113766
57025,113767
57026,113771
57027,113772
57028,113773
57029,113777
57030,113781
57031,113782
57032,113784
57033,113785
57034,113788
57035,113789
57036,113790
57037,113791
57038,113792
57039,113793
57040,113796
57041,113798
57042,113799
57043,113804
57044,113805
57045,113811
57046,113815
57047,113817
57048,113818
57049,113819
57050,113820
57051,113823
57052,113828
57053,113830
57054,113833
57055,113834
57056,113839
57057,113840
57058,113842
57059,113843
57060,113845
57061,113847
57062,113848
57063,113849
57064,113850
57065,113852
57066,113853
57067,113854
57068,113856
57069,113857
57070,113859
57071,113860
57072,113868
57073,113869
57074,113870
57075,113871
57076,113873
57077,113874
57078,113877
57079,113881
57080,113884
57081,113885
57082,113887
57083,113889
57084,113890
57085,113891
57086,113899
57087,113900
57088,113901
57089,113903
57090,113905
57091,113906
57092,113910
57093,113911
57094,113919
57095,113920
57096,113921
57097,113923
57098,113924
57099,113927
57100,113931
57101,113934
57102,113936
57103,113938
57104,113940
57105,113941
57106,113942
57107,113943
57108,113949
57109,113952
57110,113954
57111,113955
57112,113956
57113,113958
57114,113961
57115,113963
57116,113965
57117,113967
57118,113968
57119,113969
57120,113971
57121,113975
57122,113976
57123,113977
57124,113978
57125,113979
57126,113981
57127,113982
57128,113984
57129,113989
57130,113992
57131,113993
57132,113996
57133,114000
57134,114001
57135,114003
57136,114004
57137,114005
57138,114006
57139,114007
57140,114012
57141,114013
57142,114014
57143,114015
57144,114016
57145,114017
57146,114027
57147,114028
57148,114030
57149,114034
57150,114035
57151,114036
57152,114038
57153,114039
57154,114043
57155,114046
57156,114047
57157,114049
57158,114051
57159,114052
57160,114054
57161,114056
57162,114057
57163,114059
57164,114061
57165,114069
57166,114071
57167,114075
57168,114079
57169,114082
57170,114083
57171,114086
57172,114087
57173,114089
57174,114095
57175,114096
57176,114097
57177,114098
57178,114100
57179,114102
57180,114103
57181,114106
57182,114107
57183,114110
57184,114111
57185,114112
57186,114115
57187,114118
57188,114120
57189,114122
57190,114123
57191,114125
57192,114126
57193,114128
57194,114133
57195,114135
57196,114140
57197,114141
57198,114142
57199,114148
57200,114150
57201,114151
57202,114152
57203,114154
57204,114155
57205,114156
57206,114159
57207,114160
57208,114161
57209,114162
57210,114166
57211,114167
57212,114170
57213,114172
57214,114173
57215,114175
57216,114176
57217,114177
57218,114178
57219,114182
57220,114183
57221,114190
57222,114193
57223,114195
57224,114196
57225,114197
57226,114200
57227,114201
57228,114204
57229,114207
57230,114209
57231,114214
57232,114215
57233,114218
57234,114219
57235,114221
57236,114224
57237,114225
57238,114227
57239,114230
57240,114231
57241,114232
57242,114233
57243,114234
57244,114240
57245,114242
57246,114247
57247,114250
57248,114252
57249,114253
57250,114255
57251,114257
57252,114259
57253,114261
57254,114263
57255,114264
57256,114265
57257,114266
57258,114267
57259,114270
57260,114272
57261,114273
57262,114274
57263,114275
57264,114278
57265,114280
57266,114281
57267,114284
57268,114289
57269,114294
57270,114296
57271,114298
57272,114299
57273,114301
57274,114302
57275,114303
57276,114305
57277,114308
57278,114309
57279,114310
57280,114314
57281,114321
57282,114322
57283,114323
57284,114324
57285,114327
57286,114329
57287,114330
57288,114331
57289,114333
57290,114336
57291,114339
57292,114341
57293,114347
57294,114351
57295,114352
57296,114354
57297,114355
57298,114356
57299,114357
57300,114358
57301,114359
57302,114364
57303,114365
57304,114366
57305,114367
57306,114368
57307,114372
57308,114373
57309,114375
57310,114380
57311,114381
57312,114386
57313,114387
57314,114388
57315,114391
57316,114392
57317,114393
57318,114394
57319,114396
57320,114397
57321,114400
57322,114403
57323,114404
57324,114405
57325,114406
57326,114407
57327,114408
57328,114412
57329,114414
57330,114415
57331,114418
57332,114420
57333,114422
57334,114423
57335,114426
57336,114429
57337,114432
57338,114434
57339,114436
57340,114437
57341,114438
57342,114439
57343,114442
57344,114443
57345,114444
57346,114445
57347,114447
57348,114450
57349,114452
57350,114453
57351,114454
57352,114455
57353,114456
57354,114457
57355,114458
57356,114467
57357,114470
57358,114472
57359,114475
57360,114477
57361,114478
57362,114479
57363,114481
57364,114484
57365,114485
57366,114487
57367,114489
57368,114490
57369,114492
57370,114496
57371,114498
57372,114500
57373,114501
57374,114502
57375,114504
57376,114505
57377,114506
57378,114508
57379,114511
57380,114513
57381,114516
57382,114517
57383,114519
57384,114520
57385,114522
57386,114523
57387,114524
57388,114526
57389,114528
57390,114530
57391,114531
57392,114532
57393,114533
57394,114534
57395,114537
57396,114539
57397,114540
57398,114543
57399,114545
57400,114546
57401,114554
57402,114555
57403,114558
57404,114559
57405,114561
57406,114563
57407,114569
57408,114571
57409,114572
57410,114574
57411,114583
57412,114584
57413,114586
57414,114587
57415,114589
57416,114590
57417,114591
57418,114593
57419,114594
57420,114596
57421,114597
57422,114602
57423,114606
57424,114607
57425,114608
57426,114609
57427,114610
57428,114614
57429,114615
57430,114616
57431,114617
57432,114618
57433,114620
57434,114621
57435,114622
57436,114623
57437,114624
57438,114626
57439,114627
57440,114628
57441,114630
57442,114632
57443,114634
57444,114636
57445,114637
57446,114638
57447,114640
57448,114641
57449,114647
57450,114648
57451,114650
57452,114651
57453,114653
57454,114654
57455,114655
57456,114656
57457,114658
57458,114659
57459,114660
57460,114661
57461,114662
57462,114663
57463,114664
57464,114665
57465,114666
57466,114669
57467,114670
57468,114671
57469,114672
57470,114673
57471,114674
57472,114676
57473,114683
57474,114686
57475,114687
57476,114688
57477,114691
57478,114692
57479,114693
57480,114694
57481,114700
57482,114704
57483,114706
57484,114707
57485,114711
57486,114712
57487,114714
57488,114717
57489,114720
57490,114722
57491,114724
57492,114726
57493,114728
57494,114729
57495,114735
57496,114736
57497,114737
57498,114740
57499,114744
57500,114747
57501,114748
57502,114751
57503,114752
57504,114753
57505,114754
57506,114756
57507,114757
57508,114759
57509,114763
57510,114765
57511,114766
57512,114769
57513,114773
57514,114774
57515,114775
57516,114783
57517,114784
57518,114787
57519,114788
57520,114790
57521,114792
57522,114793
57523,114795
57524,114798
57525,114799
57526,114803
57527,114804
57528,114805
57529,114806
57530,114810
57531,114812
57532,114814
57533,114815
57534,114818
57535,114821
57536,114822
57537,114823
57538,114824
57539,114827
57540,114832
57541,114834
57542,114835
57543,114839
57544,114842
57545,114844
57546,114847
57547,114849
57548,114850
57549,114852
57550,114853
57551,114857
57552,114859
57553,114860
57554,114861
57555,114863
57556,114864
57557,114865
57558,114871
57559,114873
57560,114875
57561,114877
57562,114879
57563,114881
57564,114883
57565,114886
57566,114887
57567,114889
57568,114893
57569,114894
57570,114895
57571,114897
57572,114899
57573,114901
57574,114906
57575,114910
57576,114912
57577,114913
57578,114914
57579,114916
57580,114919
57581,114922
57582,114923
57583,114925
57584,114926
57585,114928
57586,114931
57587,114932
57588,114934
57589,114938
57590,114939
57591,114940
57592,114942
57593,114944
57594,114945
57595,114946
57596,114948
57597,114949
57598,114951
57599,114953
57600,114954
57601,114961
57602,114965
57603,114967
57604,114968
57605,114969
57606,114973
57607,114974
57608,114976
57609,114978
57610,114979
57611,114980
57612,114984
57613,114985
57614,114986
57615,114987
57616,114990
57617,114993
57618,114996
57619,115000
57620,115005
57621,115006
57622,115007
57623,115008
57624,115010
57625,115011
57626,115012
57627,115014
57628,115017
57629,115018
57630,115022
57631,115024
57632,115026
57633,115028
57634,115033
57635,115034
57636,115035
57637,115036
57638,115037
57639,115038
57640,115042
57641,115043
57642,115044
57643,115048
57644,115056
57645,115059
57646,115064
57647,115065
57648,115067
57649,115071
57650,115073
57651,115081
57652,115084
57653,115085
57654,115086
57655,115089
57656,115092
57657,115094
57658,115097
57659,115099
57660,115100
57661,115101
57662,115103
57663,115105
57664,115106
57665,115108
57666,115109
57667,115111
57668,115112
57669,115115
57670,115116
57671,115117
57672,115118
57673,115119
57674,115120
57675,115121
57676,115122
57677,115123
57678,115124
57679,115127
57680,115128
57681,115132
57682,115133
57683,115138
57684,115139
57685,115140
57686,115141
57687,115144
57688,115147
57689,115148
57690,115152
57691,115153
57692,115154
57693,115155
57694,115156
57695,115157
57696,115165
57697,115166
57698,115167
57699,115170
57700,115174
57701,115175
57702,115176
57703,115177
57704,115178
57705,115180
57706,115183
57707,115185
57708,115187
57709,115190
57710,115193
57711,115197
57712,115199
57713,115200
57714,115201
57715,115202
57716,115204
57717,115205
57718,115207
57719,115211
57720,115212
57721,115213
57722,115215
57723,115217
57724,115218
57725,115219
57726,115220
57727,115221
57728,115222
57729,115223
57730,115225
57731,115227
57732,115228
57733,115231
57734,115232
57735,115234
57736,115235
57737,115237
57738,115240
57739,115242
57740,115243
57741,115244
57742,115245
57743,115246
57744,115247
57745,115253
57746,115254
57747,115255
57748,115257
57749,115259
57750,115261
57751,115263
57752,115264
57753,115265
57754,115266
57755,115267
57756,115270
57757,115271
57758,115272
57759,115275
57760,115276
57761,115278
57762,115280
57763,115281
57764,115282
57765,115283
57766,115284
57767,115286
57768,115288
57769,115291
57770,115293
57771,115296
57772,115297
57773,115298
57774,115299
57775,115300
57776,115301
57777,115304
57778,115306
57779,115307
57780,115308
57781,115311
57782,115316
57783,115317
57784,115321
57785,115322
57786,115323
57787,115325
57788,115326
57789,115327
57790,115331
57791,115336
57792,115338
57793,115339
57794,115341
57795,115342
57796,115344
57797,115345
57798,115348
57799,115349
57800,115350
57801,115353
57802,115355
57803,115358
57804,115360
57805,115362
57806,115363
57807,115364
57808,115366
57809,115367
57810,115369
57811,115373
57812,115375
57813,115376
57814,115377
57815,115378
57816,115380
57817,115381
57818,115387
57819,115391
57820,115393
57821,115394
57822,115395
57823,115397
57824,115398
57825,115400
57826,115401
57827,115402
57828,115404
57829,115406
57830,115407
57831,115409
57832,115411
57833,115412
57834,115414
57835,115417
57836,115419
57837,115420
57838,115421
57839,115422
57840,115424
57841,115426
57842,115427
57843,115428
57844,115429
57845,115430
57846,115431
57847,115432
57848,115442
57849,115443
57850,115444
57851,115448
57852,115450
57853,115453
57854,115454
57855,115455
57856,115458
57857,115460
57858,115461
57859,115462
57860,115466
57861,115467
57862,115468
57863,115470
57864,115472
57865,115474
57866,115479
57867,115481
57868,115482
57869,115484
57870,115485
57871,115488
57872,115489
57873,115490
57874,115492
57875,115493
57876,115494
57877,115495
57878,115497
57879,115498
57880,115499
57881,115502
57882,115503
57883,115505
57884,115507
57885,115508
57886,115509
57887,115510
57888,115511
57889,115512
57890,115513
57891,115514
57892,115515
57893,115516
57894,115517
57895,115518
57896,115522
57897,115525
57898,115526
57899,115527
57900,115529
57901,115532
57902,115534
57903,115539
57904,115540
57905,115541
57906,115544
57907,115547
57908,115548
57909,115550
57910,115551
57911,115553
57912,115555
57913,115557
57914,115558
57915,115560
57916,115561
57917,115562
57918,115565
57919,115566
57920,115568
57921,115569
57922,115572
57923,115573
57924,115574
57925,115575
57926,115576
57927,115577
57928,115580
57929,115581
57930,115583
57931,115586
57932,115590
57933,115591
57934,115592
57935,115595
57936,115597
57937,115601
57938,115602
57939,115603
57940,115604
57941,115608
57942,115610
57943,115611
57944,115614
57945,115617
57946,115618
57947,115619
57948,115621
57949,115624
57950,115628
57951,115631
57952,115634
57953,115635
57954,115637
57955,115638
57956,115639
57957,115643
57958,115653
57959,115654
57960,115655
57961,115656
57962,115658
57963,115665
57964,115667
57965,115674
57966,115679
57967,115680
57968,115681
57969,115685
57970,115686
57971,115687
57972,115688
57973,115689
57974,115691
57975,115693
57976,115694
57977,115696
57978,115697
57979,115699
57980,115700
57981,115701
57982,115702
57983,115704
57984,115705
57985,115706
57986,115707
57987,115708
57988,115709
57989,115710
57990,115711
57991,115712
57992,115718
57993,115720
57994,115726
57995,115728
57996,115730
57997,115732
57998,115737
57999,115740
58000,115743
58001,115744
58002,115746
58003,115747
58004,115749
58005,115750
58006,115751
58007,115752
58008,115753
58009,115754
58010,115756
58011,115757
58012,115758
58013,115765
58014,115766
58015,115770
58016,115771
58017,115775
58018,115777
58019,115778
58020,115780
58021,115782
58022,115784
58023,115785
58024,115787
58025,115788
58026,115789
58027,115793
58028,115795
58029,115798
58030,115799
58031,115800
58032,115802
58033,115803
58034,115804
58035,115805
58036,115808
58037,115811
58038,115813
58039,115815
58040,115817
58041,115820
58042,115823
58043,115824
58044,115825
58045,115826
58046,115827
58047,115828
58048,115831
58049,115832
58050,115833
58051,115838
58052,115841
58053,115842
58054,115845
58055,115850
58056,115851
58057,115856
58058,115861
58059,115862
58060,115865
58061,115868
58062,115870
58063,115873
58064,115874
58065,115875
58066,115879
58067,115880
58068,115882
58069,115883
58070,115885
58071,115886
58072,115888
58073,115889
58074,115890
58075,115891
58076,115892
58077,115894
58078,115903
58079,115904
58080,115905
58081,115909
58082,115911
58083,115912
58084,115913
58085,115915
58086,115917
58087,115921
58088,115923
58089,115924
58090,115927
58091,115935
58092,115936
58093,115937
58094,115938
58095,115939
58096,115941
58097,115942
58098,115945
58099,115947
58100,115949
58101,115955
58102,115958
58103,115960
58104,115961
58105,115967
58106,115968
58107,115969
58108,115970
58109,115971
58110,115972
58111,115975
58112,115976
58113,115978
58114,115979
58115,115980
58116,115981
58117,115983
58118,115984
58119,115985
58120,115987
58121,115988
58122,115989
58123,115990
58124,115994
58125,115995
58126,115998
58127,116003
58128,116006
58129,116010
58130,116014
58131,116019
58132,116021
58133,116024
58134,116026
58135,116028
58136,116031
58137,116032
58138,116033
58139,116035
58140,116037
58141,116040
58142,116041
58143,116045
58144,116047
58145,116048
58146,116052
58147,116054
58148,116055
58149,116056
58150,116059
58151,116065
58152,116068
58153,116070
58154,116073
58155,116076
58156,116078
58157,116080
58158,116081
58159,116082
58160,116083
58161,116084
58162,116087
58163,116089
58164,116090
58165,116092
58166,116093
58167,116096
58168,116103
58169,116107
58170,116108
58171,116109
58172,116112
58173,116114
58174,116115
58175,116116
58176,116117
58177,116118
58178,116120
58179,116122
58180,116124
58181,116127
58182,116128
58183,116130
58184,116133
58185,116135
58186,116136
58187,116139
58188,116140
58189,116141
58190,116142
58191,116143
58192,116147
58193,116149
58194,116153
58195,116154
58196,116156
58197,116158
58198,116161
58199,116162
58200,116163
58201,116164
58202,116167
58203,116168
58204,116169
58205,116170
58206,116171
58207,116172
58208,116175
58209,116176
58210,116178
58211,116182
58212,116185
58213,116186
58214,116187
58215,116188
58216,116189
58217,116191
58218,116193
58219,116198
58220,116199
58221,116200
58222,116201
58223,116202
58224,116204
58225,116206
58226,116209
58227,116211
58228,116212
58229,116214
58230,116217
58231,116219
58232,116220
58233,116222
58234,116224
58235,116227
58236,116228
58237,116229
58238,116230
58239,116231
58240,116235
58241,116236
58242,116238
58243,116241
58244,116243
58245,116245
58246,116247
58247,116248
58248,116251
58249,116252
58250,116257
58251,116260
58252,116261
58253,116262
58254,116264
58255,116266
58256,116267
58257,116268
58258,116269
58259,116271
58260,116273
58261,116274
58262,116275
58263,116276
58264,116278
58265,116282
58266,116283
58267,116284
58268,116286
58269,116289
58270,116291
58271,116293
58272,116295
58273,116297
58274,116303
58275,116305
58276,116306
58277,116307
58278,116308
58279,116310
58280,116314
58281,116316
58282,116319
58283,116321
58284,116322
58285,116323
58286,116324
58287,116327
58288,116329
58289,116330
58290,116332
58291,116334
58292,116336
58293,116342
58294,116344
58295,116345
58296,116347
58297,116348
58298,116349
58299,116358
58300,116363
58301,116364
58302,116365
58303,116366
58304,116369
58305,116370
58306,116372
58307,116374
58308,116375
58309,116376
58310,116378
58311,116379
58312,116380
58313,116381
58314,116384
58315,116385
58316,116386
58317,116387
58318,116388
58319,116389
58320,116390
58321,116391
58322,116392
58323,116394
58324,116395
58325,116397
58326,116401
58327,116408
58328,116409
58329,116412
58330,116413
58331,116415
58332,116417
58333,116418
58334,116422
58335,116423
58336,116425
58337,116427
58338,116433
58339,116434
58340,116439
58341,116443
58342,116444
58343,116447
58344,116449
58345,116454
58346,116455
58347,116456
58348,116458
58349,116460
58350,116462
58351,116463
58352,116464
58353,116465
58354,116466
58355,116467
58356,116468
58357,116470
58358,116471
58359,116472
58360,116473
58361,116474
58362,116478
58363,116484
58364,116485
58365,116486
58366,116487
58367,116488
58368,116489
58369,116493
58370,116495
58371,116496
58372,116500
58373,116502
58374,116505
58375,116506
58376,116508
58377,116509
58378,116510
58379,116511
58380,116513
58381,116516
58382,116518
58383,116519
58384,116522
58385,116525
58386,116528
58387,116530
58388,116531
58389,116534
58390,116535
58391,116536
58392,116537
58393,116538
58394,116539
58395,116540
58396,116541
58397,116542
58398,116543
58399,116545
58400,116546
58401,116548
58402,116549
58403,116553
58404,116554
58405,116555
58406,116556
58407,116557
58408,116559
58409,116563
58410,116566
58411,116567
58412,116571
58413,116573
58414,116574
58415,116577
58416,116581
58417,116583
58418,116585
58419,116586
58420,116587
58421,116591
58422,116594
58423,116595
58424,116597
58425,116599
58426,116600
58427,116602
58428,116604
58429,116606
58430,116610
58431,116612
58432,116615
58433,116616
58434,116617
58435,116618
58436,116621
58437,116622
58438,116623
58439,116625
58440,116626
58441,116629
58442,116632
58443,116636
58444,116637
58445,116639
58446,116640
58447,116643
58448,116644
58449,116648
58450,116649
58451,116652
58452,116653
58453,116654
58454,116655
58455,116656
58456,116657
58457,116659
58458,116660
58459,116662
58460,116663
58461,116664
58462,116665
58463,116668
58464,116669
58465,116672
58466,116677
58467,116679
58468,116680
58469,116681
58470,116682
58471,116683
58472,116684
58473,116685
58474,116687
58475,116688
58476,116690
58477,116691
58478,116696
58479,116697
58480,116701
58481,116704
58482,116707
58483,116708
58484,116710
58485,116711
58486,116712
58487,116713
58488,116717
58489,116718
58490,116720
58491,116721
58492,116725
58493,116730
58494,116738
58495,116740
58496,116741
58497,116742
58498,116743
58499,116744
58500,116745
58501,116746
58502,116747
58503,116750
58504,116753
58505,116760
58506,116761
58507,116765
58508,116766
58509,116768
58510,116770
58511,116771
58512,116772
58513,116773
58514,116774
58515,116775
58516,116776
58517,116778
58518,116781
58519,116782
58520,116783
58521,116785
58522,116787
58523,116788
58524,116789
58525,116791
58526,116793
58527,116794
58528,116795
58529,116798
58530,116805
58531,116807
58532,116808
58533,116811
58534,116812
58535,116813
58536,116816
58537,116817
58538,116819
58539,116820
58540,116821
58541,116825
58542,116826
58543,116829
58544,116830
58545,116832
58546,116834
58547,116835
58548,116836
58549,116837
58550,116838
58551,116843
58552,116844
58553,116845
58554,116846
58555,116848
58556,116853
58557,116856
58558,116857
58559,116859
58560,116860
58561,116863
58562,116864
58563,116866
58564,116868
58565,116870
58566,116871
58567,116873
58568,116874
58569,116875
58570,116876
58571,116878
58572,116879
58573,116881
58574,116882
58575,116885
58576,116886
58577,116888
58578,116890
58579,116892
58580,116893
58581,116894
58582,116896
58583,116897
58584,116902
58585,116903
58586,116905
58587,116906
58588,116909
58589,116910
58590,116914
58591,116916
58592,116917
58593,116918
58594,116920
58595,116921
58596,116922
58597,116926
58598,116928
58599,116930
58600,116933
58601,116934
58602,116936
58603,116937
58604,116941
58605,116942
58606,116947
58607,116948
58608,116949
58609,116951
58610,116953
58611,116954
58612,116955
58613,116958
58614,116962
58615,116963
58616,116964
58617,116966
58618,116970
58619,116971
58620,116973
58621,116977
58622,116980
58623,116982
58624,116983
58625,116991
58626,116992
58627,116995
58628,116997
58629,117002
58630,117005
58631,117006
58632,117007
58633,117009
58634,117011
58635,117012
58636,117013
58637,117015
58638,117016
58639,117018
58640,117020
58641,117021
58642,117022
58643,117024
58644,117025
58645,117026
58646,117030
58647,117031
58648,117032
58649,117038
58650,117040
58651,117041
58652,117042
58653,117044
58654,117045
58655,117046
58656,117048
58657,117049
58658,117051
58659,117055
58660,117057
58661,117059
58662,117061
58663,117062
58664,117063
58665,117064
58666,117072
58667,117074
58668,117075
58669,117079
58670,117080
58671,117081
58672,117082
58673,117084
58674,117086
58675,117087
58676,117090
58677,117091
58678,117096
58679,117098
58680,117099
58681,117100
58682,117101
58683,117105
58684,117109
58685,117110
58686,117113
58687,117114
58688,117115
58689,117118
58690,117119
58691,117126
58692,117127
58693,117130
58694,117132
58695,117135
58696,117136
58697,117138
58698,117139
58699,117140
58700,117141
58701,117144
58702,117147
58703,117148
58704,117149
58705,117150
58706,117151
58707,117152
58708,117153
58709,117154
58710,117155
58711,117156
58712,117159
58713,117160
58714,117161
58715,117162
58716,117164
58717,117165
58718,117167
58719,117169
58720,117170
58721,117171
58722,117173
58723,117174
58724,117175
58725,117177
58726,117183
58727,117184
58728,117186
58729,117190
58730,117191
58731,117192
58732,117195
58733,117196
58734,117197
58735,117199
58736,117200
58737,117202
58738,117203
58739,117204
58740,117205
58741,117213
58742,117214
58743,117215
58744,117216
58745,117217
58746,117219
58747,117220
58748,117222
58749,117223
58750,117224
58751,117225
58752,117229
58753,117230
58754,117231
58755,117232
58756,117233
58757,117234
58758,117242
58759,117243
58760,117244
58761,117245
58762,117248
58763,117249
58764,117250
58765,117252
58766,117254
58767,117256
58768,117258
58769,117264
58770,117268
58771,117269
58772,117270
58773,117274
58774,117276
58775,117280
58776,117281
58777,117283
58778,117284
58779,117290
58780,117293
58781,117295
58782,117300
58783,117302
58784,117303
58785,117305
58786,117310
58787,117311
58788,117313
58789,117314
58790,117317
58791,117319
58792,117321
58793,117322
58794,117323
58795,117325
58796,117326
58797,117329
58798,117332
58799,117333
58800,117334
58801,117337
58802,117338
58803,117340
58804,117341
58805,117342
58806,117343
58807,117344
58808,117345
58809,117348
58810,117349
58811,117351
58812,117352
58813,117354
58814,117357
58815,117359
58816,117360
58817,117361
58818,117363
58819,117364
58820,117366
58821,117370
58822,117371
58823,117377
58824,117378
58825,117385
58826,117386
58827,117388
58828,117393
58829,117394
58830,117395
58831,117396
58832,117397
58833,117398
58834,117399
58835,117403
58836,117404
58837,117408
58838,117411
58839,117412
58840,117413
58841,117417
58842,117418
58843,117420
58844,117425
58845,117427
58846,117434
58847,117435
58848,117439
58849,117441
58850,117443
58851,117447
58852,117451
58853,117454
58854,117457
58855,117462
58856,117463
58857,117464
58858,117465
58859,117466
58860,117468
58861,117469
58862,117470
58863,117472
58864,117473
58865,117474
58866,117475
58867,117477
58868,117479
58869,117483
58870,117486
58871,117489
58872,117490
58873,117495
58874,117496
58875,117500
58876,117503
58877,117504
58878,117505
58879,117507
58880,117510
58881,117511
58882,117513
58883,117514
58884,117515
58885,117516
58886,117517
58887,117519
58888,117520
58889,117521
58890,117522
58891,117523
58892,117524
58893,117525
58894,117527
58895,117528
58896,117529
58897,117530
58898,117532
58899,117533
58900,117534
58901,117535
58902,117536
58903,117537
58904,117538
58905,117541
58906,117544
58907,117545
58908,117546
58909,117547
58910,117550
58911,117551
58912,117555
58913,117557
58914,117562
58915,117564
58916,117565
58917,117566
58918,117571
58919,117572
58920,117574
58921,117577
58922,117579
58923,117582
58924,117584
58925,117585
58926,117586
58927,117590
58928,117591
58929,117593
58930,117594
58931,117595
58932,117598
58933,117599
58934,117601
58935,117604
58936,117605
58937,117607
58938,117608
58939,117610
58940,117612
58941,117618
58942,117619
58943,117621
58944,117622
58945,117623
58946,117624
58947,117625
58948,117626
58949,117627
58950,117628
58951,117629
58952,117630
58953,117634
58954,117636
58955,117637
58956,117638
58957,117640
58958,117641
58959,117642
58960,117643
58961,117644
58962,117646
58963,117650
58964,117651
58965,117654
58966,117655
58967,117656
58968,117657
58969,117659
58970,117660
58971,117662
58972,117663
58973,117666
58974,117669
58975,117670
58976,117671
58977,117673
58978,117675
58979,117678
58980,117683
58981,117685
58982,117686
58983,117688
58984,117689
58985,117694
58986,117697
58987,117700
58988,117703
58989,117704
58990,117706
58991,117710
58992,117711
58993,117718
58994,117719
58995,117722
58996,117729
58997,117731
58998,117732
58999,117733
59000,117735
59001,117737
59002,117740
59003,117741
59004,117743
59005,117750
59006,117751
59007,117752
59008,117753
59009,117754
59010,117756
59011,117760
59012,117761
59013,117762
59014,117763
59015,117766
59016,117770
59017,117771
59018,117772
59019,117773
59020,117775
59021,117777
59022,117778
59023,117781
59024,117783
59025,117784
59026,117786
59027,117788
59028,117794
59029,117796
59030,117799
59031,117800
59032,117801
59033,117802
59034,117806
59035,117808
59036,117812
59037,117813
59038,117816
59039,117817
59040,117820
59041,117821
59042,117822
59043,117827
59044,117828
59045,117829
59046,117836
59047,117838
59048,117840
59049,117841
59050,117842
59051,117848
59052,117849
59053,117858
59054,117860
59055,117861
59056,117864
59057,117870
59058,117872
59059,117873
59060,117877
59061,117878
59062,117879
59063,117882
59064,117883
59065,117885
59066,117886
59067,117887
59068,117888
59069,117889
59070,117890
59071,117899
59072,117900
59073,117903
59074,117905
59075,117908
59076,117909
59077,117910
59078,117917
59079,117920
59080,117923
59081,117924
59082,117927
59083,117929
59084,117931
59085,117935
59086,117936
59087,117937
59088,117938
59089,117939
59090,117940
59091,117944
59092,117946
59093,117947
59094,117949
59095,117951
59096,117952
59097,117954
59098,117955
59099,117956
59100,117957
59101,117958
59102,117965
59103,117966
59104,117969
59105,117971
59106,117973
59107,117974
59108,117976
59109,117977
59110,117978
59111,117980
59112,117981
59113,117985
59114,117986
59115,117998
59116,118000
59117,118002
59118,118003
59119,118004
59120,118005
59121,118007
59122,118010
59123,118015
59124,118016
59125,118017
59126,118020
59127,118022
59128,118024
59129,118025
59130,118028
59131,118030
59132,118034
59133,118036
59134,118037
59135,118039
59136,118043
59137,118044
59138,118047
59139,118049
59140,118051
59141,118053
59142,118054
59143,118055
59144,118057
59145,118059
59146,118060
59147,118064
59148,118066
59149,118067
59150,118070
59151,118072
59152,118073
59153,118074
59154,118077
59155,118079
59156,118081
59157,118082
59158,118086
59159,118087
59160,118088
59161,118089
59162,118092
59163,118093
59164,118094
59165,118095
59166,118097
59167,118100
59168,118103
59169,118104
59170,118106
59171,118110
59172,118111
59173,118115
59174,118116
59175,118118
59176,118119
59177,118120
59178,118122
59179,118124
59180,118126
59181,118128
59182,118130
59183,118134
59184,118135
59185,118138
59186,118139
59187,118142
59188,118145
59189,118146
59190,118148
59191,118153
59192,118155
59193,118158
59194,118159
59195,118162
59196,118163
59197,118168
59198,118176
59199,118178
59200,118179
59201,118180
59202,118181
59203,118182
59204,118183
59205,118185
59206,118186
59207,118189
59208,118190
59209,118191
59210,118194
59211,118197
59212,118200
59213,118202
59214,118203
59215,118205
59216,118206
59217,118207
59218,118211
59219,118212
59220,118214
59221,118215
59222,118217
59223,118218
59224,118220
59225,118222
59226,118223
59227,118229
59228,118230
59229,118234
59230,118235
59231,118236
59232,118238
59233,118239
59234,118241
59235,118242
59236,118245
59237,118246
59238,118247
59239,118249
59240,118250
59241,118251
59242,118252
59243,118253
59244,118254
59245,118256
59246,118258
59247,118259
59248,118260
59249,118261
59250,118263
59251,118268
59252,118270
59253,118272
59254,118273
59255,118275
59256,118276
59257,118277
59258,118278
59259,118279
59260,118281
59261,118284
59262,118286
59263,118289
59264,118290
59265,118292
59266,118295
59267,118296
59268,118298
59269,118299
59270,118301
59271,118302
59272,118303
59273,118304
59274,118305
59275,118310
59276,118311
59277,118312
59278,118313
59279,118314
59280,118317
59281,118323
59282,118325
59283,118326
59284,118327
59285,118328
59286,118330
59287,118331
59288,118341
59289,118342
59290,118344
59291,118346
59292,118348
59293,118350
59294,118351
59295,118356
59296,118359
59297,118362
59298,118367
59299,118369
59300,118372
59301,118376
59302,118378
59303,118380
59304,118381
59305,118382
59306,118384
59307,118387
59308,118391
59309,118392
59310,118396
59311,118397
59312,118398
59313,118401
59314,118402
59315,118403
59316,118404
59317,118408
59318,118410
59319,118411
59320,118413
59321,118416
59322,118418
59323,118419
59324,118420
59325,118421
59326,118425
59327,118429
59328,118431
59329,118432
59330,118435
59331,118436
59332,118437
59333,118438
59334,118440
59335,118441
59336,118442
59337,118443
59338,118448
59339,118449
59340,118451
59341,118452
59342,118453
59343,118455
59344,118456
59345,118462
59346,118464
59347,118465
59348,118467
59349,118469
59350,118473
59351,118474
59352,118475
59353,118476
59354,118478
59355,118480
59356,118481
59357,118483
59358,118484
59359,118485
59360,118486
59361,118487
59362,118490
59363,118494
59364,118495
59365,118499
59366,118503
59367,118504
59368,118505
59369,118507
59370,118508
59371,118509
59372,118510
59373,118511
59374,118513
59375,118518
59376,118519
59377,118520
59378,118521
59379,118523
59380,118524
59381,118527
59382,118528
59383,118533
59384,118535
59385,118536
59386,118537
59387,118538
59388,118539
59389,118541
59390,118542
59391,118544
59392,118548
59393,118551
59394,118552
59395,118553
59396,118555
59397,118556
59398,118557
59399,118558
59400,118559
59401,118561
59402,118562
59403,118564
59404,118567
59405,118570
59406,118571
59407,118576
59408,118577
59409,118578
59410,118579
59411,118580
59412,118581
59413,118583
59414,118585
59415,118588
59416,118590
59417,118591
59418,118592
59419,118593
59420,118596
59421,118597
59422,118598
59423,118599
59424,118600
59425,118601
59426,118602
59427,118604
59428,118610
59429,118611
59430,118617
59431,118620
59432,118623
59433,118625
59434,118628
59435,118630
59436,118632
59437,118634
59438,118637
59439,118638
59440,118639
59441,118640
59442,118642
59443,118643
59444,118645
59445,118649
59446,118650
59447,118652
59448,118653
59449,118655
59450,118656
59451,118657
59452,118658
59453,118664
59454,118666
59455,118668
59456,118669
59457,118671
59458,118673
59459,118676
59460,118677
59461,118680
59462,118681
59463,118683
59464,118686
59465,118688
59466,118689
59467,118690
59468,118691
59469,118692
59470,118694
59471,118695
59472,118696
59473,118697
59474,118698
59475,118704
59476,118705
59477,118706
59478,118709
59479,118711
59480,118713
59481,118716
59482,118725
59483,118729
59484,118731
59485,118736
59486,118737
59487,118740
59488,118741
59489,118751
59490,118753
59491,118758
59492,118760
59493,118761
59494,118765
59495,118769
59496,118772
59497,118775
59498,118777
59499,118778
59500,118780
59501,118781
59502,118783
59503,118785
59504,118786
59505,118788
59506,118791
59507,118793
59508,118797
59509,118799
59510,118802
59511,118803
59512,118805
59513,118806
59514,118808
59515,118810
59516,118812
59517,118813
59518,118816
59519,118818
59520,118819
59521,118820
59522,118821
59523,118822
59524,118823
59525,118825
59526,118829
59527,118830
59528,118832
59529,118833
59530,118840
59531,118841
59532,118844
59533,118845
59534,118848
59535,118849
59536,118851
59537,118852
59538,118854
59539,118855
59540,118857
59541,118859
59542,118860
59543,118861
59544,118863
59545,118864
59546,118866
59547,118869
59548,118871
59549,118876
59550,118877
59551,118878
59552,118881
59553,118883
59554,118889
59555,118890
59556,118892
59557,118893
59558,118894
59559,118895
59560,118897
59561,118898
59562,118899
59563,118900
59564,118901
59565,118902
59566,118903
59567,118904
59568,118908
59569,118911
59570,118921
59571,118922
59572,118923
59573,118924
59574,118925
59575,118927
59576,118928
59577,118930
59578,118931
59579,118933
59580,118934
59581,118935
59582,118936
59583,118941
59584,118942
59585,118949
59586,118951
59587,118952
59588,118955
59589,118956
59590,118958
59591,118959
59592,118960
59593,118961
59594,118962
59595,118963
59596,118966
59597,118967
59598,118968
59599,118971
59600,118973
59601,118982
59602,118983
59603,118984
59604,118985
59605,118986
59606,118987
59607,118988
59608,118991
59609,118993
59610,118994
59611,118999
59612,119000
59613,119001
59614,119003
59615,119006
59616,119009
59617,119010
59618,119011
59619,119014
59620,119016
59621,119017
59622,119019
59623,119021
59624,119023
59625,119024
59626,119025
59627,119027
59628,119028
59629,119030
59630,119032
59631,119036
59632,119037
59633,119038
59634,119039
59635,119041
59636,119042
59637,119047
59638,119051
59639,119052
59640,119053
59641,119056
59642,119057
59643,119059
59644,119060
59645,119064
59646,119065
59647,119066
59648,119067
59649,119069
59650,119070
59651,119071
59652,119074
59653,119075
59654,119079
59655,119080
59656,119082
59657,119084
59658,119087
59659,119088
59660,119090
59661,119091
59662,119093
59663,119099
59664,119101
59665,119102
59666,119103
59667,119104
59668,119105
59669,119106
59670,119107
59671,119109
59672,119110
59673,119111
59674,119113
59675,119115
59676,119116
59677,119117
59678,119119
59679,119120
59680,119122
59681,119123
59682,119126
59683,119127
59684,119128
59685,119130
59686,119131
59687,119132
59688,119133
59689,119135
59690,119138
59691,119139
59692,119146
59693,119150
59694,119151
59695,119153
59696,119156
59697,119158
59698,119159
59699,119162
59700,119164
59701,119166
59702,119170
59703,119175
59704,119177
59705,119179
59706,119181
59707,119185
59708,119186
59709,119187
59710,119189
59711,119190
59712,119195
59713,119199
59714,119204
59715,119205
59716,119211
59717,119214
59718,119216
59719,119219
59720,119221
59721,119223
59722,119224
59723,119231
59724,119232
59725,119233
59726,119234
59727,119235
59728,119237
59729,119239
59730,119242
59731,119244
59732,119246
59733,119248
59734,119250
59735,119256
59736,119261
59737,119263
59738,119266
59739,119267
59740,119269
59741,119270
59742,119274
59743,119275
59744,119277
59745,119278
59746,119279
59747,119280
59748,119281
59749,119283
59750,119284
59751,119286
59752,119288
59753,119289
59754,119292
59755,119295
59756,119297
59757,119305
59758,119306
59759,119307
59760,119308
59761,119309
59762,119315
59763,119316
59764,119325
59765,119326
59766,119327
59767,119329
59768,119334
59769,119335
59770,119336
59771,119337
59772,119338
59773,119339
59774,119341
59775,119342
59776,119343
59777,119345
59778,119346
59779,119347
59780,119348
59781,119349
59782,119351
59783,119353
59784,119354
59785,119355
59786,119356
59787,119358
59788,119359
59789,119360
59790,119363
59791,119364
59792,119366
59793,119367
59794,119372
59795,119373
59796,119376
59797,119383
59798,119384
59799,119388
59800,119390
59801,119393
59802,119400
59803,119402
59804,119404
59805,119406
59806,119407
59807,119408
59808,119409
59809,119410
59810,119412
59811,119413
59812,119414
59813,119415
59814,119416
59815,119420
59816,119423
59817,119424
59818,119425
59819,119429
59820,119430
59821,119436
59822,119437
59823,119440
59824,119444
59825,119446
59826,119447
59827,119451
59828,119453
59829,119456
59830,119458
59831,119460
59832,119466
59833,119470
59834,119473
59835,119474
59836,119475
59837,119478
59838,119480
59839,119481
59840,119482
59841,119483
59842,119484
59843,119490
59844,119492
59845,119495
59846,119496
59847,119497
59848,119500
59849,119502
59850,119504
59851,119505
59852,119507
59853,119508
59854,119509
59855,119510
59856,119513
59857,119514
59858,119515
59859,119516
59860,119517
59861,119518
59862,119520
59863,119522
59864,119523
59865,119525
59866,119526
59867,119527
59868,119528
59869,119529
59870,119530
59871,119531
59872,119533
59873,119534
59874,119535
59875,119538
59876,119539
59877,119540
59878,119543
59879,119545
59880,119546
59881,119547
59882,119548
59883,119550
59884,119552
59885,119554
59886,119555
59887,119556
59888,119557
59889,119559
59890,119560
59891,119563
59892,119566
59893,119572
59894,119573
59895,119575
59896,119576
59897,119578
59898,119581
59899,119586
59900,119587
59901,119588
59902,119589
59903,119591
59904,119592
59905,119594
59906,119595
59907,119596
59908,119602
59909,119605
59910,119607
59911,119608
59912,119610
59913,119611
59914,119612
59915,119613
59916,119618
59917,119619
59918,119621
59919,119624
59920,119625
59921,119628
59922,119631
59923,119632
59924,119634
59925,119635
59926,119637
59927,119639
59928,119640
59929,119641
59930,119645
59931,119647
59932,119648
59933,119649
59934,119651
59935,119654
59936,119655
59937,119656
59938,119657
59939,119659
59940,119660
59941,119663
59942,119665
59943,119669
59944,119671
59945,119672
59946,119673
59947,119674
59948,119675
59949,119676
59950,119679
59951,119681
59952,119682
59953,119683
59954,119686
59955,119688
59956,119689
59957,119690
59958,119692
59959,119694
59960,119698
59961,119699
59962,119700
59963,119701
59964,119702
59965,119705
59966,119707
59967,119709
59968,119710
59969,119713
59970,119714
59971,119715
59972,119716
59973,119719
59974,119720
59975,119722
59976,119723
59977,119724
59978,119725
59979,119727
59980,119730
59981,119732
59982,119734
59983,119735
59984,119741
59985,119745
59986,119746
59987,119749
59988,119750
59989,119752
59990,119753
59991,119754
59992,119755
59993,119760
59994,119761
59995,119764
59996,119765
59997,119767
59998,119768
59999,119769
60000,119773
60001,119774
60002,119775
60003,119777
60004,119779
60005,119781
60006,119782
60007,119783
60008,119784
60009,119786
60010,119787
60011,119791
60012,119792
60013,119793
60014,119795
60015,119796
60016,119797
60017,119799
60018,119800
60019,119802
60020,119803
60021,119804
60022,119805
60023,119807
60024,119809
60025,119810
60026,119812
60027,119814
60028,119816
60029,119817
60030,119818
60031,119819
60032,119823
60033,119827
60034,119828
60035,119830
60036,119831
60037,119833
60038,119835
60039,119836
60040,119837
60041,119838
60042,119839
60043,119840
60044,119841
60045,119843
60046,119844
60047,119845
60048,119846
60049,119847
60050,119851
60051,119856
60052,119857
60053,119858
60054,119859
60055,119861
60056,119865
60057,119866
60058,119869
60059,119870
60060,119871
60061,119873
60062,119874
60063,119875
60064,119876
60065,119877
60066,119878
60067,119879
60068,119880
60069,119884
60070,119886
60071,119887
60072,119888
60073,119890
60074,119891
60075,119899
60076,119902
60077,119904
60078,119905
60079,119906
60080,119908
60081,119911
60082,119912
60083,119913
60084,119919
60085,119923
60086,119925
60087,119926
60088,119930
60089,119931
60090,119934
60091,119939
60092,119942
60093,119943
60094,119944
60095,119948
60096,119949
60097,119950
60098,119952
60099,119953
60100,119955
60101,119956
60102,119957
60103,119958
60104,119959
60105,119961
60106,119962
60107,119963
60108,119966
60109,119967
60110,119968
60111,119969
60112,119971
60113,119973
60114,119974
60115,119975
60116,119976
60117,119979
60118,119984
60119,119985
60120,119986
60121,119988
60122,119989
60123,119990
60124,119992
60125,119996
60126,119998
60127,120000
60128,120001
60129,120004
60130,120008
60131,120011
60132,120012
60133,120014
60134,120020
60135,120022
60136,120023
60137,120024
60138,120026
60139,120028
60140,120029
60141,120032
60142,120034
60143,120035
60144,120036
60145,120037
60146,120038
60147,120039
60148,120041
60149,120042
60150,120043
60151,120044
60152,120046
60153,120048
60154,120050
60155,120051
60156,120052
60157,120053
60158,120054
60159,120056
60160,120057
60161,120063
60162,120066
60163,120067
60164,120070
60165,120071
60166,120075
60167,120076
60168,120077
60169,120082
60170,120084
60171,120085
60172,120086
60173,120092
60174,120093
60175,120096
60176,120099
60177,120103
60178,120104
60179,120105
60180,120107
60181,120109
60182,120116
60183,120118
60184,120120
60185,120121
60186,120126
60187,120127
60188,120129
60189,120131
60190,120134
60191,120136
60192,120137
60193,120138
60194,120140
60195,120142
60196,120144
60197,120145
60198,120146
60199,120148
60200,120149
60201,120154
60202,120157
60203,120158
60204,120159
60205,120161
60206,120163
60207,120165
60208,120166
60209,120167
60210,120168
60211,120170
60212,120171
60213,120173
60214,120175
60215,120177
60216,120184
60217,120186
60218,120189
60219,120190
60220,120192
60221,120193
60222,120194
60223,120195
60224,120199
60225,120202
60226,120205
60227,120207
60228,120211
60229,120212
60230,120214
60231,120216
60232,120218
60233,120220
60234,120225
60235,120226
60236,120227
60237,120231
60238,120232
60239,120235
60240,120237
60241,120238
60242,120239
60243,120240
60244,120242
60245,120243
60246,120248
60247,120250
60248,120251
60249,120252
60250,120255
60251,120258
60252,120259
60253,120260
60254,120261
60255,120262
60256,120263
60257,120264
60258,120268
60259,120270
60260,120271
60261,120274
60262,120275
60263,120278
60264,120282
60265,120285
60266,120286
60267,120290
60268,120291
60269,120295
60270,120297
60271,120299
60272,120300
60273,120303
60274,120306
60275,120307
60276,120310
60277,120311
60278,120312
60279,120314
60280,120315
60281,120317
60282,120319
60283,120320
60284,120322
60285,120323
60286,120326
60287,120327
60288,120329
60289,120330
60290,120332
60291,120333
60292,120336
60293,120339
60294,120341
60295,120342
60296,120347
60297,120348
60298,120349
60299,120350
60300,120351
60301,120355
60302,120357
60303,120359
60304,120360
60305,120361
60306,120362
60307,120363
60308,120367
60309,120372
60310,120374
60311,120375
60312,120377
60313,120378
60314,120379
60315,120380
60316,120384
60317,120387
60318,120391
60319,120393
60320,120396
60321,120404
60322,120405
60323,120407
60324,120408
60325,120411
60326,120414
60327,120415
60328,120417
60329,120419
60330,120425
60331,120426
60332,120429
60333,120430
60334,120433
60335,120437
60336,120439
60337,120441
60338,120442
60339,120444
60340,120445
60341,120446
60342,120448
60343,120449
60344,120452
60345,120453
60346,120454
60347,120456
60348,120457
60349,120459
60350,120462
60351,120463
60352,120466
60353,120468
60354,120469
60355,120473
60356,120476
60357,120479
60358,120480
60359,120486
60360,120487
60361,120489
60362,120492
60363,120493
60364,120495
60365,120496
60366,120497
60367,120500
60368,120501
60369,120502
60370,120505
60371,120508
60372,120509
60373,120510
60374,120512
60375,120513
60376,120516
60377,120519
60378,120520
60379,120521
60380,120522
60381,120524
60382,120525
60383,120527
60384,120529
60385,120530
60386,120533
60387,120534
60388,120535
60389,120536
60390,120538
60391,120540
60392,120541
60393,120542
60394,120544
60395,120545
60396,120546
60397,120547
60398,120548
60399,120549
60400,120551
60401,120552
60402,120553
60403,120555
60404,120556
60405,120558
60406,120559
60407,120560
60408,120563
60409,120564
60410,120565
60411,120567
60412,120569
60413,120571
60414,120572
60415,120573
60416,120577
60417,120578
60418,120579
60419,120580
60420,120582
60421,120585
60422,120586
60423,120587
60424,120588
60425,120590
60426,120591
60427,120592
60428,120593
60429,120595
60430,120597
60431,120604
60432,120607
60433,120611
60434,120612
60435,120613
60436,120614
60437,120616
60438,120617
60439,120620
60440,120621
60441,120625
60442,120627
60443,120628
60444,120629
60445,120630
60446,120631
60447,120632
60448,120634
60449,120636
60450,120637
60451,120638
60452,120639
60453,120646
60454,120650
60455,120654
60456,120655
60457,120656
60458,120658
60459,120660
60460,120661
60461,120662
60462,120664
60463,120666
60464,120667
60465,120668
60466,120669
60467,120670
60468,120673
60469,120675
60470,120680
60471,120682
60472,120683
60473,120686
60474,120692
60475,120694
60476,120696
60477,120698
60478,120699
60479,120700
60480,120701
60481,120706
60482,120713
60483,120715
60484,120716
60485,120719
60486,120720
60487,120721
60488,120722
60489,120725
60490,120734
60491,120736
60492,120738
60493,120739
60494,120745
60495,120750
60496,120751
60497,120753
60498,120755
60499,120756
60500,120757
60501,120759
60502,120761
60503,120762
60504,120763
60505,120764
60506,120766
60507,120767
60508,120770
60509,120772
60510,120773
60511,120775
60512,120776
60513,120778
60514,120781
60515,120783
60516,120784
60517,120787
60518,120788
60519,120790
60520,120791
60521,120796
60522,120799
60523,120802
60524,120805
60525,120806
60526,120807
60527,120810
60528,120811
60529,120812
60530,120815
60531,120817
60532,120820
60533,120821
60534,120824
60535,120833
60536,120841
60537,120843
60538,120844
60539,120846
60540,120849
60541,120850
60542,120853
60543,120854
60544,120857
60545,120860
60546,120862
60547,120863
60548,120866
60549,120867
60550,120868
60551,120869
60552,120871
60553,120872
60554,120874
60555,120875
60556,120876
60557,120877
60558,120882
60559,120883
60560,120884
60561,120885
60562,120888
60563,120889
60564,120890
60565,120891
60566,120894
60567,120895
60568,120896
60569,120897
60570,120898
60571,120899
60572,120900
60573,120901
60574,120903
60575,120906
60576,120907
60577,120909
60578,120911
60579,120912
60580,120913
60581,120916
60582,120917
60583,120918
60584,120919
60585,120921
60586,120923
60587,120925
60588,120932
60589,120936
60590,120938
60591,120939
60592,120941
60593,120943
60594,120944
60595,120947
60596,120951
60597,120952
60598,120955
60599,120959
60600,120960
60601,120962
60602,120963
60603,120964
60604,120966
60605,120967
60606,120968
60607,120970
60608,120972
60609,120973
60610,120974
60611,120976
60612,120978
60613,120981
60614,120982
60615,120983
60616,120987
60617,120988
60618,120990
60619,120991
60620,120992
60621,120995
60622,121000
60623,121001
60624,121002
60625,121003
60626,121007
60627,121008
60628,121009
60629,121010
60630,121011
60631,121013
60632,121015
60633,121019
60634,121022
60635,121026
60636,121027
60637,121030
60638,121033
60639,121034
60640,121037
60641,121040
60642,121042
60643,121043
60644,121044
60645,121048
60646,121049
60647,121050
60648,121051
60649,121054
60650,121055
60651,121060
60652,121062
60653,121065
60654,121069
60655,121070
60656,121073
60657,121075
60658,121076
60659,121077
60660,121078
60661,121081
60662,121082
60663,121083
60664,121084
60665,121086
60666,121087
60667,121088
60668,121089
60669,121090
60670,121093
60671,121096
60672,121098
60673,121099
60674,121100
60675,121103
60676,121104
60677,121107
60678,121109
60679,121111
60680,121117
60681,121119
60682,121121
60683,121122
60684,121124
60685,121125
60686,121126
60687,121128
60688,121129
60689,121130
60690,121131
60691,121133
60692,121137
60693,121140
60694,121141
60695,121142
60696,121144
60697,121146
60698,121147
60699,121153
60700,121154
60701,121159
60702,121160
60703,121161
60704,121167
60705,121170
60706,121171
60707,121172
60708,121173
60709,121174
60710,121179
60711,121180
60712,121181
60713,121182
60714,121183
60715,121184
60716,121185
60717,121186
60718,121188
60719,121190
60720,121192
60721,121194
60722,121195
60723,121198
60724,121203
60725,121205
60726,121206
60727,121207
60728,121209
60729,121212
60730,121215
60731,121216
60732,121218
60733,121219
60734,121223
60735,121224
60736,121227
60737,121228
60738,121234
60739,121236
60740,121237
60741,121238
60742,121239
60743,121240
60744,121241
60745,121247
60746,121248
60747,121249
60748,121251
60749,121252
60750,121258
60751,121259
60752,121261
60753,121263
60754,121264
60755,121265
60756,121266
60757,121269
60758,121273
60759,121274
60760,121279
60761,121281
60762,121282
60763,121283
60764,121284
60765,121285
60766,121287
60767,121289
60768,121293
60769,121295
60770,121296
60771,121299
60772,121302
60773,121303
60774,121304
60775,121308
60776,121309
60777,121310
60778,121313
60779,121314
60780,121316
60781,121319
60782,121320
60783,121322
60784,121324
60785,121326
60786,121327
60787,121329
60788,121331
60789,121332
60790,121334
60791,121337
60792,121339
60793,121342
60794,121343
60795,121344
60796,121345
60797,121347
60798,121348
60799,121350
60800,121351
60801,121355
60802,121356
60803,121362
60804,121363
60805,121364
60806,121365
60807,121367
60808,121369
60809,121370
60810,121371
60811,121376
60812,121378
60813,121384
60814,121386
60815,121387
60816,121388
60817,121389
60818,121390
60819,121392
60820,121394
60821,121395
60822,121397
60823,121398
60824,121402
60825,121403
60826,121404
60827,121410
60828,121411
60829,121412
60830,121417
60831,121418
60832,121419
60833,121421
60834,121422
60835,121423
60836,121426
60837,121430
60838,121431
60839,121433
60840,121436
60841,121437
60842,121440
60843,121444
60844,121445
60845,121448
60846,121449
60847,121453
60848,121454
60849,121456
60850,121457
60851,121459
60852,121461
60853,121462
60854,121463
60855,121465
60856,121466
60857,121469
60858,121470
60859,121471
60860,121472
60861,121475
60862,121477
60863,121480
60864,121482
60865,121483
60866,121488
60867,121491
60868,121494
60869,121495
60870,121496
60871,121499
60872,121502
60873,121503
60874,121506
60875,121507
60876,121508
60877,121509
60878,121510
60879,121514
60880,121516
60881,121518
60882,121521
60883,121522
60884,121526
60885,121527
60886,121529
60887,121531
60888,121533
60889,121534
60890,121539
60891,121542
60892,121543
60893,121545
60894,121546
60895,121550
60896,121553
60897,121554
60898,121556
60899,121557
60900,121558
60901,121560
60902,121561
60903,121562
60904,121566
60905,121567
60906,121572
60907,121574
60908,121575
60909,121578
60910,121581
60911,121583
60912,121584
60913,121585
60914,121586
60915,121589
60916,121592
60917,121593
60918,121596
60919,121598
60920,121599
60921,121601
60922,121603
60923,121605
60924,121609
60925,121611
60926,121614
60927,121617
60928,121623
60929,121625
60930,121631
60931,121632
60932,121634
60933,121635
60934,121637
60935,121640
60936,121642
60937,121644
60938,121645
60939,121647
60940,121648
60941,121651
60942,121652
60943,121654
60944,121656
60945,121658
60946,121661
60947,121663
60948,121666
60949,121667
60950,121668
60951,121669
60952,121670
60953,121672
60954,121674
60955,121675
60956,121680
60957,121681
60958,121682
60959,121685
60960,121686
60961,121688
60962,121691
60963,121694
60964,121695
60965,121697
60966,121699
60967,121700
60968,121703
60969,121704
60970,121706
60971,121708
60972,121709
60973,121712
60974,121714
60975,121715
60976,121716
60977,121717
60978,121719
60979,121726
60980,121727
60981,121728
60982,121730
60983,121732
60984,121735
60985,121736
60986,121737
60987,121740
60988,121741
60989,121742
60990,121744
60991,121745
60992,121746
60993,121752
60994,121753
60995,121754
60996,121755
60997,121756
60998,121758
60999,121759
61000,121761
61001,121762
61002,121763
61003,121764
61004,121767
61005,121768
61006,121771
61007,121773
61008,121777
61009,121785
61010,121786
61011,121788
61012,121790
61013,121791
61014,121792
61015,121793
61016,121795
61017,121796
61018,121797
61019,121799
61020,121800
61021,121801
61022,121802
61023,121803
61024,121805
61025,121807
61026,121808
61027,121812
61028,121813
61029,121815
61030,121817
61031,121820
61032,121821
61033,121822
61034,121828
61035,121829
61036,121830
61037,121831
61038,121836
61039,121837
61040,121840
61041,121841
61042,121843
61043,121851
61044,121855
61045,121856
61046,121860
61047,121862
61048,121863
61049,121864
61050,121866
61051,121867
61052,121869
61053,121871
61054,121873
61055,121874
61056,121875
61057,121879
61058,121882
61059,121886
61060,121889
61061,121890
61062,121891
61063,121893
61064,121895
61065,121896
61066,121898
61067,121903
61068,121906
61069,121907
61070,121910
61071,121911
61072,121912
61073,121913
61074,121914
61075,121915
61076,121918
61077,121920
61078,121924
61079,121925
61080,121926
61081,121927
61082,121928
61083,121930
61084,121931
61085,121932
61086,121934
61087,121935
61088,121936
61089,121937
61090,121938
61091,121940
61092,121945
61093,121947
61094,121955
61095,121956
61096,121957
61097,121958
61098,121961
61099,121962
61100,121963
61101,121964
61102,121965
61103,121966
61104,121968
61105,121969
61106,121970
61107,121974
61108,121975
61109,121977
61110,121978
61111,121982
61112,121984
61113,121985
61114,121986
61115,121988
61116,121989
61117,121990
61118,121997
61119,121998
61120,121999
61121,122002
61122,122005
61123,122007
61124,122008
61125,122016
61126,122019
61127,122025
61128,122028
61129,122030
61130,122032
61131,122034
61132,122038
61133,122039
61134,122043
61135,122046
61136,122048
61137,122051
61138,122052
61139,122053
61140,122056
61141,122065
61142,122067
61143,122068
61144,122075
61145,122076
61146,122078
61147,122079
61148,122081
61149,122084
61150,122085
61151,122091
61152,122094
61153,122099
61154,122100
61155,122101
61156,122106
61157,122107
61158,122108
61159,122110
61160,122114
61161,122115
61162,122117
61163,122118
61164,122119
61165,122121
61166,122124
61167,122128
61168,122131
61169,122132
61170,122133
61171,122141
61172,122142
61173,122144
61174,122145
61175,122146
61176,122147
61177,122150
61178,122152
61179,122154
61180,122155
61181,122156
61182,122157
61183,122159
61184,122160
61185,122162
61186,122163
61187,122165
61188,122166
61189,122169
61190,122170
61191,122171
61192,122173
61193,122174
61194,122176
61195,122177
61196,122178
61197,122179
61198,122180
61199,122181
61200,122182
61201,122183
61202,122185
61203,122190
61204,122191
61205,122192
61206,122197
61207,122198
61208,122199
61209,122202
61210,122203
61211,122205
61212,122207
61213,122210
61214,122212
61215,122213
61216,122216
61217,122218
61218,122219
61219,122220
61220,122222
61221,122223
61222,122224
61223,122228
61224,122229
61225,122233
61226,122234
61227,122235
61228,122236
61229,122238
61230,122239
61231,122242
61232,122244
61233,122249
61234,122250
61235,122251
61236,122253
61237,122254
61238,122255
61239,122257
61240,122258
61241,122259
61242,122260
61243,122263
61244,122264
61245,122265
61246,122268
61247,122270
61248,122271
61249,122274
61250,122277
61251,122278
61252,122279
61253,122281
61254,122289
61255,122291
61256,122292
61257,122293
61258,122300
61259,122302
61260,122304
61261,122306
61262,122308
61263,122311
61264,122312
61265,122313
61266,122314
61267,122315
61268,122317
61269,122319
61270,122322
61271,122323
61272,122324
61273,122325
61274,122327
61275,122331
61276,122333
61277,122334
61278,122336
61279,122337
61280,122338
61281,122339
61282,122340
61283,122341
61284,122342
61285,122344
61286,122345
61287,122349
61288,122350
61289,122353
61290,122354
61291,122356
61292,122357
61293,122358
61294,122360
61295,122363
61296,122364
61297,122366
61298,122367
61299,122368
61300,122369
61301,122371
61302,122372
61303,122382
61304,122383
61305,122385
61306,122387
61307,122388
61308,122392
61309,122393
61310,122396
61311,122399
61312,122401
61313,122402
61314,122403
61315,122405
61316,122407
61317,122412
61318,122413
61319,122414
61320,122416
61321,122417
61322,122421
61323,122422
61324,122423
61325,122424
61326,122428
61327,122431
61328,122432
61329,122434
61330,122439
61331,122440
61332,122442
61333,122443
61334,122446
61335,122447
61336,122449
61337,122450
61338,122451
61339,122453
61340,122454
61341,122455
61342,122457
61343,122459
61344,122460
61345,122462
61346,122463
61347,122465
61348,122471
61349,122478
61350,122479
61351,122480
61352,122487
61353,122488
61354,122492
61355,122494
61356,122500
61357,122501
61358,122503
61359,122505
61360,122506
61361,122507
61362,122509
61363,122510
61364,122511
61365,122512
61366,122514
61367,122515
61368,122516
61369,122518
61370,122519
61371,122521
61372,122524
61373,122525
61374,122527
61375,122528
61376,122529
61377,122530
61378,122531
61379,122533
61380,122534
61381,122535
61382,122536
61383,122538
61384,122540
61385,122541
61386,122543
61387,122544
61388,122547
61389,122550
61390,122551
61391,122553
61392,122554
61393,122555
61394,122556
61395,122558
61396,122559
61397,122561
61398,122562
61399,122565
61400,122569
61401,122573
61402,122576
61403,122579
61404,122582
61405,122585
61406,122586
61407,122587
61408,122588
61409,122590
61410,122594
61411,122595
61412,122596
61413,122597
61414,122599
61415,122600
61416,122601
61417,122602
61418,122604
61419,122606
61420,122608
61421,122610
61422,122614
61423,122616
61424,122617
61425,122620
61426,122626
61427,122628
61428,122629
61429,122630
61430,122631
61431,122632
61432,122635
61433,122636
61434,122638
61435,122641
61436,122642
61437,122646
61438,122648
61439,122651
61440,122652
61441,122654
61442,122655
61443,122656
61444,122658
61445,122660
61446,122661
61447,122662
61448,122663
61449,122666
61450,122667
61451,122670
61452,122673
61453,122674
61454,122676
61455,122677
61456,122679
61457,122680
61458,122681
61459,122682
61460,122689
61461,122690
61462,122692
61463,122694
61464,122695
61465,122698
61466,122699
61467,122702
61468,122704
61469,122705
61470,122706
61471,122708
61472,122711
61473,122712
61474,122714
61475,122716
61476,122717
61477,122720
61478,122721
61479,122724
61480,122725
61481,122726
61482,122728
61483,122729
61484,122730
61485,122733
61486,122734
61487,122736
61488,122737
61489,122738
61490,122739
61491,122740
61492,122742
61493,122743
61494,122745
61495,122746
61496,122749
61497,122750
61498,122752
61499,122753
61500,122758
61501,122760
61502,122761
61503,122763
61504,122765
61505,122766
61506,122767
61507,122772
61508,122773
61509,122774
61510,122776
61511,122777
61512,122781
61513,122782
61514,122784
61515,122785
61516,122786
61517,122787
61518,122788
61519,122789
61520,122791
61521,122792
61522,122796
61523,122797
61524,122799
61525,122800
61526,122801
61527,122804
61528,122805
61529,122806
61530,122807
61531,122808
61532,122809
61533,122813
61534,122814
61535,122816
61536,122823
61537,122824
61538,122825
61539,122826
61540,122827
61541,122832
61542,122835
61543,122837
61544,122838
61545,122839
61546,122841
61547,122842
61548,122844
61549,122845
61550,122846
61551,122847
61552,122848
61553,122849
61554,122854
61555,122857
61556,122858
61557,122859
61558,122864
61559,122865
61560,122866
61561,122867
61562,122868
61563,122869
61564,122871
61565,122875
61566,122878
61567,122880
61568,122883
61569,122884
61570,122885
61571,122888
61572,122889
61573,122890
61574,122893
61575,122895
61576,122897
61577,122899
61578,122902
61579,122904
61580,122905
61581,122906
61582,122907
61583,122909
61584,122912
61585,122917
61586,122918
61587,122920
61588,122923
61589,122924
61590,122925
61591,122926
61592,122928
61593,122931
61594,122933
61595,122937
61596,122939
61597,122941
61598,122943
61599,122945
61600,122953
61601,122956
61602,122957
61603,122959
61604,122960
61605,122961
61606,122963
61607,122964
61608,122968
61609,122969
61610,122970
61611,122974
61612,122977
61613,122980
61614,122981
61615,122982
61616,122987
61617,122989
61618,122990
61619,122991
61620,122992
61621,122993
61622,122994
61623,122996
61624,122997
61625,123000
61626,123001
61627,123002
61628,123003
61629,123007
61630,123008
61631,123009
61632,123011
61633,123012
61634,123015
61635,123016
61636,123017
61637,123018
61638,123019
61639,123021
61640,123024
61641,123026
61642,123027
61643,123028
61644,123029
61645,123031
61646,123032
61647,123036
61648,123039
61649,123040
61650,123041
61651,123042
61652,123043
61653,123044
61654,123045
61655,123046
61656,123050
61657,123053
61658,123054
61659,123056
61660,123059
61661,123062
61662,123063
61663,123065
61664,123067
61665,123070
61666,123072
61667,123076
61668,123077
61669,123078
61670,123083
61671,123084
61672,123085
61673,123086
61674,123092
61675,123093
61676,123096
61677,123097
61678,123098
61679,123101
61680,123104
61681,123106
61682,123107
61683,123108
61684,123111
61685,123116
61686,123117
61687,123119
61688,123121
61689,123122
61690,123131
61691,123133
61692,123137
61693,123140
61694,123142
61695,123145
61696,123146
61697,123147
61698,123148
61699,123149
61700,123150
61701,123152
61702,123153
61703,123154
61704,123157
61705,123161
61706,123162
61707,123163
61708,123166
61709,123169
61710,123170
61711,123171
61712,123172
61713,123175
61714,123176
61715,123181
61716,123182
61717,123183
61718,123184
61719,123186
61720,123190
61721,123193
61722,123194
61723,123196
61724,123199
61725,123202
61726,123203
61727,123205
61728,123209
61729,123210
61730,123214
61731,123215
61732,123216
61733,123218
61734,123219
61735,123222
61736,123224
61737,123225
61738,123229
61739,123230
61740,123231
61741,123232
61742,123240
61743,123243
61744,123245
61745,123247
61746,123248
61747,123250
61748,123252
61749,123254
61750,123255
61751,123259
61752,123261
61753,123263
61754,123268
61755,123272
61756,123273
61757,123275
61758,123277
61759,123278
61760,123282
61761,123283
61762,123284
61763,123285
61764,123286
61765,123287
61766,123292
61767,123295
61768,123296
61769,123297
61770,123299
61771,123300
61772,123301
61773,123303
61774,123304
61775,123305
61776,123306
61777,123307
61778,123311
61779,123312
61780,123313
61781,123314
61782,123316
61783,123317
61784,123318
61785,123319
61786,123320
61787,123321
61788,123323
61789,123326
61790,123327
61791,123328
61792,123329
61793,123334
61794,123335
61795,123337
61796,123339
61797,123343
61798,123349
61799,123351
61800,123352
61801,123353
61802,123355
61803,123357
61804,123358
61805,123362
61806,123364
61807,123366
61808,123367
61809,123368
61810,123369
61811,123372
61812,123374
61813,123378
61814,123380
61815,123384
61816,123386
61817,123388
61818,123390
61819,123391
61820,123392
61821,123393
61822,123395
61823,123396
61824,123397
61825,123401
61826,123402
61827,123405
61828,123407
61829,123408
61830,123413
61831,123415
61832,123416
61833,123417
61834,123418
61835,123419
61836,123420
61837,123421
61838,123422
61839,123427
61840,123430
61841,123432
61842,123434
61843,123436
61844,123437
61845,123439
61846,123441
61847,123442
61848,123445
61849,123451
61850,123454
61851,123458
61852,123462
61853,123466
61854,123471
61855,123472
61856,123475
61857,123476
61858,123477
61859,123478
61860,123479
61861,123482
61862,123484
61863,123485
61864,123487
61865,123488
61866,123489
61867,123490
61868,123493
61869,123494
61870,123496
61871,123498
61872,123499
61873,123500
61874,123501
61875,123503
61876,123504
61877,123507
61878,123510
61879,123511
61880,123517
61881,123518
61882,123522
61883,123525
61884,123526
61885,123529
61886,123530
61887,123532
61888,123533
61889,123534
61890,123535
61891,123536
61892,123537
61893,123540
61894,123541
61895,123542
61896,123543
61897,123544
61898,123547
61899,123549
61900,123550
61901,123553
61902,123558
61903,123559
61904,123560
61905,123562
61906,123564
61907,123565
61908,123566
61909,123567
61910,123568
61911,123571
61912,123572
61913,123573
61914,123577
61915,123578
61916,123579
61917,123580
61918,123582
61919,123585
61920,123587
61921,123590
61922,123594
61923,123595
61924,123609
61925,123611
61926,123612
61927,123616
61928,123617
61929,123620
61930,123621
61931,123622
61932,123626
61933,123633
61934,123634
61935,123640
61936,123642
61937,123643
61938,123645
61939,123648
61940,123649
61941,123650
61942,123652
61943,123653
61944,123654
61945,123656
61946,123657
61947,123659
61948,123661
61949,123662
61950,123664
61951,123665
61952,123670
61953,123671
61954,123672
61955,123673
61956,123675
61957,123676
61958,123678
61959,123680
61960,123685
61961,123688
61962,123690
61963,123693
61964,123694
61965,123695
61966,123696
61967,123697
61968,123698
61969,123702
61970,123703
61971,123708
61972,123715
61973,123719
61974,123720
61975,123721
61976,123723
61977,123726
61978,123727
61979,123729
61980,123732
61981,123733
61982,123734
61983,123735
61984,123736
61985,123737
61986,123739
61987,123744
61988,123745
61989,123747
61990,123748
61991,123749
61992,123751
61993,123753
61994,123755
61995,123758
61996,123759
61997,123761
61998,123765
61999,123767
62000,123768
62001,123770
62002,123771
62003,123773
62004,123774
62005,123775
62006,123776
62007,123777
62008,123778
62009,123779
62010,123781
62011,123782
62012,123784
62013,123786
62014,123788
62015,123794
62016,123795
62017,123796
62018,123799
62019,123805
62020,123807
62021,123808
62022,123809
62023,123810
62024,123811
62025,123812
62026,123816
62027,123817
62028,123818
62029,123821
62030,123828
62031,123829
62032,123832
62033,123834
62034,123835
62035,123837
62036,123838
62037,123839
62038,123840
62039,123841
62040,123843
62041,123845
62042,123848
62043,123850
62044,123851
62045,123852
62046,123854
62047,123855
62048,123856
62049,123858
62050,123863
62051,123864
62052,123865
62053,123871
62054,123873
62055,123876
62056,123878
62057,123879
62058,123882
62059,123885
62060,123886
62061,123891
62062,123892
62063,123893
62064,123894
62065,123896
62066,123901
62067,123905
62068,123910
62069,123912
62070,123914
62071,123915
62072,123922
62073,123923
62074,123924
62075,123925
62076,123929
62077,123930
62078,123933
62079,123934
62080,123936
62081,123937
62082,123941
62083,123942
62084,123946
62085,123947
62086,123948
62087,123951
62088,123956
62089,123957
62090,123958
62091,123961
62092,123962
62093,123963
62094,123964
62095,123965
62096,123968
62097,123969
62098,123970
62099,123973
62100,123974
62101,123976
62102,123983
62103,123984
62104,123985
62105,123986
62106,123990
62107,123992
62108,123994
62109,123997
62110,124000
62111,124003
62112,124006
62113,124009
62114,124011
62115,124014
62116,124016
62117,124018
62118,124019
62119,124020
62120,124021
62121,124022
62122,124024
62123,124031
62124,124034
62125,124037
62126,124038
62127,124039
62128,124041
62129,124042
62130,124043
62131,124044
62132,124045
62133,124046
62134,124047
62135,124048
62136,124050
62137,124051
62138,124053
62139,124054
62140,124058
62141,124061
62142,124062
62143,124066
62144,124067
62145,124068
62146,124069
62147,124070
62148,124071
62149,124075
62150,124076
62151,124077
62152,124080
62153,124082
62154,124086
62155,124091
62156,124092
62157,124093
62158,124100
62159,124101
62160,124102
62161,124104
62162,124107
62163,124109
62164,124112
62165,124113
62166,124116
62167,124120
62168,124122
62169,124123
62170,124124
62171,124126
62172,124128
62173,124130
62174,124131
62175,124132
62176,124135
62177,124140
62178,124141
62179,124142
62180,124143
62181,124144
62182,124145
62183,124146
62184,124149
62185,124152
62186,124154
62187,124156
62188,124161
62189,124166
62190,124169
62191,124171
62192,124173
62193,124174
62194,124175
62195,124176
62196,124177
62197,124179
62198,124182
62199,124186
62200,124189
62201,124190
62202,124193
62203,124195
62204,124197
62205,124206
62206,124208
62207,124210
62208,124211
62209,124212
62210,124218
62211,124220
62212,124221
62213,124223
62214,124227
62215,124228
62216,124229
62217,124230
62218,124234
62219,124235
62220,124236
62221,124239
62222,124241
62223,124242
62224,124243
62225,124244
62226,124245
62227,124246
62228,124249
62229,124251
62230,124253
62231,124254
62232,124257
62233,124260
62234,124262
62235,124264
62236,124267
62237,124270
62238,124271
62239,124272
62240,124273
62241,124279
62242,124281
62243,124282
62244,124285
62245,124287
62246,124290
62247,124293
62248,124299
62249,124300
62250,124301
62251,124302
62252,124304
62253,124309
62254,124310
62255,124311
62256,124312
62257,124313
62258,124316
62259,124318
62260,124319
62261,124320
62262,124323
62263,124324
62264,124326
62265,124330
62266,124333
62267,124334
62268,124338
62269,124342
62270,124343
62271,124344
62272,124346
62273,124347
62274,124348
62275,124350
62276,124351
62277,124352
62278,124357
62279,124358
62280,124364
62281,124366
62282,124367
62283,124372
62284,124373
62285,124376
62286,124377
62287,124378
62288,124379
62289,124380
62290,124383
62291,124389
62292,124390
62293,124391
62294,124392
62295,124395
62296,124401
62297,124402
62298,124403
62299,124404
62300,124405
62301,124408
62302,124409
62303,124412
62304,124413
62305,124415
62306,124417
62307,124419
62308,124420
62309,124422
62310,124423
62311,124424
62312,124427
62313,124428
62314,124432
62315,124433
62316,124435
62317,124436
62318,124437
62319,124441
62320,124442
62321,124443
62322,124447
62323,124448
62324,124452
62325,124453
62326,124454
62327,124458
62328,124459
62329,124460
62330,124461
62331,124463
62332,124465
62333,124466
62334,124467
62335,124468
62336,124471
62337,124474
62338,124475
62339,124476
62340,124477
62341,124480
62342,124484
62343,124485
62344,124488
62345,124489
62346,124490
62347,124495
62348,124496
62349,124498
62350,124499
62351,124500
62352,124503
62353,124507
62354,124510
62355,124511
62356,124513
62357,124514
62358,124515
62359,124518
62360,124521
62361,124523
62362,124524
62363,124525
62364,124526
62365,124530
62366,124532
62367,124534
62368,124535
62369,124536
62370,124537
62371,124543
62372,124545
62373,124547
62374,124548
62375,124551
62376,124554
62377,124556
62378,124557
62379,124560
62380,124561
62381,124562
62382,124563
62383,124566
62384,124567
62385,124568
62386,124571
62387,124572
62388,124574
62389,124578
62390,124579
62391,124582
62392,124584
62393,124586
62394,124589
62395,124592
62396,124593
62397,124594
62398,124595
62399,124596
62400,124605
62401,124606
62402,124608
62403,124610
62404,124614
62405,124615
62406,124616
62407,124617
62408,124618
62409,124620
62410,124621
62411,124622
62412,124623
62413,124626
62414,124628
62415,124630
62416,124631
62417,124635
62418,124638
62419,124641
62420,124642
62421,124644
62422,124645
62423,124646
62424,124648
62425,124652
62426,124653
62427,124654
62428,124655
62429,124656
62430,124657
62431,124659
62432,124660
62433,124663
62434,124664
62435,124665
62436,124666
62437,124667
62438,124669
62439,124671
62440,124673
62441,124674
62442,124676
62443,124679
62444,124680
62445,124681
62446,124682
62447,124683
62448,124684
62449,124688
62450,124689
62451,124694
62452,124695
62453,124698
62454,124700
62455,124701
62456,124705
62457,124707
62458,124713
62459,124715
62460,124716
62461,124717
62462,124718
62463,124719
62464,124720
62465,124724
62466,124725
62467,124726
62468,124727
62469,124730
62470,124731
62471,124737
62472,124740
62473,124743
62474,124747
62475,124748
62476,124749
62477,124753
62478,124754
62479,124757
62480,124760
62481,124761
62482,124762
62483,124763
62484,124764
62485,124766
62486,124769
62487,124772
62488,124774
62489,124775
62490,124776
62491,124777
62492,124778
62493,124779
62494,124781
62495,124782
62496,124783
62497,124785
62498,124786
62499,124787
62500,124792
62501,124793
62502,124795
62503,124796
62504,124798
62505,124800
62506,124801
62507,124804
62508,124809
62509,124811
62510,124812
62511,124815
62512,124816
62513,124817
62514,124820
62515,124821
62516,124822
62517,124823
62518,124824
62519,124826
62520,124827
62521,124831
62522,124832
62523,124833
62524,124835
62525,124837
62526,124838
62527,124839
62528,124840
62529,124845
62530,124846
62531,124848
62532,124849
62533,124852
62534,124854
62535,124857
62536,124858
62537,124860
62538,124861
62539,124863
62540,124864
62541,124867
62542,124869
62543,124871
62544,124872
62545,124876
62546,124880
62547,124881
62548,124882
62549,124886
62550,124887
62551,124889
62552,124890
62553,124891
62554,124895
62555,124897
62556,124898
62557,124899
62558,124900
62559,124901
62560,124903
62561,124904
62562,124907
62563,124908
62564,124909
62565,124910
62566,124911
62567,124912
62568,124915
62569,124916
62570,124917
62571,124918
62572,124919
62573,124920
62574,124921
62575,124924
62576,124929
62577,124931
62578,124936
62579,124937
62580,124939
62581,124945
62582,124946
62583,124947
62584,124948
62585,124953
62586,124956
62587,124959
62588,124960
62589,124961
62590,124962
62591,124963
62592,124971
62593,124972
62594,124973
62595,124974
62596,124975
62597,124979
62598,124980
62599,124987
62600,124989
62601,124990
62602,124991
62603,124994
62604,124997
62605,124998
62606,124999
62607,125000
62608,125001
62609,125002
62610,125004
62611,125007
62612,125011
62613,125012
62614,125016
62615,125018
62616,125020
62617,125021
62618,125022
62619,125023
62620,125024
62621,125031
62622,125032
62623,125034
62624,125038
62625,125041
62626,125042
62627,125043
62628,125047
62629,125054
62630,125055
62631,125056
62632,125058
62633,125059
62634,125072
62635,125073
62636,125075
62637,125081
62638,125082
62639,125084
62640,125085
62641,125087
62642,125089
62643,125091
62644,125092
62645,125094
62646,125096
62647,125097
62648,125100
62649,125102
62650,125103
62651,125105
62652,125110
62653,125112
62654,125113
62655,125114
62656,125115
62657,125116
62658,125119
62659,125122
62660,125125
62661,125130
62662,125131
62663,125132
62664,125134
62665,125135
62666,125137
62667,125138
62668,125139
62669,125140
62670,125143
62671,125144
62672,125145
62673,125147
62674,125151
62675,125155
62676,125158
62677,125159
62678,125160
62679,125162
62680,125163
62681,125164
62682,125166
62683,125167
62684,125171
62685,125172
62686,125176
62687,125177
62688,125178
62689,125179
62690,125183
62691,125185
62692,125186
62693,125190
62694,125192
62695,125193
62696,125196
62697,125199
62698,125200
62699,125203
62700,125204
62701,125207
62702,125210
62703,125213
62704,125219
62705,125220
62706,125222
62707,125223
62708,125225
62709,125227
62710,125228
62711,125235
62712,125239
62713,125242
62714,125243
62715,125244
62716,125246
62717,125247
62718,125252
62719,125256
62720,125257
62721,125258
62722,125260
62723,125262
62724,125265
62725,125269
62726,125271
62727,125274
62728,125276
62729,125279
62730,125280
62731,125281
62732,125282
62733,125283
62734,125285
62735,125286
62736,125291
62737,125292
62738,125295
62739,125296
62740,125297
62741,125298
62742,125299
62743,125302
62744,125303
62745,125304
62746,125307
62747,125309
62748,125310
62749,125311
62750,125312
62751,125313
62752,125318
62753,125322
62754,125324
62755,125328
62756,125329
62757,125338
62758,125339
62759,125341
62760,125343
62761,125345
62762,125346
62763,125347
62764,125348
62765,125350
62766,125352
62767,125353
62768,125355
62769,125360
62770,125362
62771,125365
62772,125366
62773,125368
62774,125370
62775,125371
62776,125372
62777,125373
62778,125378
62779,125381
62780,125382
62781,125389
62782,125391
62783,125392
62784,125394
62785,125397
62786,125398
62787,125400
62788,125401
62789,125402
62790,125404
62791,125406
62792,125410
62793,125413
62794,125415
62795,125416
62796,125418
62797,125420
62798,125421
62799,125422
62800,125424
62801,125425
62802,125427
62803,125429
62804,125430
62805,125431
62806,125432
62807,125433
62808,125435
62809,125437
62810,125441
62811,125442
62812,125445
62813,125446
62814,125450
62815,125451
62816,125452
62817,125453
62818,125456
62819,125457
62820,125458
62821,125459
62822,125460
62823,125461
62824,125462
62825,125463
62826,125467
62827,125470
62828,125473
62829,125475
62830,125476
62831,125478
62832,125480
62833,125481
62834,125483
62835,125484
62836,125485
62837,125490
62838,125491
62839,125492
62840,125495
62841,125496
62842,125497
62843,125499
62844,125500
62845,125505
62846,125506
62847,125507
62848,125509
62849,125511
62850,125512
62851,125514
62852,125516
62853,125522
62854,125524
62855,125525
62856,125527
62857,125533
62858,125538
62859,125539
62860,125543
62861,125545
62862,125551
62863,125552
62864,125555
62865,125556
62866,125557
62867,125559
62868,125560
62869,125561
62870,125563
62871,125565
62872,125566
62873,125568
62874,125569
62875,125572
62876,125573
62877,125574
62878,125575
62879,125576
62880,125577
62881,125579
62882,125582
62883,125583
62884,125585
62885,125588
62886,125591
62887,125592
62888,125595
62889,125596
62890,125597
62891,125600
62892,125602
62893,125603
62894,125604
62895,125605
62896,125606
62897,125608
62898,125609
62899,125610
62900,125611
62901,125616
62902,125617
62903,125618
62904,125623
62905,125624
62906,125630
62907,125633
62908,125636
62909,125637
62910,125640
62911,125641
62912,125642
62913,125643
62914,125644
62915,125645
62916,125646
62917,125647
62918,125648
62919,125653
62920,125654
62921,125655
62922,125657
62923,125658
62924,125660
62925,125663
62926,125664
62927,125667
62928,125673
62929,125675
62930,125676
62931,125678
62932,125679
62933,125681
62934,125682
62935,125684
62936,125685
62937,125688
62938,125690
62939,125691
62940,125692
62941,125695
62942,125696
62943,125697
62944,125701
62945,125704
62946,125707
62947,125708
62948,125710
62949,125714
62950,125717
62951,125718
62952,125719
62953,125720
62954,125722
62955,125724
62956,125725
62957,125727
62958,125728
62959,125729
62960,125731
62961,125732
62962,125733
62963,125734
62964,125735
62965,125736
62966,125738
62967,125739
62968,125740
62969,125742
62970,125743
62971,125744
62972,125745
62973,125747
62974,125751
62975,125752
62976,125753
62977,125755
62978,125757
62979,125758
62980,125759
62981,125761
62982,125762
62983,125763
62984,125765
62985,125766
62986,125767
62987,125768
62988,125770
62989,125771
62990,125772
62991,125775
62992,125781
62993,125786
62994,125788
62995,125790
62996,125791
62997,125793
62998,125795
62999,125798
63000,125800
63001,125804
63002,125807
63003,125813
63004,125816
63005,125817
63006,125819
63007,125820
63008,125821
63009,125824
63010,125825
63011,125834
63012,125835
63013,125837
63014,125838
63015,125840
63016,125843
63017,125844
63018,125847
63019,125848
63020,125850
63021,125851
63022,125855
63023,125856
63024,125857
63025,125859
63026,125860
63027,125861
63028,125862
63029,125864
63030,125869
63031,125871
63032,125874
63033,125876
63034,125879
63035,125880
63036,125883
63037,125887
63038,125888
63039,125889
63040,125891
63041,125894
63042,125898
63043,125901
63044,125902
63045,125905
63046,125908
63047,125911
63048,125914
63049,125917
63050,125919
63051,125920
63052,125927
63053,125928
63054,125929
63055,125931
63056,125932
63057,125936
63058,125938
63059,125939
63060,125943
63061,125944
63062,125945
63063,125946
63064,125947
63065,125949
63066,125952
63067,125956
63068,125959
63069,125961
63070,125962
63071,125963
63072,125964
63073,125965
63074,125966
63075,125967
63076,125968
63077,125969
63078,125971
63079,125972
63080,125973
63081,125974
63082,125977
63083,125979
63084,125980
63085,125982
63086,125983
63087,125984
63088,125985
63089,125987
63090,125988
63091,125990
63092,125993
63093,125994
63094,125995
63095,125996
63096,125997
63097,125998
63098,126000
63099,126001
63100,126002
63101,126003
63102,126007
63103,126008
63104,126009
63105,126011
63106,126012
63107,126014
63108,126015
63109,126017
63110,126019
63111,126022
63112,126023
63113,126024
63114,126026
63115,126028
63116,126030
63117,126034
63118,126035
63119,126036
63120,126037
63121,126038
63122,126041
63123,126042
63124,126046
63125,126047
63126,126049
63127,126051
63128,126053
63129,126054
63130,126056
63131,126058
63132,126059
63133,126061
63134,126063
63135,126064
63136,126065
63137,126066
63138,126068
63139,126069
63140,126071
63141,126072
63142,126074
63143,126078
63144,126081
63145,126082
63146,126086
63147,126091
63148,126093
63149,126096
63150,126097
63151,126098
63152,126099
63153,126100
63154,126104
63155,126107
63156,126108
63157,126112
63158,126113
63159,126114
63160,126115
63161,126117
63162,126119
63163,126123
63164,126125
63165,126128
63166,126129
63167,126130
63168,126131
63169,126133
63170,126134
63171,126135
63172,126136
63173,126137
63174,126138
63175,126141
63176,126143
63177,126144
63178,126145
63179,126146
63180,126148
63181,126150
63182,126155
63183,126158
63184,126159
63185,126162
63186,126170
63187,126172
63188,126173
63189,126174
63190,126176
63191,126178
63192,126179
63193,126180
63194,126183
63195,126184
63196,126185
63197,126186
63198,126187
63199,126190
63200,126191
63201,126192
63202,126194
63203,126199
63204,126200
63205,126202
63206,126203
63207,126205
63208,126207
63209,126208
63210,126209
63211,126212
63212,126213
63213,126215
63214,126216
63215,126220
63216,126223
63217,126229
63218,126231
63219,126232
63220,126233
63221,126235
63222,126236
63223,126237
63224,126238
63225,126240
63226,126243
63227,126244
63228,126245
63229,126248
63230,126249
63231,126251
63232,126252
63233,126253
63234,126254
63235,126256
63236,126257
63237,126258
63238,126260
63239,126262
63240,126265
63241,126267
63242,126268
63243,126269
63244,126272
63245,126277
63246,126278
63247,126279
63248,126281
63249,126284
63250,126286
63251,126287
63252,126289
63253,126290
63254,126291
63255,126292
63256,126293
63257,126300
63258,126301
63259,126303
63260,126304
63261,126305
63262,126307
63263,126308
63264,126310
63265,126311
63266,126313
63267,126314
63268,126318
63269,126319
63270,126320
63271,126321
63272,126322
63273,126323
63274,126324
63275,126326
63276,126328
63277,126329
63278,126331
63279,126333
63280,126334
63281,126343
63282,126344
63283,126345
63284,126346
63285,126349
63286,126352
63287,126353
63288,126354
63289,126355
63290,126357
63291,126359
63292,126361
63293,126365
63294,126367
63295,126368
63296,126371
63297,126372
63298,126376
63299,126378
63300,126380
63301,126383
63302,126384
63303,126385
63304,126386
63305,126388
63306,126390
63307,126392
63308,126393
63309,126394
63310,126395
63311,126396
63312,126409
63313,126410
63314,126411
63315,126412
63316,126413
63317,126414
63318,126417
63319,126419
63320,126420
63321,126423
63322,126424
63323,126425
63324,126427
63325,126429
63326,126431
63327,126435
63328,126436
63329,126438
63330,126440
63331,126441
63332,126444
63333,126445
63334,126447
63335,126449
63336,126456
63337,126457
63338,126461
63339,126462
63340,126465
63341,126470
63342,126472
63343,126475
63344,126476
63345,126481
63346,126482
63347,126483
63348,126484
63349,126487
63350,126489
63351,126490
63352,126492
63353,126495
63354,126496
63355,126499
63356,126502
63357,126504
63358,126505
63359,126507
63360,126508
63361,126509
63362,126511
63363,126512
63364,126515
63365,126517
63366,126518
63367,126521
63368,126522
63369,126526
63370,126530
63371,126533
63372,126534
63373,126535
63374,126538
63375,126539
63376,126540
63377,126541
63378,126543
63379,126545
63380,126546
63381,126554
63382,126557
63383,126558
63384,126559
63385,126561
63386,126562
63387,126564
63388,126568
63389,126570
63390,126571
63391,126572
63392,126575
63393,126576
63394,126577
63395,126578
63396,126579
63397,126582
63398,126584
63399,126585
63400,126588
63401,126589
63402,126590
63403,126591
63404,126592
63405,126595
63406,126599
63407,126600
63408,126603
63409,126604
63410,126605
63411,126607
63412,126610
63413,126618
63414,126621
63415,126623
63416,126624
63417,126626
63418,126627
63419,126628
63420,126629
63421,126630
63422,126634
63423,126635
63424,126641
63425,126642
63426,126644
63427,126645
63428,126646
63429,126653
63430,126656
63431,126657
63432,126658
63433,126659
63434,126661
63435,126662
63436,126664
63437,126666
63438,126667
63439,126669
63440,126671
63441,126672
63442,126673
63443,126677
63444,126682
63445,126687
63446,126690
63447,126691
63448,126693
63449,126695
63450,126696
63451,126697
63452,126698
63453,126702
63454,126703
63455,126704
63456,126706
63457,126709
63458,126710
63459,126711
63460,126715
63461,126716
63462,126717
63463,126718
63464,126720
63465,126721
63466,126722
63467,126724
63468,126725
63469,126727
63470,126730
63471,126731
63472,126733
63473,126738
63474,126742
63475,126748
63476,126750
63477,126752
63478,126753
63479,126757
63480,126758
63481,126759
63482,126761
63483,126762
63484,126763
63485,126766
63486,126767
63487,126769
63488,126771
63489,126772
63490,126774
63491,126775
63492,126778
63493,126783
63494,126784
63495,126786
63496,126789
63497,126792
63498,126793
63499,126794
63500,126798
63501,126799
63502,126800
63503,126803
63504,126807
63505,126808
63506,126809
63507,126810
63508,126813
63509,126816
63510,126817
63511,126818
63512,126823
63513,126824
63514,126827
63515,126829
63516,126832
63517,126835
63518,126836
63519,126837
63520,126838
63521,126840
63522,126847
63523,126849
63524,126850
63525,126851
63526,126853
63527,126854
63528,126856
63529,126857
63530,126858
63531,126859
63532,126860
63533,126861
63534,126863
63535,126864
63536,126865
63537,126867
63538,126869
63539,126870
63540,126872
63541,126873
63542,126875
63543,126876
63544,126878
63545,126880
63546,126881
63547,126882
63548,126885
63549,126887
63550,126890
63551,126894
63552,126896
63553,126897
63554,126898
63555,126902
63556,126904
63557,126906
63558,126907
63559,126908
63560,126910
63561,126911
63562,126912
63563,126913
63564,126914
63565,126916
63566,126917
63567,126918
63568,126920
63569,126922
63570,126928
63571,126930
63572,126934
63573,126939
63574,126943
63575,126944
63576,126946
63577,126947
63578,126948
63579,126951
63580,126952
63581,126956
63582,126957
63583,126959
63584,126960
63585,126961
63586,126962
63587,126963
63588,126964
63589,126966
63590,126968
63591,126969
63592,126971
63593,126972
63594,126973
63595,126975
63596,126976
63597,126977
63598,126979
63599,126980
63600,126982
63601,126984
63602,126988
63603,126989
63604,126993
63605,126995
63606,126996
63607,126997
63608,126999
63609,127002
63610,127003
63611,127004
63612,127005
63613,127007
63614,127008
63615,127009
63616,127010
63617,127011
63618,127017
63619,127020
63620,127021
63621,127022
63622,127025
63623,127031
63624,127034
63625,127036
63626,127037
63627,127038
63628,127039
63629,127042
63630,127045
63631,127048
63632,127049
63633,127053
63634,127054
63635,127057
63636,127060
63637,127062
63638,127064
63639,127069
63640,127073
63641,127076
63642,127078
63643,127079
63644,127080
63645,127081
63646,127082
63647,127087
63648,127096
63649,127098
63650,127099
63651,127100
63652,127103
63653,127104
63654,127111
63655,127114
63656,127116
63657,127117
63658,127123
63659,127124
63660,127126
63661,127127
63662,127129
63663,127130
63664,127140
63665,127145
63666,127149
63667,127154
63668,127156
63669,127157
63670,127159
63671,127161
63672,127162
63673,127167
63674,127171
63675,127174
63676,127175
63677,127177
63678,127178
63679,127184
63680,127188
63681,127189
63682,127190
63683,127191
63684,127195
63685,127196
63686,127197
63687,127198
63688,127199
63689,127200
63690,127201
63691,127203
63692,127204
63693,127206
63694,127213
63695,127216
63696,127217
63697,127218
63698,127219
63699,127221
63700,127222
63701,127224
63702,127225
63703,127226
63704,127232
63705,127233
63706,127234
63707,127236
63708,127238
63709,127248
63710,127250
63711,127251
63712,127253
63713,127255
63714,127257
63715,127261
63716,127262
63717,127263
63718,127264
63719,127265
63720,127267
63721,127271
63722,127272
63723,127274
63724,127275
63725,127276
63726,127278
63727,127280
63728,127283
63729,127284
63730,127285
63731,127286
63732,127287
63733,127289
63734,127290
63735,127291
63736,127293
63737,127295
63738,127296
63739,127297
63740,127298
63741,127300
63742,127305
63743,127306
63744,127307
63745,127309
63746,127310
63747,127312
63748,127313
63749,127314
63750,127316
63751,127320
63752,127321
63753,127322
63754,127325
63755,127326
63756,127329
63757,127330
63758,127331
63759,127335
63760,127341
63761,127344
63762,127347
63763,127350
63764,127352
63765,127357
63766,127358
63767,127361
63768,127362
63769,127363
63770,127365
63771,127367
63772,127369
63773,127370
63774,127371
63775,127374
63776,127375
63777,127379
63778,127382
63779,127385
63780,127386
63781,127388
63782,127390
63783,127393
63784,127394
63785,127396
63786,127397
63787,127398
63788,127402
63789,127404
63790,127405
63791,127406
63792,127407
63793,127411
63794,127412
63795,127413
63796,127414
63797,127415
63798,127416
63799,127418
63800,127421
63801,127422
63802,127425
63803,127426
63804,127427
63805,127429
63806,127431
63807,127432
63808,127435
63809,127436
63810,127437
63811,127441
63812,127445
63813,127446
63814,127447
63815,127449
63816,127450
63817,127451
63818,127455
63819,127456
63820,127458
63821,127460
63822,127466
63823,127468
63824,127469
63825,127474
63826,127475
63827,127476
63828,127479
63829,127480
63830,127484
63831,127485
63832,127486
63833,127487
63834,127490
63835,127492
63836,127493
63837,127494
63838,127498
63839,127500
63840,127502
63841,127503
63842,127504
63843,127505
63844,127506
63845,127511
63846,127512
63847,127513
63848,127514
63849,127515
63850,127517
63851,127518
63852,127520
63853,127522
63854,127528
63855,127530
63856,127535
63857,127536
63858,127539
63859,127542
63860,127543
63861,127544
63862,127545
63863,127547
63864,127548
63865,127549
63866,127551
63867,127552
63868,127553
63869,127555
63870,127556
63871,127557
63872,127558
63873,127560
63874,127568
63875,127571
63876,127574
63877,127576
63878,127577
63879,127579
63880,127580
63881,127581
63882,127583
63883,127592
63884,127593
63885,127597
63886,127598
63887,127599
63888,127600
63889,127601
63890,127603
63891,127604
63892,127607
63893,127608
63894,127609
63895,127612
63896,127615
63897,127616
63898,127626
63899,127627
63900,127628
63901,127629
63902,127631
63903,127633
63904,127641
63905,127643
63906,127644
63907,127645
63908,127646
63909,127649
63910,127650
63911,127652
63912,127656
63913,127657
63914,127659
63915,127661
63916,127662
63917,127663
63918,127666
63919,127670
63920,127671
63921,127676
63922,127677
63923,127683
63924,127684
63925,127685
63926,127686
63927,127691
63928,127692
63929,127693
63930,127696
63931,127697
63932,127700
63933,127703
63934,127708
63935,127712
63936,127714
63937,127717
63938,127719
63939,127721
63940,127723
63941,127726
63942,127729
63943,127732
63944,127733
63945,127734
63946,127736
63947,127738
63948,127740
63949,127741
63950,127743
63951,127747
63952,127749
63953,127751
63954,127752
63955,127753
63956,127754
63957,127758
63958,127759
63959,127760
63960,127762
63961,127766
63962,127768
63963,127770
63964,127774
63965,127776
63966,127781
63967,127783
63968,127786
63969,127787
63970,127792
63971,127793
63972,127795
63973,127798
63974,127801
63975,127804
63976,127805
63977,127806
63978,127811
63979,127812
63980,127814
63981,127817
63982,127821
63983,127823
63984,127828
63985,127830
63986,127831
63987,127835
63988,127837
63989,127839
63990,127841
63991,127843
63992,127846
63993,127848
63994,127853
63995,127854
63996,127855
63997,127857
63998,127858
63999,127859
64000,127862
64001,127863
64002,127864
64003,127865
64004,127866
64005,127867
64006,127870
64007,127873
64008,127878
64009,127879
64010,127881
64011,127882
64012,127884
64013,127887
64014,127891
64015,127895
64016,127896
64017,127897
64018,127899
64019,127900
64020,127901
64021,127903
64022,127904
64023,127905
64024,127908
64025,127911
64026,127912
64027,127913
64028,127915
64029,127917
64030,127918
64031,127919
64032,127920
64033,127922
64034,127923
64035,127927
64036,127928
64037,127929
64038,127932
64039,127933
64040,127934
64041,127937
64042,127942
64043,127943
64044,127946
64045,127947
64046,127949
64047,127950
64048,127951
64049,127952
64050,127953
64051,127954
64052,127956
64053,127958
64054,127963
64055,127964
64056,127967
64057,127972
64058,127975
64059,127977
64060,127980
64061,127987
64062,127989
64063,127990
64064,127996
64065,127997
64066,127999
64067,128001
64068,128002
64069,128004
64070,128008
64071,128011
64072,128014
64073,128015
64074,128017
64075,128020
64076,128022
64077,128025
64078,128027
64079,128029
64080,128032
64081,128033
64082,128035
64083,128039
64084,128041
64085,128042
64086,128043
64087,128044
64088,128046
64089,128047
64090,128048
64091,128051
64092,128054
64093,128055
64094,128058
64095,128060
64096,128062
64097,128064
64098,128065
64099,128068
64100,128069
64101,128071
64102,128072
64103,128076
64104,128078
64105,128080
64106,128081
64107,128083
64108,128084
64109,128085
64110,128086
64111,128087
64112,128088
64113,128089
64114,128090
64115,128091
64116,128102
64117,128103
64118,128105
64119,128106
64120,128113
64121,128114
64122,128115
64123,128119
64124,128120
64125,128126
64126,128132
64127,128133
64128,128134
64129,128136
64130,128137
64131,128138
64132,128141
64133,128142
64134,128146
64135,128148
64136,128149
64137,128151
64138,128155
64139,128156
64140,128157
64141,128158
64142,128160
64143,128164
64144,128169
64145,128171
64146,128175
64147,128176
64148,128179
64149,128180
64150,128182
64151,128187
64152,128188
64153,128189
64154,128191
64155,128192
64156,128193
64157,128194
64158,128195
64159,128200
64160,128201
64161,128202
64162,128203
64163,128206
64164,128214
64165,128217
64166,128219
64167,128227
64168,128233
64169,128242
64170,128243
64171,128244
64172,128245
64173,128248
64174,128249
64175,128250
64176,128255
64177,128259
64178,128261
64179,128264
64180,128265
64181,128268
64182,128271
64183,128273
64184,128274
64185,128275
64186,128276
64187,128277
64188,128283
64189,128285
64190,128287
64191,128288
64192,128290
64193,128292
64194,128293
64195,128296
64196,128297
64197,128298
64198,128300
64199,128301
64200,128303
64201,128304
64202,128305
64203,128307
64204,128308
64205,128309
64206,128311
64207,128312
64208,128314
64209,128316
64210,128320
64211,128324
64212,128325
64213,128327
64214,128328
64215,128329
64216,128331
64217,128332
64218,128333
64219,128334
64220,128337
64221,128338
64222,128339
64223,128341
64224,128342
64225,128344
64226,128345
64227,128348
64228,128350
64229,128351
64230,128352
64231,128354
64232,128356
64233,128357
64234,128359
64235,128360
64236,128361
64237,128362
64238,128364
64239,128365
64240,128366
64241,128368
64242,128369
64243,128370
64244,128373
64245,128376
64246,128381
64247,128384
64248,128385
64249,128387
64250,128389
64251,128390
64252,128392
64253,128394
64254,128396
64255,128398
64256,128399
64257,128400
64258,128402
64259,128403
64260,128404
64261,128409
64262,128410
64263,128411
64264,128412
64265,128413
64266,128414
64267,128415
64268,128416
64269,128418
64270,128419
64271,128424
64272,128425
64273,128426
64274,128432
64275,128433
64276,128434
64277,128438
64278,128440
64279,128441
64280,128443
64281,128449
64282,128452
64283,128454
64284,128458
64285,128460
64286,128463
64287,128464
64288,128465
64289,128466
64290,128467
64291,128468
64292,128470
64293,128472
64294,128475
64295,128477
64296,128478
64297,128479
64298,128480
64299,128485
64300,128487
64301,128488
64302,128492
64303,128493
64304,128494
64305,128495
64306,128496
64307,128497
64308,128498
64309,128502
64310,128504
64311,128505
64312,128506
64313,128507
64314,128508
64315,128509
64316,128511
64317,128514
64318,128515
64319,128516
64320,128517
64321,128518
64322,128520
64323,128521
64324,128523
64325,128524
64326,128528
64327,128531
64328,128532
64329,128534
64330,128537
64331,128540
64332,128541
64333,128546
64334,128549
64335,128551
64336,128554
64337,128555
64338,128556
64339,128557
64340,128559
64341,128560
64342,128562
64343,128563
64344,128564
64345,128565
64346,128569
64347,128574
64348,128577
64349,128578
64350,128579
64351,128580
64352,128581
64353,128582
64354,128583
64355,128584
64356,128585
64357,128587
64358,128588
64359,128589
64360,128590
64361,128591
64362,128592
64363,128593
64364,128594
64365,128596
64366,128597
64367,128598
64368,128599
64369,128600
64370,128602
64371,128604
64372,128605
64373,128608
64374,128610
64375,128613
64376,128614
64377,128615
64378,128621
64379,128622
64380,128623
64381,128624
64382,128626
64383,128628
64384,128632
64385,128636
64386,128637
64387,128639
64388,128641
64389,128643
64390,128645
64391,128648
64392,128650
64393,128651
64394,128654
64395,128656
64396,128658
64397,128660
64398,128661
64399,128662
64400,128665
64401,128667
64402,128668
64403,128672
64404,128674
64405,128676
64406,128677
64407,128678
64408,128679
64409,128680
64410,128681
64411,128683
64412,128685
64413,128690
64414,128693
64415,128694
64416,128696
64417,128699
64418,128700
64419,128705
64420,128706
64421,128707
64422,128710
64423,128711
64424,128713
64425,128715
64426,128718
64427,128719
64428,128720
64429,128721
64430,128723
64431,128728
64432,128729
64433,128730
64434,128734
64435,128736
64436,128737
64437,128738
64438,128741
64439,128742
64440,128743
64441,128745
64442,128747
64443,128749
64444,128750
64445,128751
64446,128752
64447,128753
64448,128757
64449,128760
64450,128761
64451,128762
64452,128764
64453,128765
64454,128768
64455,128770
64456,128771
64457,128772
64458,128775
64459,128779
64460,128782
64461,128786
64462,128787
64463,128788
64464,128790
64465,128793
64466,128794
64467,128798
64468,128800
64469,128801
64470,128803
64471,128806
64472,128807
64473,128808
64474,128811
64475,128813
64476,128814
64477,128815
64478,128816
64479,128819
64480,128825
64481,128826
64482,128827
64483,128830
64484,128831
64485,128832
64486,128834
64487,128835
64488,128837
64489,128839
64490,128841
64491,128842
64492,128843
64493,128844
64494,128845
64495,128846
64496,128847
64497,128848
64498,128856
64499,128858
64500,128861
64501,128863
64502,128864
64503,128865
64504,128868
64505,128873
64506,128874
64507,128876
64508,128877
64509,128878
64510,128879
64511,128884
64512,128885
64513,128886
64514,128887
64515,128888
64516,128889
64517,128892
64518,128894
64519,128895
64520,128896
64521,128897
64522,128899
64523,128900
64524,128901
64525,128902
64526,128903
64527,128906
64528,128907
64529,128910
64530,128911
64531,128913
64532,128915
64533,128919
64534,128920
64535,128923
64536,128924
64537,128925
64538,128927
64539,128929
64540,128931
64541,128933
64542,128935
64543,128943
64544,128947
64545,128954
64546,128956
64547,128958
64548,128959
64549,128960
64550,128961
64551,128964
64552,128968
64553,128971
64554,128972
64555,128974
64556,128976
64557,128980
64558,128984
64559,128985
64560,128989
64561,128990
64562,128998
64563,128999
64564,129002
64565,129003
64566,129004
64567,129007
64568,129008
64569,129009
64570,129017
64571,129018
64572,129019
64573,129020
64574,129021
64575,129024
64576,129028
64577,129029
64578,129031
64579,129034
64580,129040
64581,129041
64582,129044
64583,129045
64584,129046
64585,129047
64586,129048
64587,129050
64588,129051
64589,129054
64590,129055
64591,129061
64592,129062
64593,129064
64594,129065
64595,129066
64596,129067
64597,129068
64598,129071
64599,129073
64600,129074
64601,129077
64602,129080
64603,129081
64604,129083
64605,129084
64606,129088
64607,129091
64608,129093
64609,129094
64610,129095
64611,129098
64612,129100
64613,129102
64614,129103
64615,129109
64616,129110
64617,129111
64618,129112
64619,129113
64620,129121
64621,129122
64622,129125
64623,129127
64624,129128
64625,129129
64626,129131
64627,129132
64628,129137
64629,129138
64630,129141
64631,129146
64632,129147
64633,129148
64634,129149
64635,129150
64636,129152
64637,129154
64638,129156
64639,129161
64640,129163
64641,129164
64642,129168
64643,129169
64644,129170
64645,129171
64646,129172
64647,129174
64648,129176
64649,129177
64650,129178
64651,129180
64652,129182
64653,129185
64654,129188
64655,129190
64656,129192
64657,129194
64658,129197
64659,129199
64660,129200
64661,129202
64662,129205
64663,129206
64664,129207
64665,129209
64666,129210
64667,129212
64668,129216
64669,129218
64670,129223
64671,129229
64672,129233
64673,129234
64674,129236
64675,129237
64676,129240
64677,129242
64678,129245
64679,129247
64680,129248
64681,129251
64682,129252
64683,129253
64684,129254
64685,129257
64686,129261
64687,129263
64688,129264
64689,129266
64690,129268
64691,129270
64692,129271
64693,129272
64694,129273
64695,129276
64696,129278
64697,129280
64698,129282
64699,129284
64700,129285
64701,129288
64702,129289
64703,129291
64704,129292
64705,129296
64706,129298
64707,129300
64708,129303
64709,129305
64710,129306
64711,129307
64712,129308
64713,129309
64714,129310
64715,129314
64716,129316
64717,129321
64718,129322
64719,129324
64720,129327
64721,129331
64722,129333
64723,129335
64724,129336
64725,129343
64726,129344
64727,129345
64728,129346
64729,129351
64730,129352
64731,129359
64732,129360
64733,129363
64734,129365
64735,129366
64736,129371
64737,129372
64738,129378
64739,129380
64740,129382
64741,129383
64742,129384
64743,129385
64744,129392
64745,129393
64746,129394
64747,129395
64748,129396
64749,129397
64750,129399
64751,129400
64752,129402
64753,129403
64754,129405
64755,129406
64756,129408
64757,129411
64758,129412
64759,129417
64760,129418
64761,129419
64762,129421
64763,129423
64764,129424
64765,129432
64766,129433
64767,129435
64768,129438
64769,129440
64770,129442
64771,129443
64772,129444
64773,129445
64774,129447
64775,129448
64776,129451
64777,129452
64778,129453
64779,129455
64780,129458
64781,129459
64782,129460
64783,129462
64784,129463
64785,129470
64786,129471
64787,129472
64788,129475
64789,129478
64790,129481
64791,129482
64792,129483
64793,129485
64794,129489
64795,129491
64796,129494
64797,129496
64798,129497
64799,129500
64800,129501
64801,129505
64802,129506
64803,129507
64804,129508
64805,129509
64806,129510
64807,129515
64808,129516
64809,129521
64810,129522
64811,129524
64812,129525
64813,129526
64814,129530
64815,129531
64816,129532
64817,129533
64818,129534
64819,129536
64820,129538
64821,129539
64822,129540
64823,129541
64824,129543
64825,129546
64826,129547
64827,129548
64828,129549
64829,129550
64830,129552
64831,129553
64832,129554
64833,129555
64834,129557
64835,129559
64836,129561
64837,129567
64838,129570
64839,129572
64840,129574
64841,129576
64842,129579
64843,129584
64844,129585
64845,129586
64846,129588
64847,129589
64848,129590
64849,129591
64850,129593
64851,129595
64852,129598
64853,129600
64854,129601
64855,129602
64856,129603
64857,129606
64858,129608
64859,129609
64860,129610
64861,129614
64862,129619
64863,129620
64864,129622
64865,129626
64866,129628
64867,129629
64868,129630
64869,129632
64870,129634
64871,129638
64872,129639
64873,129640
64874,129641
64875,129642
64876,129643
64877,129644
64878,129645
64879,129650
64880,129651
64881,129656
64882,129658
64883,129662
64884,129665
64885,129666
64886,129667
64887,129668
64888,129669
64889,129670
64890,129671
64891,129672
64892,129673
64893,129677
64894,129681
64895,129683
64896,129686
64897,129687
64898,129688
64899,129689
64900,129691
64901,129692
64902,129695
64903,129696
64904,129699
64905,129700
64906,129701
64907,129702
64908,129703
64909,129704
64910,129706
64911,129711
64912,129712
64913,129713
64914,129714
64915,129719
64916,129720
64917,129723
64918,129728
64919,129729
64920,129732
64921,129735
64922,129736
64923,129738
64924,129739
64925,129740
64926,129741
64927,129743
64928,129745
64929,129746
64930,129748
64931,129750
64932,129751
64933,129755
64934,129758
64935,129759
64936,129760
64937,129763
64938,129765
64939,129768
64940,129769
64941,129770
64942,129772
64943,129775
64944,129777
64945,129780
64946,129781
64947,129782
64948,129783
64949,129784
64950,129787
64951,129790
64952,129791
64953,129792
64954,129794
64955,129795
64956,129796
64957,129799
64958,129800
64959,129801
64960,129804
64961,129806
64962,129807
64963,129808
64964,129810
64965,129814
64966,129815
64967,129816
64968,129817
64969,129818
64970,129820
64971,129822
64972,129823
64973,129824
64974,129825
64975,129826
64976,129827
64977,129828
64978,129829
64979,129834
64980,129835
64981,129836
64982,129837
64983,129839
64984,129842
64985,129843
64986,129846
64987,129851
64988,129852
64989,129853
64990,129856
64991,129857
64992,129858
64993,129859
64994,129860
64995,129862
64996,129863
64997,129864
64998,129865
64999,129873
65000,129874
65001,129878
65002,129879
65003,129881
65004,129882
65005,129883
65006,129887
65007,129890
65008,129891
65009,129892
65010,129893
65011,129894
65012,129895
65013,129896
65014,129902
65015,129903
65016,129904
65017,129906
65018,129907
65019,129908
65020,129909
65021,129911
65022,129912
65023,129913
65024,129915
65025,129917
65026,129918
65027,129924
65028,129928
65029,129929
65030,129930
65031,129931
65032,129933
65033,129934
65034,129937
65035,129939
65036,129940
65037,129943
65038,129944
65039,129946
65040,129947
65041,129949
65042,129952
65043,129955
65044,129956
65045,129957
65046,129958
65047,129960
65048,129962
65049,129966
65050,129968
65051,129969
65052,129971
65053,129972
65054,129975
65055,129977
65056,129978
65057,129979
65058,129980
65059,129982
65060,129986
65061,129988
65062,129990
65063,129993
65064,129994
65065,129997
65066,129998
65067,129999
65068,130000
65069,130003
65070,130004
65071,130008
65072,130011
65073,130012
65074,130013
65075,130015
65076,130018
65077,130022
65078,130023
65079,130024
65080,130025
65081,130026
65082,130030
65083,130032
65084,130034
65085,130035
65086,130039
65087,130040
65088,130043
65089,130045
65090,130048
65091,130049
65092,130051
65093,130054
65094,130058
65095,130059
65096,130060
65097,130061
65098,130062
65099,130064
65100,130066
65101,130067
65102,130069
65103,130070
65104,130071
65105,130073
65106,130074
65107,130077
65108,130080
65109,130081
65110,130084
65111,130085
65112,130086
65113,130088
65114,130090
65115,130091
65116,130092
65117,130095
65118,130096
65119,130098
65120,130099
65121,130103
65122,130105
65123,130106
65124,130107
65125,130112
65126,130114
65127,130116
65128,130117
65129,130119
65130,130120
65131,130123
65132,130125
65133,130126
65134,130127
65135,130130
65136,130131
65137,130133
65138,130134
65139,130137
65140,130138
65141,130139
65142,130141
65143,130143
65144,130144
65145,130145
65146,130147
65147,130150
65148,130151
65149,130152
65150,130153
65151,130155
65152,130158
65153,130161
65154,130162
65155,130164
65156,130165
65157,130171
65158,130172
65159,130173
65160,130174
65161,130175
65162,130176
65163,130177
65164,130179
65165,130180
65166,130181
65167,130183
65168,130184
65169,130185
65170,130186
65171,130187
65172,130190
65173,130192
65174,130193
65175,130194
65176,130200
65177,130201
65178,130202
65179,130203
65180,130204
65181,130206
65182,130210
65183,130211
65184,130213
65185,130214
65186,130216
65187,130217
65188,130220
65189,130223
65190,130224
65191,130228
65192,130231
65193,130234
65194,130235
65195,130237
65196,130238
65197,130239
65198,130241
65199,130244
65200,130245
65201,130248
65202,130250
65203,130251
65204,130258
65205,130259
65206,130262
65207,130264
65208,130265
65209,130266
65210,130267
65211,130268
65212,130270
65213,130272
65214,130275
65215,130276
65216,130278
65217,130283
65218,130284
65219,130285
65220,130286
65221,130289
65222,130292
65223,130294
65224,130296
65225,130297
65226,130298
65227,130300
65228,130303
65229,130305
65230,130306
65231,130310
65232,130311
65233,130312
65234,130314
65235,130317
65236,130318
65237,130320
65238,130321
65239,130322
65240,130323
65241,130324
65242,130327
65243,130328
65244,130329
65245,130333
65246,130334
65247,130335
65248,130336
65249,130345
65250,130350
65251,130353
65252,130355
65253,130356
65254,130357
65255,130359
65256,130361
65257,130362
65258,130364
65259,130365
65260,130366
65261,130367
65262,130368
65263,130372
65264,130374
65265,130375
65266,130376
65267,130377
65268,130378
65269,130379
65270,130383
65271,130384
65272,130386
65273,130392
65274,130394
65275,130395
65276,130396
65277,130397
65278,130401
65279,130402
65280,130403
65281,130404
65282,130406
65283,130407
65284,130408
65285,130409
65286,130410
65287,130411
65288,130412
65289,130414
65290,130418
65291,130421
65292,130423
65293,130424
65294,130425
65295,130427
65296,130428
65297,130429
65298,130431
65299,130434
65300,130435
65301,130436
65302,130437
65303,130441
65304,130442
65305,130443
65306,130447
65307,130451
65308,130452
65309,130454
65310,130455
65311,130457
65312,130458
65313,130460
65314,130463
65315,130465
65316,130467
65317,130468
65318,130469
65319,130471
65320,130472
65321,130473
65322,130475
65323,130478
65324,130479
65325,130482
65326,130484
65327,130486
65328,130487
65329,130488
65330,130490
65331,130491
65332,130493
65333,130494
65334,130496
65335,130498
65336,130499
65337,130500
65338,130503
65339,130504
65340,130505
65341,130506
65342,130509
65343,130510
65344,130511
65345,130512
65346,130513
65347,130515
65348,130517
65349,130518
65350,130519
65351,130520
65352,130521
65353,130522
65354,130523
65355,130527
65356,130528
65357,130529
65358,130532
65359,130533
65360,130536
65361,130537
65362,130539
65363,130540
65364,130541
65365,130544
65366,130545
65367,130549
65368,130551
65369,130554
65370,130557
65371,130560
65372,130561
65373,130563
65374,130566
65375,130569
65376,130571
65377,130573
65378,130574
65379,130575
65380,130578
65381,130580
65382,130581
65383,130584
65384,130585
65385,130588
65386,130590
65387,130593
65388,130595
65389,130596
65390,130598
65391,130600
65392,130601
65393,130602
65394,130603
65395,130604
65396,130608
65397,130612
65398,130613
65399,130616
65400,130617
65401,130619
65402,130620
65403,130621
65404,130625
65405,130626
65406,130627
65407,130628
65408,130629
65409,130632
65410,130635
65411,130636
65412,130638
65413,130639
65414,130641
65415,130643
65416,130644
65417,130649
65418,130651
65419,130652
65420,130653
65421,130654
65422,130655
65423,130656
65424,130657
65425,130659
65426,130667
65427,130670
65428,130672
65429,130673
65430,130674
65431,130679
65432,130680
65433,130683
65434,130684
65435,130685
65436,130686
65437,130687
65438,130688
65439,130689
65440,130694
65441,130697
65442,130698
65443,130700
65444,130701
65445,130702
65446,130704
65447,130705
65448,130706
65449,130708
65450,130711
65451,130713
65452,130714
65453,130715
65454,130716
65455,130720
65456,130722
65457,130723
65458,130724
65459,130725
65460,130726
65461,130727
65462,130729
65463,130731
65464,130732
65465,130733
65466,130736
65467,130737
65468,130738
65469,130739
65470,130740
65471,130741
65472,130742
65473,130743
65474,130744
65475,130748
65476,130750
65477,130752
65478,130753
65479,130755
65480,130757
65481,130758
65482,130761
65483,130764
65484,130767
65485,130769
65486,130772
65487,130773
65488,130776
65489,130779
65490,130780
65491,130785
65492,130787
65493,130788
65494,130789
65495,130790
65496,130791
65497,130792
65498,130793
65499,130794
65500,130796
65501,130798
65502,130805
65503,130807
65504,130809
65505,130812
65506,130814
65507,130815
65508,130817
65509,130820
65510,130821
65511,130822
65512,130824
65513,130826
65514,130827
65515,130829
65516,130830
65517,130831
65518,130834
65519,130835
65520,130836
65521,130837
65522,130840
65523,130844
65524,130845
65525,130847
65526,130848
65527,130851
65528,130852
65529,130854
65530,130855
65531,130856
65532,130858
65533,130860
65534,130861
65535,130862
65536,130866
65537,130867
65538,130870
65539,130874
65540,130876
65541,130880
65542,130881
65543,130882
65544,130884
65545,130886
65546,130888
65547,130890
65548,130892
65549,130894
65550,130895
65551,130896
65552,130897
65553,130898
65554,130899
65555,130900
65556,130903
65557,130905
65558,130912
65559,130913
65560,130914
65561,130915
65562,130920
65563,130922
65564,130925
65565,130926
65566,130927
65567,130928
65568,130930
65569,130931
65570,130934
65571,130937
65572,130938
65573,130939
65574,130941
65575,130942
65576,130943
65577,130945
65578,130946
65579,130947
65580,130949
65581,130950
65582,130952
65583,130953
65584,130954
65585,130957
65586,130958
65587,130959
65588,130960
65589,130961
65590,130962
65591,130964
65592,130965
65593,130966
65594,130968
65595,130969
65596,130970
65597,130971
65598,130972
65599,130974
65600,130975
65601,130976
65602,130977
65603,130978
65604,130979
65605,130980
65606,130981
65607,130982
65608,130983
65609,130987
65610,130989
65611,130990
65612,130994
65613,130995
65614,130996
65615,130997
65616,130999
65617,131000
65618,131002
65619,131003
65620,131004
65621,131007
65622,131008
65623,131011
65624,131014
65625,131015
65626,131016
65627,131020
65628,131025
65629,131029
65630,131030
65631,131033
65632,131035
65633,131037
65634,131039
65635,131042
65636,131043
65637,131046
65638,131047
65639,131049
65640,131050
65641,131055
65642,131056
65643,131058
65644,131061
65645,131062
65646,131064
65647,131065
65648,131066
65649,131067
65650,131071
65651,131072
65652,131073
65653,131075
65654,131076
65655,131078
65656,131079
65657,131080
65658,131081
65659,131082
65660,131083
65661,131085
65662,131087
65663,131088
65664,131089
65665,131090
65666,131093
65667,131094
65668,131098
65669,131099
65670,131100
65671,131101
65672,131102
65673,131104
65674,131105
65675,131106
65676,131109
65677,131110
65678,131111
65679,131113
65680,131116
65681,131119
65682,131122
65683,131123
65684,131126
65685,131129
65686,131133
65687,131135
65688,131138
65689,131141
65690,131142
65691,131144
65692,131145
65693,131147
65694,131151
65695,131152
65696,131155
65697,131158
65698,131159
65699,131161
65700,131162
65701,131163
65702,131165
65703,131167
65704,131168
65705,131169
65706,131174
65707,131175
65708,131178
65709,131179
65710,131181
65711,131183
65712,131186
65713,131188
65714,131189
65715,131192
65716,131193
65717,131194
65718,131196
65719,131197
65720,131198
65721,131200
65722,131203
65723,131205
65724,131211
65725,131212
65726,131214
65727,131215
65728,131216
65729,131218
65730,131219
65731,131220
65732,131222
65733,131225
65734,131227
65735,131228
65736,131230
65737,131232
65738,131235
65739,131237
65740,131239
65741,131244
65742,131245
65743,131246
65744,131247
65745,131250
65746,131253
65747,131256
65748,131257
65749,131258
65750,131260
65751,131262
65752,131266
65753,131268
65754,131271
65755,131272
65756,131273
65757,131274
65758,131279
65759,131280
65760,131284
65761,131285
65762,131289
65763,131290
65764,131291
65765,131295
65766,131296
65767,131298
65768,131300
65769,131303
65770,131304
65771,131308
65772,131309
65773,131310
65774,131312
65775,131315
65776,131317
65777,131322
65778,131326
65779,131331
65780,131332
65781,131333
65782,131339
65783,131341
65784,131349
65785,131350
65786,131354
65787,131359
65788,131360
65789,131362
65790,131363
65791,131367
65792,131370
65793,131372
65794,131374
65795,131375
65796,131378
65797,131380
65798,131381
65799,131383
65800,131384
65801,131385
65802,131386
65803,131387
65804,131389
65805,131390
65806,131397
65807,131399
65808,131400
65809,131401
65810,131402
65811,131403
65812,131404
65813,131405
65814,131406
65815,131408
65816,131409
65817,131414
65818,131415
65819,131416
65820,131424
65821,131426
65822,131427
65823,131429
65824,131430
65825,131434
65826,131436
65827,131437
65828,131438
65829,131439
65830,131440
65831,131441
65832,131442
65833,131443
65834,131445
65835,131446
65836,131447
65837,131448
65838,131450
65839,131451
65840,131453
65841,131454
65842,131457
65843,131458
65844,131459
65845,131466
65846,131468
65847,131470
65848,131471
65849,131472
65850,131473
65851,131475
65852,131476
65853,131478
65854,131479
65855,131481
65856,131483
65857,131484
65858,131488
65859,131489
65860,131491
65861,131493
65862,131496
65863,131497
65864,131498
65865,131501
65866,131508
65867,131510
65868,131513
65869,131517
65870,131519
65871,131520
65872,131522
65873,131523
65874,131525
65875,131527
65876,131528
65877,131529
65878,131530
65879,131536
65880,131537
65881,131538
65882,131539
65883,131540
65884,131542
65885,131543
65886,131548
65887,131549
65888,131552
65889,131553
65890,131557
65891,131559
65892,131562
65893,131564
65894,131565
65895,131566
65896,131567
65897,131568
65898,131569
65899,131570
65900,131571
65901,131572
65902,131573
65903,131575
65904,131576
65905,131578
65906,131581
65907,131585
65908,131591
65909,131599
65910,131603
65911,131605
65912,131607
65913,131608
65914,131609
65915,131610
65916,131612
65917,131616
65918,131621
65919,131623
65920,131624
65921,131628
65922,131632
65923,131634
65924,131635
65925,131636
65926,131638
65927,131639
65928,131642
65929,131643
65930,131645
65931,131648
65932,131649
65933,131650
65934,131651
65935,131653
65936,131656
65937,131658
65938,131659
65939,131661
65940,131663
65941,131669
65942,131671
65943,131672
65944,131676
65945,131677
65946,131678
65947,131680
65948,131681
65949,131682
65950,131683
65951,131685
65952,131686
65953,131690
65954,131692
65955,131696
65956,131698
65957,131699
65958,131704
65959,131707
65960,131709
65961,131710
65962,131712
65963,131713
65964,131714
65965,131715
65966,131716
65967,131718
65968,131720
65969,131723
65970,131724
65971,131725
65972,131726
65973,131727
65974,131728
65975,131730
65976,131732
65977,131735
65978,131738
65979,131740
65980,131742
65981,131744
65982,131747
65983,131748
65984,131751
65985,131752
65986,131755
65987,131758
65988,131759
65989,131762
65990,131764
65991,131765
65992,131770
65993,131772
65994,131773
65995,131775
65996,131776
65997,131778
65998,131780
65999,131784
66000,131787
66001,131789
66002,131791
66003,131792
66004,131794
66005,131795
66006,131797
66007,131798
66008,131799
66009,131800
66010,131801
66011,131803
66012,131804
66013,131806
66014,131807
66015,131808
66016,131810
66017,131811
66018,131812
66019,131813
66020,131817
66021,131821
66022,131822
66023,131827
66024,131828
66025,131830
66026,131831
66027,131835
66028,131838
66029,131839
66030,131840
66031,131843
66032,131846
66033,131847
66034,131848
66035,131849
66036,131852
66037,131853
66038,131855
66039,131859
66040,131860
66041,131862
66042,131863
66043,131867
66044,131868
66045,131869
66046,131870
66047,131871
66048,131873
66049,131877
66050,131879
66051,131882
66052,131887
66053,131888
66054,131890
66055,131893
66056,131897
66057,131898
66058,131900
66059,131901
66060,131904
66061,131907
66062,131910
66063,131915
66064,131916
66065,131918
66066,131919
66067,131924
66068,131925
66069,131926
66070,131928
66071,131929
66072,131930
66073,131933
66074,131935
66075,131941
66076,131944
66077,131946
66078,131951
66079,131955
66080,131958
66081,131966
66082,131970
66083,131973
66084,131974
66085,131975
66086,131976
66087,131977
66088,131979
66089,131982
66090,131983
66091,131985
66092,131988
66093,131989
66094,131990
66095,131991
66096,131993
66097,131995
66098,131996
66099,131998
66100,131999
66101,132000
66102,132003
66103,132004
66104,132006
66105,132007
66106,132009
66107,132011
66108,132012
66109,132015
66110,132016
66111,132018
66112,132021
66113,132024
66114,132027
66115,132030
66116,132031
66117,132035
66118,132036
66119,132037
66120,132038
66121,132040
66122,132041
66123,132043
66124,132046
66125,132049
66126,132050
66127,132051
66128,132052
66129,132054
66130,132055
66131,132056
66132,132059
66133,132060
66134,132061
66135,132062
66136,132063
66137,132064
66138,132066
66139,132068
66140,132069
66141,132071
66142,132072
66143,132074
66144,132076
66145,132078
66146,132079
66147,132080
66148,132081
66149,132082
66150,132083
66151,132084
66152,132087
66153,132088
66154,132089
66155,132090
66156,132091
66157,132093
66158,132094
66159,132095
66160,132096
66161,132097
66162,132098
66163,132099
66164,132100
66165,132101
66166,132102
66167,132105
66168,132108
66169,132110
66170,132113
66171,132114
66172,132116
66173,132117
66174,132118
66175,132119
66176,132121
66177,132122
66178,132125
66179,132126
66180,132127
66181,132128
66182,132130
66183,132131
66184,132135
66185,132138
66186,132139
66187,132140
66188,132142
66189,132143
66190,132144
66191,132146
66192,132147
66193,132149
66194,132150
66195,132151
66196,132153
66197,132154
66198,132159
66199,132160
66200,132163
66201,132165
66202,132167
66203,132168
66204,132171
66205,132174
66206,132176
66207,132177
66208,132180
66209,132181
66210,132183
66211,132185
66212,132188
66213,132189
66214,132191
66215,132193
66216,132194
66217,132198
66218,132201
66219,132202
66220,132207
66221,132212
66222,132214
66223,132215
66224,132217
66225,132219
66226,132220
66227,132221
66228,132222
66229,132223
66230,132225
66231,132231
66232,132232
66233,132233
66234,132235
66235,132237
66236,132238
66237,132241
66238,132242
66239,132243
66240,132246
66241,132250
66242,132251
66243,132253
66244,132254
66245,132256
66246,132258
66247,132260
66248,132263
66249,132267
66250,132269
66251,132270
66252,132272
66253,132273
66254,132275
66255,132276
66256,132280
66257,132284
66258,132285
66259,132286
66260,132287
66261,132288
66262,132289
66263,132290
66264,132291
66265,132292
66266,132295
66267,132296
66268,132297
66269,132298
66270,132302
66271,132305
66272,132306
66273,132307
66274,132309
66275,132311
66276,132312
66277,132313
66278,132317
66279,132320
66280,132321
66281,132322
66282,132324
66283,132325
66284,132327
66285,132329
66286,132331
66287,132333
66288,132334
66289,132338
66290,132339
66291,132341
66292,132343
66293,132347
66294,132348
66295,132349
66296,132351
66297,132352
66298,132356
66299,132357
66300,132358
66301,132359
66302,132360
66303,132361
66304,132364
66305,132365
66306,132370
66307,132371
66308,132373
66309,132376
66310,132377
66311,132380
66312,132381
66313,132382
66314,132383
66315,132389
66316,132391
66317,132392
66318,132393
66319,132395
66320,132397
66321,132401
66322,132402
66323,132403
66324,132405
66325,132409
66326,132411
66327,132412
66328,132414
66329,132416
66330,132421
66331,132422
66332,132423
66333,132424
66334,132426
66335,132427
66336,132428
66337,132431
66338,132432
66339,132433
66340,132434
66341,132436
66342,132437
66343,132439
66344,132444
66345,132445
66346,132446
66347,132448
66348,132449
66349,132451
66350,132452
66351,132454
66352,132455
66353,132457
66354,132458
66355,132460
66356,132461
66357,132467
66358,132468
66359,132469
66360,132470
66361,132472
66362,132473
66363,132474
66364,132476
66365,132477
66366,132479
66367,132482
66368,132486
66369,132487
66370,132489
66371,132491
66372,132492
66373,132494
66374,132497
66375,132498
66376,132499
66377,132500
66378,132502
66379,132508
66380,132509
66381,132510
66382,132511
66383,132513
66384,132514
66385,132515
66386,132516
66387,132517
66388,132518
66389,132519
66390,132521
66391,132525
66392,132526
66393,132527
66394,132528
66395,132529
66396,132531
66397,132532
66398,132534
66399,132539
66400,132541
66401,132544
66402,132545
66403,132548
66404,132549
66405,132550
66406,132551
66407,132552
66408,132553
66409,132558
66410,132560
66411,132561
66412,132567
66413,132569
66414,132571
66415,132572
66416,132575
66417,132577
66418,132581
66419,132584
66420,132585
66421,132586
66422,132588
66423,132593
66424,132594
66425,132597
66426,132598
66427,132599
66428,132600
66429,132601
66430,132602
66431,132603
66432,132607
66433,132610
66434,132611
66435,132612
66436,132615
66437,132618
66438,132620
66439,132624
66440,132626
66441,132627
66442,132628
66443,132633
66444,132636
66445,132638
66446,132639
66447,132640
66448,132642
66449,132644
66450,132645
66451,132647
66452,132648
66453,132649
66454,132650
66455,132651
66456,132652
66457,132655
66458,132657
66459,132658
66460,132662
66461,132668
66462,132673
66463,132677
66464,132679
66465,132680
66466,132681
66467,132682
66468,132683
66469,132689
66470,132691
66471,132695
66472,132696
66473,132703
66474,132705
66475,132707
66476,132708
66477,132711
66478,132713
66479,132714
66480,132715
66481,132717
66482,132718
66483,132719
66484,132720
66485,132723
66486,132727
66487,132729
66488,132730
66489,132731
66490,132733
66491,132734
66492,132739
66493,132741
66494,132743
66495,132755
66496,132756
66497,132760
66498,132762
66499,132764
66500,132765
66501,132768
66502,132769
66503,132770
66504,132772
66505,132773
66506,132774
66507,132775
66508,132777
66509,132779
66510,132780
66511,132781
66512,132783
66513,132784
66514,132785
66515,132786
66516,132787
66517,132789
66518,132793
66519,132794
66520,132806
66521,132808
66522,132810
66523,132811
66524,132813
66525,132814
66526,132815
66527,132817
66528,132818
66529,132820
66530,132821
66531,132823
66532,132825
66533,132826
66534,132827
66535,132828
66536,132833
66537,132834
66538,132835
66539,132836
66540,132841
66541,132842
66542,132846
66543,132848
66544,132849
66545,132853
66546,132854
66547,132855
66548,132858
66549,132859
66550,132860
66551,132861
66552,132863
66553,132864
66554,132868
66555,132869
66556,132870
66557,132871
66558,132874
66559,132875
66560,132880
66561,132881
66562,132882
66563,132884
66564,132885
66565,132886
66566,132888
66567,132891
66568,132893
66569,132897
66570,132901
66571,132902
66572,132903
66573,132904
66574,132905
66575,132906
66576,132912
66577,132913
66578,132914
66579,132919
66580,132923
66581,132924
66582,132925
66583,132929
66584,132931
66585,132938
66586,132941
66587,132942
66588,132943
66589,132945
66590,132947
66591,132948
66592,132951
66593,132952
66594,132954
66595,132955
66596,132956
66597,132964
66598,132965
66599,132967
66600,132968
66601,132970
66602,132971
66603,132973
66604,132974
66605,132977
66606,132979
66607,132981
66608,132982
66609,132983
66610,132985
66611,132986
66612,132988
66613,132989
66614,132992
66615,132993
66616,132997
66617,132998
66618,133000
66619,133001
66620,133002
66621,133004
66622,133005
66623,133006
66624,133007
66625,133009
66626,133010
66627,133015
66628,133018
66629,133019
66630,133023
66631,133024
66632,133025
66633,133026
66634,133027
66635,133028
66636,133030
66637,133034
66638,133035
66639,133036
66640,133037
66641,133038
66642,133039
66643,133041
66644,133042
66645,133048
66646,133049
66647,133050
66648,133051
66649,133053
66650,133058
66651,133060
66652,133061
66653,133062
66654,133064
66655,133065
66656,133066
66657,133068
66658,133070
66659,133073
66660,133074
66661,133085
66662,133088
66663,133089
66664,133091
66665,133092
66666,133098
66667,133099
66668,133102
66669,133106
66670,133107
66671,133108
66672,133109
66673,133112
66674,133114
66675,133117
66676,133118
66677,133119
66678,133122
66679,133123
66680,133124
66681,133125
66682,133126
66683,133127
66684,133131
66685,133132
66686,133134
66687,133136
66688,133138
66689,133139
66690,133141
66691,133145
66692,133146
66693,133147
66694,133148
66695,133150
66696,133152
66697,133154
66698,133155
66699,133156
66700,133157
66701,133158
66702,133159
66703,133161
66704,133162
66705,133163
66706,133166
66707,133167
66708,133171
66709,133173
66710,133174
66711,133175
66712,133177
66713,133179
66714,133180
66715,133182
66716,133184
66717,133185
66718,133186
66719,133189
66720,133190
66721,133193
66722,133196
66723,133197
66724,133198
66725,133199
66726,133200
66727,133205
66728,133206
66729,133207
66730,133210
66731,133211
66732,133213
66733,133218
66734,133219
66735,133220
66736,133221
66737,133225
66738,133226
66739,133229
66740,133232
66741,133233
66742,133236
66743,133238
66744,133240
66745,133243
66746,133244
66747,133247
66748,133251
66749,133252
66750,133256
66751,133257
66752,133259
66753,133262
66754,133265
66755,133268
66756,133269
66757,133270
66758,133272
66759,133273
66760,133274
66761,133275
66762,133277
66763,133278
66764,133281
66765,133282
66766,133284
66767,133285
66768,133291
66769,133294
66770,133295
66771,133296
66772,133302
66773,133303
66774,133304
66775,133311
66776,133315
66777,133316
66778,133318
66779,133319
66780,133320
66781,133323
66782,133325
66783,133326
66784,133328
66785,133330
66786,133332
66787,133333
66788,133335
66789,133336
66790,133337
66791,133339
66792,133342
66793,133343
66794,133344
66795,133345
66796,133348
66797,133349
66798,133350
66799,133351
66800,133353
66801,133354
66802,133355
66803,133356
66804,133357
66805,133359
66806,133361
66807,133362
66808,133365
66809,133366
66810,133368
66811,133371
66812,133375
66813,133380
66814,133381
66815,133382
66816,133383
66817,133391
66818,133392
66819,133393
66820,133394
66821,133395
66822,133397
66823,133399
66824,133401
66825,133403
66826,133405
66827,133406
66828,133407
66829,133408
66830,133411
66831,133413
66832,133414
66833,133417
66834,133419
66835,133421
66836,133423
66837,133424
66838,133425
66839,133427
66840,133428
66841,133430
66842,133432
66843,133437
66844,133442
66845,133444
66846,133446
66847,133447
66848,133448
66849,133450
66850,133451
66851,133453
66852,133454
66853,133455
66854,133457
66855,133459
66856,133462
66857,133465
66858,133466
66859,133467
66860,133469
66861,133471
66862,133473
66863,133474
66864,133476
66865,133479
66866,133480
66867,133482
66868,133483
66869,133485
66870,133487
66871,133488
66872,133491
66873,133494
66874,133498
66875,133499
66876,133500
66877,133501
66878,133503
66879,133506
66880,133507
66881,133509
66882,133510
66883,133511
66884,133513
66885,133514
66886,133515
66887,133518
66888,133519
66889,133522
66890,133527
66891,133532
66892,133537
66893,133539
66894,133540
66895,133541
66896,133542
66897,133545
66898,133549
66899,133550
66900,133552
66901,133555
66902,133557
66903,133558
66904,133561
66905,133563
66906,133564
66907,133565
66908,133566
66909,133567
66910,133569
66911,133572
66912,133573
66913,133578
66914,133579
66915,133582
66916,133590
66917,133592
66918,133593
66919,133595
66920,133596
66921,133597
66922,133603
66923,133604
66924,133607
66925,133609
66926,133610
66927,133611
66928,133612
66929,133613
66930,133615
66931,133619
66932,133620
66933,133623
66934,133624
66935,133625
66936,133626
66937,133627
66938,133629
66939,133630
66940,133635
66941,133637
66942,133639
66943,133640
66944,133642
66945,133646
66946,133649
66947,133650
66948,133655
66949,133657
66950,133660
66951,133661
66952,133662
66953,133664
66954,133666
66955,133667
66956,133668
66957,133670
66958,133672
66959,133676
66960,133677
66961,133678
66962,133679
66963,133681
66964,133682
66965,133685
66966,133688
66967,133689
66968,133690
66969,133691
66970,133692
66971,133693
66972,133699
66973,133700
66974,133704
66975,133705
66976,133707
66977,133709
66978,133716
66979,133718
66980,133719
66981,133721
66982,133722
66983,133724
66984,133726
66985,133727
66986,133729
66987,133731
66988,133732
66989,133734
66990,133736
66991,133737
66992,133738
66993,133742
66994,133743
66995,133746
66996,133748
66997,133749
66998,133751
66999,133753
67000,133754
67001,133756
67002,133758
67003,133762
67004,133763
67005,133764
67006,133765
67007,133766
67008,133768
67009,133770
67010,133775
67011,133776
67012,133777
67013,133779
67014,133780
67015,133782
67016,133783
67017,133788
67018,133790
67019,133793
67020,133796
67021,133797
67022,133800
67023,133801
67024,133804
67025,133807
67026,133809
67027,133810
67028,133811
67029,133812
67030,133813
67031,133814
67032,133816
67033,133818
67034,133819
67035,133820
67036,133823
67037,133825
67038,133826
67039,133827
67040,133828
67041,133829
67042,133834
67043,133836
67044,133840
67045,133841
67046,133843
67047,133844
67048,133852
67049,133854
67050,133855
67051,133857
67052,133859
67053,133860
67054,133861
67055,133862
67056,133865
67057,133866
67058,133868
67059,133869
67060,133870
67061,133871
67062,133873
67063,133876
67064,133878
67065,133879
67066,133880
67067,133884
67068,133886
67069,133887
67070,133891
67071,133894
67072,133898
67073,133903
67074,133905
67075,133906
67076,133909
67077,133910
67078,133911
67079,133913
67080,133918
67081,133920
67082,133927
67083,133928
67084,133929
67085,133931
67086,133934
67087,133936
67088,133937
67089,133938
67090,133939
67091,133942
67092,133946
67093,133947
67094,133952
67095,133953
67096,133954
67097,133956
67098,133958
67099,133959
67100,133960
67101,133961
67102,133964
67103,133966
67104,133967
67105,133969
67106,133970
67107,133971
67108,133975
67109,133980
67110,133982
67111,133984
67112,133985
67113,133990
67114,133991
67115,133994
67116,134000
67117,134002
67118,134003
67119,134004
67120,134005
67121,134007
67122,134011
67123,134012
67124,134018
67125,134020
67126,134025
67127,134026
67128,134029
67129,134032
67130,134033
67131,134034
67132,134036
67133,134037
67134,134040
67135,134041
67136,134042
67137,134047
67138,134048
67139,134049
67140,134050
67141,134051
67142,134052
67143,134054
67144,134055
67145,134057
67146,134058
67147,134059
67148,134061
67149,134062
67150,134066
67151,134068
67152,134073
67153,134074
67154,134076
67155,134078
67156,134079
67157,134081
67158,134083
67159,134084
67160,134085
67161,134086
67162,134090
67163,134092
67164,134094
67165,134097
67166,134101
67167,134103
67168,134104
67169,134105
67170,134106
67171,134109
67172,134111
67173,134114
67174,134115
67175,134116
67176,134117
67177,134118
67178,134119
67179,134120
67180,134125
67181,134128
67182,134130
67183,134134
67184,134135
67185,134136
67186,134138
67187,134139
67188,134141
67189,134142
67190,134143
67191,134145
67192,134146
67193,134150
67194,134151
67195,134153
67196,134155
67197,134157
67198,134158
67199,134159
67200,134160
67201,134161
67202,134162
67203,134163
67204,134164
67205,134165
67206,134167
67207,134169
67208,134175
67209,134178
67210,134179
67211,134181
67212,134183
67213,134184
67214,134189
67215,134190
67216,134193
67217,134198
67218,134200
67219,134201
67220,134204
67221,134208
67222,134209
67223,134210
67224,134212
67225,134213
67226,134214
67227,134217
67228,134222
67229,134223
67230,134225
67231,134226
67232,134228
67233,134230
67234,134232
67235,134234
67236,134235
67237,134238
67238,134242
67239,134244
67240,134245
67241,134246
67242,134247
67243,134250
67244,134252
67245,134253
67246,134255
67247,134257
67248,134258
67249,134262
67250,134267
67251,134268
67252,134269
67253,134270
67254,134272
67255,134273
67256,134274
67257,134277
67258,134279
67259,134280
67260,134281
67261,134282
67262,134284
67263,134292
67264,134294
67265,134295
67266,134296
67267,134299
67268,134301
67269,134302
67270,134303
67271,134306
67272,134308
67273,134309
67274,134310
67275,134311
67276,134312
67277,134314
67278,134316
67279,134317
67280,134319
67281,134320
67282,134323
67283,134326
67284,134327
67285,134330
67286,134331
67287,134335
67288,134337
67289,134339
67290,134341
67291,134344
67292,134346
67293,134348
67294,134354
67295,134355
67296,134356
67297,134357
67298,134360
67299,134361
67300,134363
67301,134369
67302,134373
67303,134374
67304,134380
67305,134381
67306,134382
67307,134384
67308,134386
67309,134387
67310,134388
67311,134389
67312,134390
67313,134391
67314,134393
67315,134398
67316,134399
67317,134400
67318,134402
67319,134403
67320,134405
67321,134409
67322,134413
67323,134415
67324,134416
67325,134417
67326,134418
67327,134420
67328,134424
67329,134426
67330,134429
67331,134430
67332,134432
67333,134434
67334,134435
67335,134436
67336,134438
67337,134440
67338,134442
67339,134445
67340,134447
67341,134448
67342,134449
67343,134453
67344,134458
67345,134464
67346,134465
67347,134466
67348,134467
67349,134470
67350,134471
67351,134472
67352,134473
67353,134475
67354,134476
67355,134484
67356,134486
67357,134487
67358,134489
67359,134490
67360,134493
67361,134496
67362,134498
67363,134499
67364,134500
67365,134503
67366,134505
67367,134511
67368,134512
67369,134514
67370,134516
67371,134517
67372,134519
67373,134522
67374,134526
67375,134527
67376,134529
67377,134531
67378,134532
67379,134533
67380,134537
67381,134540
67382,134543
67383,134545
67384,134546
67385,134547
67386,134551
67387,134553
67388,134555
67389,134556
67390,134557
67391,134558
67392,134565
67393,134566
67394,134567
67395,134568
67396,134570
67397,134577
67398,134581
67399,134583
67400,134585
67401,134586
67402,134588
67403,134590
67404,134591
67405,134594
67406,134595
67407,134596
67408,134597
67409,134600
67410,134604
67411,134605
67412,134607
67413,134608
67414,134609
67415,134611
67416,134618
67417,134625
67418,134626
67419,134627
67420,134628
67421,134630
67422,134632
67423,134634
67424,134635
67425,134636
67426,134638
67427,134640
67428,134641
67429,134642
67430,134643
67431,134645
67432,134647
67433,134649
67434,134650
67435,134651
67436,134654
67437,134657
67438,134659
67439,134662
67440,134663
67441,134664
67442,134667
67443,134670
67444,134672
67445,134673
67446,134674
67447,134675
67448,134676
67449,134678
67450,134680
67451,134681
67452,134683
67453,134684
67454,134686
67455,134689
67456,134690
67457,134693
67458,134697
67459,134698
67460,134700
67461,134702
67462,134703
67463,134704
67464,134707
67465,134708
67466,134709
67467,134716
67468,134717
67469,134718
67470,134721
67471,134722
67472,134724
67473,134727
67474,134729
67475,134733
67476,134735
67477,134736
67478,134737
67479,134738
67480,134743
67481,134744
67482,134746
67483,134747
67484,134750
67485,134754
67486,134756
67487,134757
67488,134758
67489,134759
67490,134761
67491,134762
67492,134763
67493,134764
67494,134766
67495,134767
67496,134768
67497,134769
67498,134770
67499,134774
67500,134775
67501,134783
67502,134784
67503,134787
67504,134788
67505,134789
67506,134790
67507,134791
67508,134792
67509,134793
67510,134794
67511,134796
67512,134799
67513,134800
67514,134801
67515,134803
67516,134804
67517,134808
67518,134810
67519,134811
67520,134813
67521,134815
67522,134816
67523,134820
67524,134822
67525,134823
67526,134826
67527,134827
67528,134828
67529,134829
67530,134830
67531,134831
67532,134833
67533,134838
67534,134839
67535,134840
67536,134841
67537,134845
67538,134850
67539,134851
67540,134852
67541,134854
67542,134859
67543,134861
67544,134862
67545,134864
67546,134867
67547,134870
67548,134871
67549,134872
67550,134873
67551,134874
67552,134875
67553,134876
67554,134877
67555,134879
67556,134882
67557,134885
67558,134886
67559,134887
67560,134890
67561,134895
67562,134896
67563,134898
67564,134902
67565,134904
67566,134909
67567,134910
67568,134911
67569,134914
67570,134918
67571,134920
67572,134921
67573,134924
67574,134926
67575,134927
67576,134928
67577,134932
67578,134933
67579,134934
67580,134935
67581,134937
67582,134938
67583,134940
67584,134942
67585,134944
67586,134947
67587,134949
67588,134950
67589,134951
67590,134952
67591,134953
67592,134954
67593,134956
67594,134957
67595,134958
67596,134959
67597,134963
67598,134964
67599,134968
67600,134970
67601,134972
67602,134973
67603,134974
67604,134975
67605,134976
67606,134979
67607,134980
67608,134981
67609,134985
67610,134987
67611,134988
67612,134989
67613,134993
67614,134996
67615,134998
67616,135000
67617,135001
67618,135004
67619,135007
67620,135008
67621,135009
67622,135011
67623,135012
67624,135014
67625,135016
67626,135017
67627,135019
67628,135020
67629,135022
67630,135024
67631,135025
67632,135029
67633,135030
67634,135032
67635,135034
67636,135035
67637,135037
67638,135038
67639,135039
67640,135040
67641,135044
67642,135045
67643,135047
67644,135048
67645,135049
67646,135050
67647,135053
67648,135062
67649,135063
67650,135064
67651,135066
67652,135071
67653,135075
67654,135078
67655,135079
67656,135081
67657,135083
67658,135084
67659,135085
67660,135086
67661,135087
67662,135091
67663,135093
67664,135094
67665,135095
67666,135096
67667,135097
67668,135098
67669,135100
67670,135103
67671,135106
67672,135109
67673,135112
67674,135113
67675,135117
67676,135120
67677,135121
67678,135125
67679,135126
67680,135127
67681,135130
67682,135134
67683,135135
67684,135137
67685,135139
67686,135142
67687,135145
67688,135146
67689,135147
67690,135148
67691,135149
67692,135150
67693,135151
67694,135152
67695,135153
67696,135155
67697,135157
67698,135159
67699,135162
67700,135164
67701,135165
67702,135166
67703,135167
67704,135168
67705,135169
67706,135170
67707,135171
67708,135174
67709,135176
67710,135180
67711,135181
67712,135182
67713,135183
67714,135185
67715,135186
67716,135189
67717,135192
67718,135193
67719,135194
67720,135195
67721,135196
67722,135197
67723,135201
67724,135202
67725,135206
67726,135207
67727,135208
67728,135209
67729,135210
67730,135213
67731,135214
67732,135215
67733,135217
67734,135219
67735,135221
67736,135223
67737,135224
67738,135228
67739,135229
67740,135231
67741,135232
67742,135233
67743,135238
67744,135240
67745,135242
67746,135246
67747,135247
67748,135248
67749,135251
67750,135256
67751,135257
67752,135260
67753,135263
67754,135265
67755,135266
67756,135271
67757,135275
67758,135276
67759,135278
67760,135280
67761,135285
67762,135288
67763,135289
67764,135293
67765,135294
67766,135295
67767,135302
67768,135303
67769,135305
67770,135308
67771,135309
67772,135310
67773,135313
67774,135314
67775,135315
67776,135317
67777,135319
67778,135320
67779,135321
67780,135324
67781,135326
67782,135327
67783,135328
67784,135329
67785,135331
67786,135332
67787,135337
67788,135338
67789,135340
67790,135341
67791,135342
67792,135343
67793,135345
67794,135348
67795,135351
67796,135352
67797,135355
67798,135356
67799,135358
67800,135359
67801,135363
67802,135364
67803,135369
67804,135370
67805,135371
67806,135372
67807,135373
67808,135374
67809,135376
67810,135378
67811,135379
67812,135380
67813,135381
67814,135382
67815,135383
67816,135384
67817,135387
67818,135389
67819,135392
67820,135393
67821,135394
67822,135401
67823,135402
67824,135403
67825,135405
67826,135407
67827,135408
67828,135409
67829,135411
67830,135413
67831,135416
67832,135418
67833,135420
67834,135422
67835,135426
67836,135429
67837,135430
67838,135432
67839,135433
67840,135435
67841,135437
67842,135439
67843,135442
67844,135444
67845,135447
67846,135448
67847,135449
67848,135452
67849,135453
67850,135455
67851,135456
67852,135457
67853,135459
67854,135461
67855,135463
67856,135464
67857,135465
67858,135466
67859,135467
67860,135471
67861,135472
67862,135473
67863,135474
67864,135477
67865,135478
67866,135480
67867,135481
67868,135483
67869,135484
67870,135486
67871,135488
67872,135489
67873,135490
67874,135493
67875,135494
67876,135496
67877,135499
67878,135501
67879,135502
67880,135503
67881,135505
67882,135507
67883,135508
67884,135510
67885,135513
67886,135514
67887,135515
67888,135518
67889,135519
67890,135520
67891,135521
67892,135523
67893,135526
67894,135527
67895,135528
67896,135529
67897,135531
67898,135534
67899,135535
67900,135536
67901,135537
67902,135538
67903,135540
67904,135542
67905,135543
67906,135545
67907,135546
67908,135549
67909,135551
67910,135552
67911,135557
67912,135558
67913,135559
67914,135561
67915,135563
67916,135568
67917,135569
67918,135571
67919,135572
67920,135574
67921,135576
67922,135577
67923,135578
67924,135579
67925,135584
67926,135585
67927,135587
67928,135589
67929,135590
67930,135591
67931,135594
67932,135595
67933,135596
67934,135598
67935,135599
67936,135601
67937,135603
67938,135611
67939,135613
67940,135614
67941,135615
67942,135616
67943,135619
67944,135620
67945,135621
67946,135622
67947,135623
67948,135624
67949,135625
67950,135627
67951,135628
67952,135630
67953,135631
67954,135632
67955,135633
67956,135634
67957,135636
67958,135638
67959,135640
67960,135643
67961,135644
67962,135645
67963,135647
67964,135648
67965,135649
67966,135651
67967,135655
67968,135656
67969,135660
67970,135664
67971,135665
67972,135666
67973,135667
67974,135668
67975,135669
67976,135673
67977,135679
67978,135681
67979,135683
67980,135684
67981,135686
67982,135687
67983,135688
67984,135689
67985,135690
67986,135693
67987,135694
67988,135696
67989,135697
67990,135698
67991,135703
67992,135704
67993,135706
67994,135710
67995,135711
67996,135714
67997,135717
67998,135721
67999,135723
68000,135725
68001,135726
68002,135727
68003,135730
68004,135731
68005,135733
68006,135734
68007,135739
68008,135740
68009,135741
68010,135742
68011,135743
68012,135748
68013,135750
68014,135753
68015,135755
68016,135756
68017,135757
68018,135760
68019,135762
68020,135767
68021,135768
68022,135771
68023,135776
68024,135777
68025,135782
68026,135783
68027,135784
68028,135786
68029,135788
68030,135789
68031,135790
68032,135791
68033,135795
68034,135798
68035,135799
68036,135800
68037,135802
68038,135803
68039,135804
68040,135806
68041,135810
68042,135811
68043,135812
68044,135813
68045,135816
68046,135817
68047,135818
68048,135819
68049,135821
68050,135826
68051,135827
68052,135829
68053,135832
68054,135838
68055,135839
68056,135841
68057,135844
68058,135846
68059,135847
68060,135848
68061,135849
68062,135850
68063,135852
68064,135860
68065,135863
68066,135864
68067,135866
68068,135867
68069,135869
68070,135871
68071,135872
68072,135874
68073,135875
68074,135876
68075,135877
68076,135879
68077,135884
68078,135885
68079,135887
68080,135892
68081,135897
68082,135898
68083,135899
68084,135901
68085,135902
68086,135905
68087,135907
68088,135915
68089,135919
68090,135923
68091,135925
68092,135926
68093,135933
68094,135935
68095,135938
68096,135940
68097,135941
68098,135944
68099,135947
68100,135948
68101,135949
68102,135953
68103,135956
68104,135962
68105,135965
68106,135967
68107,135969
68108,135970
68109,135973
68110,135974
68111,135978
68112,135980
68113,135982
68114,135983
68115,135987
68116,135988
68117,135991
68118,135992
68119,135993
68120,135995
68121,135999
68122,136001
68123,136002
68124,136003
68125,136005
68126,136010
68127,136013
68128,136015
68129,136017
68130,136018
68131,136019
68132,136020
68133,136023
68134,136024
68135,136025
68136,136026
68137,136027
68138,136028
68139,136031
68140,136032
68141,136033
68142,136035
68143,136037
68144,136040
68145,136043
68146,136044
68147,136047
68148,136048
68149,136049
68150,136050
68151,136051
68152,136052
68153,136055
68154,136056
68155,136057
68156,136060
68157,136063
68158,136064
68159,136065
68160,136066
68161,136069
68162,136070
68163,136072
68164,136073
68165,136075
68166,136076
68167,136078
68168,136079
68169,136081
68170,136082
68171,136083
68172,136092
68173,136094
68174,136096
68175,136098
68176,136099
68177,136100
68178,136104
68179,136107
68180,136109
68181,136111
68182,136115
68183,136116
68184,136117
68185,136120
68186,136121
68187,136123
68188,136124
68189,136127
68190,136128
68191,136131
68192,136132
68193,136134
68194,136135
68195,136136
68196,136139
68197,136140
68198,136141
68199,136144
68200,136146
68201,136147
68202,136152
68203,136154
68204,136155
68205,136156
68206,136157
68207,136158
68208,136164
68209,136169
68210,136171
68211,136172
68212,136175
68213,136176
68214,136177
68215,136179
68216,136180
68217,136184
68218,136186
68219,136189
68220,136192
68221,136195
68222,136196
68223,136199
68224,136200
68225,136201
68226,136203
68227,136206
68228,136207
68229,136211
68230,136212
68231,136213
68232,136214
68233,136215
68234,136217
68235,136222
68236,136223
68237,136224
68238,136230
68239,136233
68240,136242
68241,136244
68242,136247
68243,136249
68244,136253
68245,136254
68246,136255
68247,136257
68248,136258
68249,136259
68250,136260
68251,136262
68252,136263
68253,136266
68254,136268
68255,136269
68256,136270
68257,136272
68258,136273
68259,136275
68260,136280
68261,136282
68262,136287
68263,136288
68264,136289
68265,136293
68266,136294
68267,136295
68268,136296
68269,136298
68270,136299
68271,136301
68272,136302
68273,136303
68274,136304
68275,136307
68276,136308
68277,136311
68278,136312
68279,136315
68280,136316
68281,136317
68282,136318
68283,136319
68284,136320
68285,136322
68286,136325
68287,136326
68288,136328
68289,136329
68290,136330
68291,136332
68292,136337
68293,136339
68294,136340
68295,136343
68296,136345
68297,136346
68298,136350
68299,136355
68300,136357
68301,136359
68302,136363
68303,136364
68304,136370
68305,136372
68306,136375
68307,136379
68308,136381
68309,136391
68310,136392
68311,136393
68312,136394
68313,136400
68314,136401
68315,136403
68316,136404
68317,136405
68318,136406
68319,136410
68320,136413
68321,136414
68322,136416
68323,136417
68324,136418
68325,136420
68326,136421
68327,136422
68328,136423
68329,136424
68330,136426
68331,136427
68332,136428
68333,136430
68334,136431
68335,136434
68336,136437
68337,136438
68338,136439
68339,136440
68340,136441
68341,136442
68342,136445
68343,136446
68344,136447
68345,136448
68346,136449
68347,136451
68348,136453
68349,136455
68350,136459
68351,136460
68352,136462
68353,136463
68354,136465
68355,136466
68356,136467
68357,136468
68358,136469
68359,136471
68360,136473
68361,136475
68362,136476
68363,136479
68364,136480
68365,136481
68366,136482
68367,136488
68368,136490
68369,136495
68370,136499
68371,136500
68372,136502
68373,136504
68374,136509
68375,136510
68376,136511
68377,136513
68378,136514
68379,136515
68380,136516
68381,136517
68382,136518
68383,136519
68384,136520
68385,136523
68386,136526
68387,136528
68388,136529
68389,136530
68390,136532
68391,136534
68392,136536
68393,136538
68394,136539
68395,136541
68396,136546
68397,136548
68398,136549
68399,136550
68400,136552
68401,136554
68402,136556
68403,136558
68404,136559
68405,136561
68406,136562
68407,136565
68408,136566
68409,136572
68410,136573
68411,136577
68412,136578
68413,136580
68414,136583
68415,136587
68416,136590
68417,136592
68418,136593
68419,136596
68420,136597
68421,136600
68422,136602
68423,136604
68424,136610
68425,136614
68426,136615
68427,136616
68428,136618
68429,136623
68430,136624
68431,136627
68432,136631
68433,136633
68434,136634
68435,136635
68436,136636
68437,136637
68438,136638
68439,136639
68440,136641
68441,136642
68442,136645
68443,136647
68444,136648
68445,136649
68446,136650
68447,136651
68448,136652
68449,136654
68450,136656
68451,136657
68452,136659
68453,136662
68454,136668
68455,136669
68456,136671
68457,136672
68458,136676
68459,136679
68460,136680
68461,136681
68462,136682
68463,136683
68464,136686
68465,136688
68466,136689
68467,136692
68468,136693
68469,136696
68470,136698
68471,136700
68472,136701
68473,136703
68474,136704
68475,136706
68476,136707
68477,136708
68478,136709
68479,136711
68480,136712
68481,136713
68482,136715
68483,136717
68484,136718
68485,136719
68486,136720
68487,136723
68488,136724
68489,136727
68490,136729
68491,136731
68492,136733
68493,136734
68494,136737
68495,136742
68496,136744
68497,136747
68498,136749
68499,136753
68500,136758
68501,136759
68502,136761
68503,136763
68504,136767
68505,136768
68506,136772
68507,136774
68508,136776
68509,136778
68510,136779
68511,136781
68512,136782
68513,136787
68514,136789
68515,136795
68516,136797
68517,136798
68518,136799
68519,136800
68520,136805
68521,136812
68522,136814
68523,136817
68524,136818
68525,136819
68526,136821
68527,136822
68528,136824
68529,136826
68530,136827
68531,136828
68532,136831
68533,136832
68534,136833
68535,136835
68536,136837
68537,136839
68538,136842
68539,136844
68540,136848
68541,136851
68542,136852
68543,136853
68544,136854
68545,136856
68546,136857
68547,136863
68548,136864
68549,136866
68550,136867
68551,136868
68552,136869
68553,136872
68554,136874
68555,136875
68556,136876
68557,136878
68558,136879
68559,136880
68560,136881
68561,136882
68562,136883
68563,136888
68564,136891
68565,136892
68566,136895
68567,136896
68568,136900
68569,136904
68570,136906
68571,136909
68572,136910
68573,136915
68574,136916
68575,136918
68576,136921
68577,136922
68578,136926
68579,136928
68580,136930
68581,136933
68582,136935
68583,136936
68584,136937
68585,136940
68586,136941
68587,136943
68588,136944
68589,136947
68590,136948
68591,136950
68592,136953
68593,136954
68594,136955
68595,136956
68596,136957
68597,136958
68598,136961
68599,136963
68600,136966
68601,136967
68602,136968
68603,136969
68604,136970
68605,136971
68606,136974
68607,136977
68608,136978
68609,136979
68610,136980
68611,136981
68612,136982
68613,136983
68614,136990
68615,136991
68616,136995
68617,136996
68618,136997
68619,136998
68620,137000
68621,137001
68622,137002
68623,137004
68624,137007
68625,137009
68626,137010
68627,137011
68628,137013
68629,137014
68630,137016
68631,137018
68632,137022
68633,137023
68634,137025
68635,137027
68636,137029
68637,137032
68638,137033
68639,137035
68640,137036
68641,137037
68642,137039
68643,137044
68644,137048
68645,137053
68646,137054
68647,137056
68648,137058
68649,137059
68650,137060
68651,137061
68652,137062
68653,137065
68654,137067
68655,137068
68656,137069
68657,137070
68658,137071
68659,137076
68660,137077
68661,137079
68662,137083
68663,137084
68664,137086
68665,137087
68666,137090
68667,137094
68668,137095
68669,137096
68670,137101
68671,137109
68672,137110
68673,137111
68674,137112
68675,137113
68676,137115
68677,137116
68678,137118
68679,137120
68680,137124
68681,137127
68682,137128
68683,137129
68684,137132
68685,137133
68686,137134
68687,137135
68688,137136
68689,137141
68690,137144
68691,137146
68692,137148
68693,137149
68694,137150
68695,137151
68696,137153
68697,137154
68698,137155
68699,137156
68700,137157
68701,137158
68702,137160
68703,137161
68704,137162
68705,137164
68706,137167
68707,137170
68708,137178
68709,137179
68710,137180
68711,137183
68712,137185
68713,137188
68714,137191
68715,137195
68716,137196
68717,137197
68718,137198
68719,137200
68720,137204
68721,137206
68722,137209
68723,137211
68724,137212
68725,137214
68726,137218
68727,137220
68728,137222
68729,137224
68730,137225
68731,137226
68732,137228
68733,137229
68734,137230
68735,137232
68736,137234
68737,137239
68738,137240
68739,137243
68740,137247
68741,137248
68742,137251
68743,137256
68744,137259
68745,137263
68746,137264
68747,137266
68748,137267
68749,137271
68750,137272
68751,137275
68752,137277
68753,137278
68754,137282
68755,137288
68756,137289
68757,137293
68758,137294
68759,137297
68760,137298
68761,137299
68762,137300
68763,137301
68764,137303
68765,137306
68766,137309
68767,137311
68768,137313
68769,137314
68770,137316
68771,137317
68772,137318
68773,137319
68774,137320
68775,137321
68776,137323
68777,137325
68778,137328
68779,137331
68780,137334
68781,137335
68782,137336
68783,137337
68784,137341
68785,137343
68786,137344
68787,137346
68788,137348
68789,137349
68790,137350
68791,137353
68792,137356
68793,137357
68794,137362
68795,137365
68796,137368
68797,137375
68798,137376
68799,137378
68800,137380
68801,137382
68802,137383
68803,137385
68804,137386
68805,137388
68806,137389
68807,137390
68808,137391
68809,137392
68810,137393
68811,137394
68812,137395
68813,137396
68814,137398
68815,137399
68816,137400
68817,137401
68818,137403
68819,137404
68820,137408
68821,137412
68822,137413
68823,137415
68824,137419
68825,137420
68826,137423
68827,137424
68828,137425
68829,137428
68830,137429
68831,137433
68832,137445
68833,137448
68834,137449
68835,137450
68836,137453
68837,137454
68838,137456
68839,137460
68840,137461
68841,137463
68842,137464
68843,137466
68844,137467
68845,137474
68846,137476
68847,137477
68848,137479
68849,137481
68850,137482
68851,137484
68852,137485
68853,137486
68854,137487
68855,137488
68856,137489
68857,137496
68858,137497
68859,137499
68860,137501
68861,137503
68862,137504
68863,137506
68864,137508
68865,137509
68866,137510
68867,137512
68868,137514
68869,137515
68870,137516
68871,137517
68872,137520
68873,137522
68874,137523
68875,137524
68876,137525
68877,137527
68878,137528
68879,137529
68880,137535
68881,137537
68882,137541
68883,137542
68884,137543
68885,137545
68886,137549
68887,137554
68888,137555
68889,137556
68890,137559
68891,137561
68892,137562
68893,137564
68894,137568
68895,137569
68896,137570
68897,137571
68898,137575
68899,137582
68900,137584
68901,137587
68902,137594
68903,137596
68904,137597
68905,137599
68906,137600
68907,137601
68908,137602
68909,137603
68910,137607
68911,137608
68912,137609
68913,137613
68914,137615
68915,137616
68916,137620
68917,137626
68918,137628
68919,137629
68920,137630
68921,137631
68922,137634
68923,137636
68924,137639
68925,137642
68926,137643
68927,137644
68928,137646
68929,137648
68930,137649
68931,137650
68932,137652
68933,137654
68934,137656
68935,137659
68936,137660
68937,137662
68938,137663
68939,137664
68940,137665
68941,137667
68942,137671
68943,137674
68944,137680
68945,137682
68946,137684
68947,137685
68948,137687
68949,137688
68950,137690
68951,137692
68952,137693
68953,137694
68954,137695
68955,137696
68956,137699
68957,137700
68958,137703
68959,137706
68960,137707
68961,137710
68962,137711
68963,137713
68964,137714
68965,137715
68966,137716
68967,137721
68968,137722
68969,137723
68970,137726
68971,137727
68972,137728
68973,137729
68974,137732
68975,137733
68976,137734
68977,137740
68978,137741
68979,137742
68980,137743
68981,137746
68982,137751
68983,137752
68984,137753
68985,137754
68986,137755
68987,137756
68988,137760
68989,137761
68990,137762
68991,137764
68992,137765
68993,137767
68994,137775
68995,137776
68996,137778
68997,137779
68998,137780
68999,137781
69000,137782
69001,137787
69002,137789
69003,137795
69004,137796
69005,137798
69006,137801
69007,137803
69008,137804
69009,137805
69010,137807
69011,137808
69012,137812
69013,137813
69014,137815
69015,137820
69016,137821
69017,137823
69018,137824
69019,137828
69020,137835
69021,137836
69022,137838
69023,137839
69024,137841
69025,137842
69026,137843
69027,137846
69028,137847
69029,137848
69030,137854
69031,137855
69032,137856
69033,137857
69034,137860
69035,137862
69036,137864
69037,137866
69038,137867
69039,137870
69040,137872
69041,137874
69042,137876
69043,137878
69044,137879
69045,137880
69046,137881
69047,137887
69048,137888
69049,137892
69050,137896
69051,137897
69052,137899
69053,137903
69054,137905
69055,137909
69056,137911
69057,137912
69058,137913
69059,137914
69060,137915
69061,137916
69062,137917
69063,137918
69064,137925
69065,137926
69066,137928
69067,137932
69068,137933
69069,137934
69070,137936
69071,137937
69072,137938
69073,137940
69074,137943
69075,137944
69076,137945
69077,137950
69078,137954
69079,137955
69080,137956
69081,137958
69082,137959
69083,137960
69084,137962
69085,137963
69086,137964
69087,137965
69088,137966
69089,137967
69090,137970
69091,137971
69092,137972
69093,137973
69094,137974
69095,137977
69096,137978
69097,137979
69098,137982
69099,137985
69100,137988
69101,137989
69102,137990
69103,137992
69104,137993
69105,137998
69106,138001
69107,138003
69108,138004
69109,138005
69110,138006
69111,138011
69112,138013
69113,138017
69114,138018
69115,138019
69116,138022
69117,138024
69118,138025
69119,138031
69120,138033
69121,138035
69122,138038
69123,138039
69124,138040
69125,138041
69126,138043
69127,138045
69128,138046
69129,138051
69130,138052
69131,138053
69132,138054
69133,138060
69134,138063
69135,138066
69136,138068
69137,138069
69138,138071
69139,138073
69140,138074
69141,138078
69142,138079
69143,138081
69144,138083
69145,138084
69146,138088
69147,138089
69148,138092
69149,138095
69150,138097
69151,138098
69152,138099
69153,138102
69154,138103
69155,138106
69156,138107
69157,138109
69158,138113
69159,138117
69160,138119
69161,138125
69162,138127
69163,138128
69164,138129
69165,138135
69166,138136
69167,138137
69168,138140
69169,138141
69170,138142
69171,138143
69172,138144
69173,138145
69174,138147
69175,138151
69176,138152
69177,138154
69178,138156
69179,138163
69180,138166
69181,138169
69182,138171
69183,138172
69184,138173
69185,138174
69186,138175
69187,138177
69188,138178
69189,138179
69190,138180
69191,138182
69192,138187
69193,138188
69194,138189
69195,138191
69196,138196
69197,138197
69198,138198
69199,138200
69200,138201
69201,138202
69202,138203
69203,138207
69204,138209
69205,138213
69206,138215
69207,138216
69208,138217
69209,138223
69210,138224
69211,138227
69212,138228
69213,138229
69214,138232
69215,138235
69216,138236
69217,138237
69218,138239
69219,138242
69220,138243
69221,138245
69222,138246
69223,138247
69224,138249
69225,138250
69226,138251
69227,138253
69228,138254
69229,138255
69230,138256
69231,138260
69232,138261
69233,138263
69234,138264
69235,138265
69236,138266
69237,138268
69238,138270
69239,138271
69240,138273
69241,138274
69242,138275
69243,138278
69244,138279
69245,138281
69246,138282
69247,138284
69248,138288
69249,138289
69250,138290
69251,138291
69252,138294
69253,138297
69254,138298
69255,138299
69256,138300
69257,138305
69258,138306
69259,138308
69260,138310
69261,138311
69262,138312
69263,138315
69264,138316
69265,138317
69266,138318
69267,138320
69268,138321
69269,138323
69270,138324
69271,138325
69272,138328
69273,138329
69274,138331
69275,138332
69276,138334
69277,138338
69278,138339
69279,138342
69280,138346
69281,138350
69282,138354
69283,138356
69284,138357
69285,138359
69286,138360
69287,138361
69288,138362
69289,138363
69290,138365
69291,138366
69292,138367
69293,138369
69294,138372
69295,138374
69296,138377
69297,138378
69298,138379
69299,138381
69300,138382
69301,138386
69302,138389
69303,138390
69304,138393
69305,138394
69306,138396
69307,138400
69308,138404
69309,138405
69310,138406
69311,138408
69312,138414
69313,138416
69314,138419
69315,138420
69316,138424
69317,138425
69318,138426
69319,138428
69320,138430
69321,138433
69322,138434
69323,138436
69324,138439
69325,138441
69326,138442
69327,138446
69328,138452
69329,138454
69330,138456
69331,138457
69332,138458
69333,138462
69334,138463
69335,138464
69336,138465
69337,138468
69338,138469
69339,138470
69340,138479
69341,138480
69342,138482
69343,138483
69344,138486
69345,138488
69346,138490
69347,138495
69348,138497
69349,138499
69350,138502
69351,138503
69352,138504
69353,138505
69354,138506
69355,138508
69356,138509
69357,138512
69358,138519
69359,138522
69360,138523
69361,138525
69362,138528
69363,138529
69364,138530
69365,138533
69366,138535
69367,138537
69368,138539
69369,138540
69370,138542
69371,138545
69372,138546
69373,138547
69374,138549
69375,138550
69376,138551
69377,138553
69378,138555
69379,138556
69380,138560
69381,138562
69382,138563
69383,138566
69384,138567
69385,138568
69386,138570
69387,138571
69388,138572
69389,138573
69390,138576
69391,138581
69392,138582
69393,138583
69394,138584
69395,138587
69396,138591
69397,138592
69398,138594
69399,138596
69400,138597
69401,138598
69402,138600
69403,138601
69404,138604
69405,138605
69406,138609
69407,138611
69408,138614
69409,138616
69410,138617
69411,138619
69412,138622
69413,138623
69414,138624
69415,138633
69416,138634
69417,138637
69418,138639
69419,138640
69420,138641
69421,138643
69422,138644
69423,138647
69424,138648
69425,138653
69426,138654
69427,138656
69428,138658
69429,138663
69430,138665
69431,138667
69432,138669
69433,138670
69434,138671
69435,138674
69436,138677
69437,138679
69438,138680
69439,138682
69440,138684
69441,138685
69442,138686
69443,138687
69444,138689
69445,138692
69446,138693
69447,138695
69448,138696
69449,138697
69450,138698
69451,138704
69452,138706
69453,138707
69454,138710
69455,138712
69456,138713
69457,138716
69458,138719
69459,138723
69460,138725
69461,138731
69462,138732
69463,138733
69464,138734
69465,138735
69466,138739
69467,138743
69468,138745
69469,138746
69470,138748
69471,138749
69472,138751
69473,138752
69474,138753
69475,138755
69476,138756
69477,138757
69478,138759
69479,138760
69480,138762
69481,138766
69482,138768
69483,138772
69484,138773
69485,138774
69486,138777
69487,138779
69488,138780
69489,138782
69490,138784
69491,138785
69492,138790
69493,138792
69494,138793
69495,138794
69496,138795
69497,138796
69498,138797
69499,138799
69500,138801
69501,138802
69502,138806
69503,138808
69504,138809
69505,138812
69506,138813
69507,138815
69508,138820
69509,138822
69510,138823
69511,138825
69512,138827
69513,138828
69514,138830
69515,138831
69516,138832
69517,138833
69518,138834
69519,138837
69520,138839
69521,138840
69522,138841
69523,138844
69524,138845
69525,138846
69526,138848
69527,138850
69528,138852
69529,138855
69530,138857
69531,138865
69532,138866
69533,138867
69534,138870
69535,138871
69536,138874
69537,138880
69538,138881
69539,138882
69540,138884
69541,138888
69542,138889
69543,138892
69544,138893
69545,138894
69546,138895
69547,138897
69548,138899
69549,138902
69550,138904
69551,138907
69552,138908
69553,138910
69554,138911
69555,138913
69556,138914
69557,138915
69558,138919
69559,138920
69560,138921
69561,138922
69562,138923
69563,138925
69564,138934
69565,138935
69566,138943
69567,138947
69568,138949
69569,138951
69570,138952
69571,138953
69572,138957
69573,138958
69574,138961
69575,138962
69576,138963
69577,138964
69578,138965
69579,138967
69580,138974
69581,138982
69582,138985
69583,138986
69584,138987
69585,138989
69586,138993
69587,138994
69588,138995
69589,138997
69590,138998
69591,138999
69592,139000
69593,139001
69594,139002
69595,139003
69596,139004
69597,139012
69598,139013
69599,139018
69600,139020
69601,139021
69602,139022
69603,139023
69604,139024
69605,139026
69606,139029
69607,139036
69608,139037
69609,139039
69610,139041
69611,139045
69612,139047
69613,139049
69614,139050
69615,139054
69616,139057
69617,139058
69618,139059
69619,139060
69620,139061
69621,139062
69622,139063
69623,139066
69624,139068
69625,139070
69626,139072
69627,139073
69628,139074
69629,139075
69630,139076
69631,139078
69632,139079
69633,139080
69634,139086
69635,139087
69636,139090
69637,139094
69638,139095
69639,139096
69640,139097
69641,139098
69642,139099
69643,139100
69644,139102
69645,139104
69646,139105
69647,139107
69648,139110
69649,139112
69650,139115
69651,139118
69652,139120
69653,139123
69654,139125
69655,139130
69656,139131
69657,139134
69658,139141
69659,139142
69660,139145
69661,139147
69662,139148
69663,139149
69664,139151
69665,139152
69666,139153
69667,139154
69668,139157
69669,139159
69670,139160
69671,139162
69672,139164
69673,139167
69674,139168
69675,139169
69676,139170
69677,139171
69678,139173
69679,139174
69680,139176
69681,139180
69682,139182
69683,139184
69684,139185
69685,139189
69686,139190
69687,139191
69688,139193
69689,139194
69690,139197
69691,139198
69692,139200
69693,139201
69694,139202
69695,139203
69696,139204
69697,139205
69698,139206
69699,139207
69700,139208
69701,139209
69702,139211
69703,139214
69704,139215
69705,139221
69706,139222
69707,139225
69708,139227
69709,139228
69710,139231
69711,139234
69712,139236
69713,139237
69714,139239
69715,139240
69716,139241
69717,139242
69718,139246
69719,139250
69720,139251
69721,139253
69722,139258
69723,139259
69724,139260
69725,139261
69726,139262
69727,139264
69728,139265
69729,139266
69730,139267
69731,139268
69732,139269
69733,139272
69734,139273
69735,139274
69736,139275
69737,139278
69738,139279
69739,139280
69740,139281
69741,139283
69742,139288
69743,139291
69744,139293
69745,139296
69746,139297
69747,139299
69748,139300
69749,139301
69750,139303
69751,139304
69752,139306
69753,139307
69754,139308
69755,139310
69756,139311
69757,139312
69758,139313
69759,139314
69760,139317
69761,139320
69762,139322
69763,139327
69764,139330
69765,139332
69766,139333
69767,139336
69768,139337
69769,139338
69770,139339
69771,139340
69772,139342
69773,139346
69774,139351
69775,139352
69776,139358
69777,139360
69778,139363
69779,139364
69780,139367
69781,139368
69782,139369
69783,139370
69784,139376
69785,139380
69786,139381
69787,139386
69788,139388
69789,139394
69790,139397
69791,139401
69792,139407
69793,139408
69794,139412
69795,139414
69796,139417
69797,139418
69798,139419
69799,139420
69800,139421
69801,139423
69802,139433
69803,139434
69804,139435
69805,139437
69806,139438
69807,139439
69808,139440
69809,139443
69810,139446
69811,139447
69812,139451
69813,139453
69814,139454
69815,139455
69816,139456
69817,139457
69818,139458
69819,139461
69820,139462
69821,139465
69822,139466
69823,139467
69824,139468
69825,139472
69826,139473
69827,139474
69828,139475
69829,139476
69830,139477
69831,139478
69832,139479
69833,139480
69834,139481
69835,139482
69836,139483
69837,139491
69838,139494
69839,139499
69840,139502
69841,139503
69842,139505
69843,139506
69844,139507
69845,139508
69846,139509
69847,139510
69848,139511
69849,139512
69850,139513
69851,139516
69852,139518
69853,139520
69854,139521
69855,139527
69856,139528
69857,139530
69858,139531
69859,139534
69860,139536
69861,139537
69862,139538
69863,139539
69864,139540
69865,139542
69866,139545
69867,139548
69868,139550
69869,139552
69870,139554
69871,139557
69872,139559
69873,139561
69874,139563
69875,139564
69876,139565
69877,139566
69878,139567
69879,139570
69880,139572
69881,139575
69882,139576
69883,139577
69884,139578
69885,139579
69886,139583
69887,139587
69888,139589
69889,139592
69890,139597
69891,139599
69892,139600
69893,139602
69894,139604
69895,139605
69896,139608
69897,139609
69898,139612
69899,139615
69900,139617
69901,139619
69902,139621
69903,139624
69904,139627
69905,139629
69906,139631
69907,139633
69908,139634
69909,139635
69910,139636
69911,139637
69912,139639
69913,139643
69914,139644
69915,139645
69916,139647
69917,139649
69918,139650
69919,139652
69920,139654
69921,139657
69922,139658
69923,139659
69924,139660
69925,139661
69926,139665
69927,139666
69928,139667
69929,139668
69930,139669
69931,139672
69932,139673
69933,139680
69934,139681
69935,139684
69936,139687
69937,139689
69938,139690
69939,139691
69940,139692
69941,139695
69942,139697
69943,139700
69944,139701
69945,139702
69946,139714
69947,139717
69948,139718
69949,139722
69950,139723
69951,139724
69952,139726
69953,139728
69954,139730
69955,139731
69956,139732
69957,139733
69958,139734
69959,139736
69960,139737
69961,139738
69962,139741
69963,139743
69964,139744
69965,139745
69966,139747
69967,139748
69968,139752
69969,139753
69970,139755
69971,139756
69972,139757
69973,139758
69974,139759
69975,139761
69976,139765
69977,139768
69978,139769
69979,139770
69980,139774
69981,139775
69982,139777
69983,139781
69984,139782
69985,139783
69986,139785
69987,139789
69988,139790
69989,139794
69990,139795
69991,139797
69992,139798
69993,139799
69994,139800
69995,139802
69996,139804
69997,139805
69998,139806
69999,139808
70000,139811
70001,139814
70002,139817
70003,139818
70004,139820
70005,139822
70006,139824
70007,139827
70008,139828
70009,139831
70010,139833
70011,139834
70012,139835
70013,139836
70014,139838
70015,139841
70016,139845
70017,139847
70018,139848
70019,139849
70020,139852
70021,139855
70022,139856
70023,139857
70024,139860
70025,139869
70026,139870
70027,139871
70028,139872
70029,139874
70030,139875
70031,139876
70032,139877
70033,139878
70034,139879
70035,139882
70036,139883
70037,139886
70038,139887
70039,139890
70040,139891
70041,139892
70042,139893
70043,139895
70044,139896
70045,139897
70046,139898
70047,139899
70048,139900
70049,139902
70050,139903
70051,139907
70052,139908
70053,139909
70054,139910
70055,139912
70056,139917
70057,139918
70058,139919
70059,139921
70060,139923
70061,139925
70062,139926
70063,139928
70064,139931
70065,139932
70066,139933
70067,139936
70068,139938
70069,139939
70070,139940
70071,139941
70072,139943
70073,139944
70074,139953
70075,139955
70076,139956
70077,139963
70078,139968
70079,139969
70080,139970
70081,139972
70082,139975
70083,139976
70084,139977
70085,139981
70086,139984
70087,139985
70088,139986
70089,139987
70090,139988
70091,139990
70092,139992
70093,139994
70094,139995
70095,139996
70096,139997
70097,139998
70098,140001
70099,140002
70100,140005
70101,140007
70102,140008
70103,140009
70104,140011
70105,140012
70106,140014
70107,140016
70108,140017
70109,140018
70110,140019
70111,140020
70112,140021
70113,140025
70114,140027
70115,140030
70116,140032
70117,140033
70118,140036
70119,140038
70120,140039
70121,140043
70122,140044
70123,140046
70124,140047
70125,140048
70126,140049
70127,140050
70128,140052
70129,140056
70130,140057
70131,140061
70132,140062
70133,140063
70134,140064
70135,140066
70136,140067
70137,140068
70138,140070
70139,140071
70140,140074
70141,140075
70142,140077
70143,140078
70144,140079
70145,140080
70146,140081
70147,140084
70148,140086
70149,140087
70150,140089
70151,140092
70152,140094
70153,140096
70154,140097
70155,140098
70156,140102
70157,140104
70158,140107
70159,140109
70160,140110
70161,140111
70162,140112
70163,140114
70164,140119
70165,140126
70166,140133
70167,140134
70168,140135
70169,140136
70170,140138
70171,140139
70172,140141
70173,140142
70174,140143
70175,140147
70176,140148
70177,140149
70178,140151
70179,140152
70180,140158
70181,140159
70182,140161
70183,140163
70184,140164
70185,140165
70186,140166
70187,140167
70188,140170
70189,140172
70190,140175
70191,140176
70192,140177
70193,140179
70194,140182
70195,140191
70196,140195
70197,140197
70198,140198
70199,140199
70200,140200
70201,140202
70202,140203
70203,140205
70204,140206
70205,140208
70206,140211
70207,140213
70208,140215
70209,140218
70210,140222
70211,140224
70212,140226
70213,140227
70214,140228
70215,140231
70216,140236
70217,140238
70218,140239
70219,140240
70220,140241
70221,140243
70222,140244
70223,140245
70224,140246
70225,140247
70226,140248
70227,140249
70228,140250
70229,140251
70230,140252
70231,140253
70232,140255
70233,140257
70234,140258
70235,140260
70236,140261
70237,140262
70238,140263
70239,140264
70240,140265
70241,140266
70242,140269
70243,140276
70244,140277
70245,140278
70246,140284
70247,140286
70248,140289
70249,140291
70250,140293
70251,140294
70252,140295
70253,140300
70254,140302
70255,140304
70256,140306
70257,140308
70258,140310
70259,140312
70260,140315
70261,140317
70262,140318
70263,140320
70264,140322
70265,140324
70266,140325
70267,140326
70268,140327
70269,140328
70270,140330
70271,140334
70272,140336
70273,140339
70274,140341
70275,140343
70276,140344
70277,140346
70278,140347
70279,140350
70280,140353
70281,140354
70282,140356
70283,140357
70284,140358
70285,140360
70286,140361
70287,140362
70288,140367
70289,140368
70290,140370
70291,140374
70292,140376
70293,140377
70294,140378
70295,140379
70296,140380
70297,140381
70298,140382
70299,140384
70300,140386
70301,140388
70302,140389
70303,140392
70304,140394
70305,140396
70306,140397
70307,140401
70308,140402
70309,140403
70310,140404
70311,140405
70312,140408
70313,140409
70314,140410
70315,140414
70316,140419
70317,140420
70318,140421
70319,140422
70320,140423
70321,140424
70322,140425
70323,140428
70324,140429
70325,140431
70326,140432
70327,140433
70328,140434
70329,140435
70330,140436
70331,140438
70332,140441
70333,140448
70334,140449
70335,140454
70336,140456
70337,140458
70338,140459
70339,140460
70340,140462
70341,140465
70342,140466
70343,140467
70344,140470
70345,140471
70346,140473
70347,140481
70348,140483
70349,140484
70350,140485
70351,140487
70352,140488
70353,140493
70354,140494
70355,140495
70356,140496
70357,140498
70358,140501
70359,140502
70360,140503
70361,140504
70362,140508
70363,140511
70364,140514
70365,140516
70366,140517
70367,140525
70368,140526
70369,140527
70370,140535
70371,140536
70372,140539
70373,140541
70374,140542
70375,140543
70376,140550
70377,140551
70378,140552
70379,140556
70380,140558
70381,140559
70382,140560
70383,140561
70384,140562
70385,140563
70386,140568
70387,140569
70388,140570
70389,140573
70390,140576
70391,140577
70392,140578
70393,140584
70394,140585
70395,140587
70396,140588
70397,140595
70398,140600
70399,140601
70400,140602
70401,140605
70402,140606
70403,140608
70404,140610
70405,140613
70406,140615
70407,140617
70408,140618
70409,140620
70410,140623
70411,140624
70412,140625
70413,140627
70414,140634
70415,140635
70416,140636
70417,140637
70418,140639
70419,140640
70420,140641
70421,140643
70422,140649
70423,140650
70424,140655
70425,140657
70426,140658
70427,140660
70428,140662
70429,140664
70430,140665
70431,140668
70432,140677
70433,140680
70434,140681
70435,140686
70436,140687
70437,140688
70438,140690
70439,140691
70440,140692
70441,140693
70442,140697
70443,140698
70444,140699
70445,140700
70446,140701
70447,140702
70448,140704
70449,140707
70450,140708
70451,140709
70452,140714
70453,140718
70454,140720
70455,140721
70456,140722
70457,140724
70458,140728
70459,140729
70460,140731
70461,140732
70462,140733
70463,140738
70464,140739
70465,140741
70466,140742
70467,140744
70468,140746
70469,140748
70470,140749
70471,140751
70472,140752
70473,140753
70474,140754
70475,140755
70476,140757
70477,140758
70478,140759
70479,140760
70480,140761
70481,140762
70482,140763
70483,140764
70484,140766
70485,140771
70486,140772
70487,140775
70488,140777
70489,140780
70490,140781
70491,140782
70492,140783
70493,140787
70494,140789
70495,140790
70496,140791
70497,140792
70498,140794
70499,140795
70500,140800
70501,140801
70502,140802
70503,140803
70504,140804
70505,140809
70506,140812
70507,140816
70508,140818
70509,140819
70510,140820
70511,140823
70512,140824
70513,140830
70514,140834
70515,140836
70516,140838
70517,140840
70518,140842
70519,140847
70520,140848
70521,140851
70522,140854
70523,140855
70524,140857
70525,140858
70526,140862
70527,140865
70528,140866
70529,140869
70530,140870
70531,140871
70532,140873
70533,140876
70534,140877
70535,140878
70536,140879
70537,140880
70538,140881
70539,140882
70540,140884
70541,140886
70542,140887
70543,140888
70544,140889
70545,140890
70546,140891
70547,140895
70548,140896
70549,140901
70550,140902
70551,140903
70552,140905
70553,140907
70554,140908
70555,140909
70556,140910
70557,140913
70558,140915
70559,140919
70560,140921
70561,140923
70562,140924
70563,140926
70564,140927
70565,140928
70566,140929
70567,140930
70568,140932
70569,140933
70570,140934
70571,140937
70572,140938
70573,140939
70574,140941
70575,140943
70576,140945
70577,140946
70578,140950
70579,140951
70580,140952
70581,140954
70582,140955
70583,140956
70584,140958
70585,140959
70586,140960
70587,140963
70588,140964
70589,140965
70590,140966
70591,140967
70592,140968
70593,140969
70594,140971
70595,140972
70596,140976
70597,140979
70598,140981
70599,140982
70600,140983
70601,140984
70602,140985
70603,140987
70604,140988
70605,140991
70606,140995
70607,140996
70608,140999
70609,141000
70610,141002
70611,141005
70612,141009
70613,141012
70614,141013
70615,141015
70616,141016
70617,141018
70618,141019
70619,141021
70620,141022
70621,141025
70622,141027
70623,141028
70624,141029
70625,141031
70626,141032
70627,141033
70628,141034
70629,141036
70630,141037
70631,141038
70632,141039
70633,141042
70634,141043
70635,141049
70636,141051
70637,141053
70638,141054
70639,141056
70640,141058
70641,141059
70642,141061
70643,141063
70644,141065
70645,141069
70646,141070
70647,141075
70648,141077
70649,141080
70650,141083
70651,141084
70652,141085
70653,141088
70654,141089
70655,141094
70656,141095
70657,141097
70658,141099
70659,141101
70660,141104
70661,141106
70662,141109
70663,141110
70664,141118
70665,141120
70666,141121
70667,141122
70668,141124
70669,141127
70670,141132
70671,141135
70672,141137
70673,141139
70674,141141
70675,141142
70676,141143
70677,141145
70678,141146
70679,141149
70680,141150
70681,141152
70682,141157
70683,141158
70684,141163
70685,141164
70686,141165
70687,141167
70688,141169
70689,141171
70690,141173
70691,141174
70692,141175
70693,141176
70694,141177
70695,141182
70696,141183
70697,141184
70698,141185
70699,141186
70700,141187
70701,141188
70702,141195
70703,141196
70704,141199
70705,141203
70706,141205
70707,141206
70708,141209
70709,141210
70710,141211
70711,141212
70712,141213
70713,141214
70714,141217
70715,141218
70716,141220
70717,141221
70718,141224
70719,141226
70720,141232
70721,141235
70722,141237
70723,141238
70724,141239
70725,141240
70726,141243
70727,141244
70728,141247
70729,141248
70730,141250
70731,141251
70732,141252
70733,141254
70734,141258
70735,141261
70736,141262
70737,141265
70738,141266
70739,141268
70740,141271
70741,141275
70742,141276
70743,141277
70744,141279
70745,141282
70746,141283
70747,141286
70748,141287
70749,141288
70750,141289
70751,141294
70752,141295
70753,141297
70754,141299
70755,141300
70756,141303
70757,141305
70758,141312
70759,141315
70760,141316
70761,141317
70762,141319
70763,141321
70764,141322
70765,141327
70766,141329
70767,141332
70768,141333
70769,141334
70770,141336
70771,141337
70772,141339
70773,141340
70774,141341
70775,141343
70776,141344
70777,141349
70778,141350
70779,141352
70780,141357
70781,141361
70782,141362
70783,141363
70784,141365
70785,141366
70786,141368
70787,141372
70788,141373
70789,141376
70790,141377
70791,141379
70792,141380
70793,141381
70794,141382
70795,141385
70796,141387
70797,141388
70798,141392
70799,141394
70800,141395
70801,141397
70802,141399
70803,141400
70804,141401
70805,141402
70806,141403
70807,141404
70808,141405
70809,141408
70810,141410
70811,141412
70812,141416
70813,141417
70814,141419
70815,141420
70816,141423
70817,141425
70818,141426
70819,141428
70820,141429
70821,141430
70822,141432
70823,141438
70824,141439
70825,141440
70826,141443
70827,141444
70828,141445
70829,141446
70830,141447
70831,141448
70832,141450
70833,141452
70834,141461
70835,141462
70836,141464
70837,141465
70838,141467
70839,141469
70840,141471
70841,141474
70842,141479
70843,141481
70844,141482
70845,141483
70846,141485
70847,141486
70848,141487
70849,141489
70850,141490
70851,141491
70852,141498
70853,141499
70854,141500
70855,141502
70856,141503
70857,141505
70858,141506
70859,141510
70860,141512
70861,141513
70862,141518
70863,141519
70864,141520
70865,141521
70866,141522
70867,141526
70868,141527
70869,141528
70870,141530
70871,141531
70872,141535
70873,141539
70874,141541
70875,141543
70876,141544
70877,141545
70878,141546
70879,141549
70880,141551
70881,141552
70882,141553
70883,141555
70884,141556
70885,141557
70886,141558
70887,141560
70888,141561
70889,141563
70890,141564
70891,141565
70892,141567
70893,141568
70894,141569
70895,141573
70896,141576
70897,141577
70898,141578
70899,141581
70900,141582
70901,141583
70902,141584
70903,141585
70904,141586
70905,141587
70906,141588
70907,141589
70908,141591
70909,141592
70910,141593
70911,141594
70912,141596
70913,141598
70914,141600
70915,141603
70916,141604
70917,141605
70918,141607
70919,141608
70920,141610
70921,141611
70922,141612
70923,141613
70924,141614
70925,141617
70926,141618
70927,141620
70928,141621
70929,141623
70930,141625
70931,141626
70932,141627
70933,141630
70934,141631
70935,141632
70936,141633
70937,141634
70938,141635
70939,141637
70940,141639
70941,141641
70942,141642
70943,141643
70944,141644
70945,141648
70946,141649
70947,141650
70948,141651
70949,141653
70950,141657
70951,141662
70952,141663
70953,141664
70954,141665
70955,141670
70956,141678
70957,141682
70958,141685
70959,141686
70960,141688
70961,141689
70962,141690
70963,141692
70964,141694
70965,141695
70966,141697
70967,141698
70968,141700
70969,141701
70970,141702
70971,141704
70972,141705
70973,141706
70974,141713
70975,141717
70976,141718
70977,141720
70978,141721
70979,141724
70980,141727
70981,141728
70982,141732
70983,141734
70984,141737
70985,141739
70986,141740
70987,141743
70988,141744
70989,141745
70990,141746
70991,141748
70992,141749
70993,141750
70994,141751
70995,141752
70996,141756
70997,141757
70998,141760
70999,141762
71000,141763
71001,141764
71002,141765
71003,141767
71004,141770
71005,141772
71006,141773
71007,141774
71008,141778
71009,141780
71010,141781
71011,141782
71012,141785
71013,141787
71014,141791
71015,141793
71016,141794
71017,141795
71018,141799
71019,141800
71020,141802
71021,141804
71022,141809
71023,141810
71024,141813
71025,141814
71026,141816
71027,141822
71028,141824
71029,141826
71030,141827
71031,141828
71032,141829
71033,141830
71034,141831
71035,141833
71036,141834
71037,141837
71038,141839
71039,141840
71040,141841
71041,141844
71042,141846
71043,141847
71044,141849
71045,141850
71046,141853
71047,141854
71048,141856
71049,141859
71050,141861
71051,141862
71052,141864
71053,141865
71054,141869
71055,141870
71056,141872
71057,141873
71058,141874
71059,141877
71060,141878
71061,141879
71062,141880
71063,141881
71064,141884
71065,141885
71066,141887
71067,141888
71068,141889
71069,141893
71070,141896
71071,141897
71072,141899
71073,141900
71074,141901
71075,141902
71076,141904
71077,141908
71078,141909
71079,141910
71080,141911
71081,141916
71082,141918
71083,141919
71084,141920
71085,141921
71086,141924
71087,141926
71088,141927
71089,141928
71090,141929
71091,141930
71092,141932
71093,141935
71094,141937
71095,141940
71096,141943
71097,141945
71098,141946
71099,141948
71100,141949
71101,141951
71102,141952
71103,141953
71104,141954
71105,141958
71106,141960
71107,141961
71108,141964
71109,141965
71110,141968
71111,141971
71112,141973
71113,141974
71114,141979
71115,141982
71116,141984
71117,141985
71118,141987
71119,141988
71120,141989
71121,141990
71122,141992
71123,141993
71124,141994
71125,141995
71126,141996
71127,141997
71128,141998
71129,141999
71130,142000
71131,142002
71132,142004
71133,142005
71134,142013
71135,142015
71136,142017
71137,142018
71138,142019
71139,142022
71140,142023
71141,142025
71142,142026
71143,142028
71144,142032
71145,142037
71146,142038
71147,142040
71148,142042
71149,142043
71150,142044
71151,142046
71152,142048
71153,142049
71154,142050
71155,142055
71156,142057
71157,142060
71158,142061
71159,142062
71160,142065
71161,142066
71162,142067
71163,142069
71164,142070
71165,142072
71166,142073
71167,142075
71168,142076
71169,142077
71170,142080
71171,142081
71172,142082
71173,142083
71174,142086
71175,142088
71176,142089
71177,142090
71178,142091
71179,142092
71180,142093
71181,142096
71182,142098
71183,142099
71184,142100
71185,142104
71186,142105
71187,142107
71188,142110
71189,142111
71190,142112
71191,142113
71192,142115
71193,142119
71194,142120
71195,142122
71196,142123
71197,142124
71198,142126
71199,142127
71200,142128
71201,142129
71202,142132
71203,142137
71204,142140
71205,142141
71206,142142
71207,142143
71208,142153
71209,142160
71210,142161
71211,142163
71212,142164
71213,142166
71214,142168
71215,142169
71216,142171
71217,142172
71218,142174
71219,142176
71220,142177
71221,142181
71222,142184
71223,142186
71224,142187
71225,142190
71226,142191
71227,142196
71228,142197
71229,142202
71230,142206
71231,142207
71232,142212
71233,142213
71234,142215
71235,142218
71236,142220
71237,142222
71238,142223
71239,142224
71240,142225
71241,142227
71242,142229
71243,142230
71244,142233
71245,142234
71246,142235
71247,142236
71248,142237
71249,142239
71250,142240
71251,142241
71252,142242
71253,142244
71254,142245
71255,142248
71256,142249
71257,142250
71258,142254
71259,142256
71260,142264
71261,142265
71262,142266
71263,142268
71264,142269
71265,142270
71266,142272
71267,142273
71268,142279
71269,142280
71270,142282
71271,142283
71272,142284
71273,142287
71274,142288
71275,142293
71276,142294
71277,142296
71278,142297
71279,142298
71280,142299
71281,142300
71282,142301
71283,142305
71284,142306
71285,142308
71286,142309
71287,142313
71288,142315
71289,142317
71290,142318
71291,142319
71292,142321
71293,142322
71294,142325
71295,142328
71296,142333
71297,142339
71298,142340
71299,142341
71300,142342
71301,142344
71302,142345
71303,142348
71304,142349
71305,142354
71306,142356
71307,142358
71308,142364
71309,142366
71310,142368
71311,142371
71312,142372
71313,142373
71314,142374
71315,142375
71316,142377
71317,142378
71318,142382
71319,142383
71320,142384
71321,142385
71322,142387
71323,142388
71324,142390
71325,142391
71326,142392
71327,142393
71328,142395
71329,142396
71330,142397
71331,142398
71332,142399
71333,142402
71334,142403
71335,142412
71336,142413
71337,142415
71338,142416
71339,142419
71340,142421
71341,142423
71342,142425
71343,142427
71344,142428
71345,142429
71346,142431
71347,142433
71348,142434
71349,142436
71350,142437
71351,142439
71352,142440
71353,142442
71354,142443
71355,142448
71356,142449
71357,142451
71358,142452
71359,142457
71360,142458
71361,142460
71362,142462
71363,142463
71364,142465
71365,142467
71366,142469
71367,142471
71368,142482
71369,142483
71370,142486
71371,142488
71372,142489
71373,142490
71374,142491
71375,142492
71376,142495
71377,142496
71378,142499
71379,142500
71380,142504
71381,142505
71382,142506
71383,142509
71384,142510
71385,142512
71386,142513
71387,142517
71388,142520
71389,142521
71390,142522
71391,142525
71392,142526
71393,142527
71394,142528
71395,142529
71396,142531
71397,142532
71398,142533
71399,142534
71400,142535
71401,142536
71402,142542
71403,142543
71404,142545
71405,142547
71406,142548
71407,142549
71408,142550
71409,142551
71410,142555
71411,142556
71412,142557
71413,142558
71414,142559
71415,142560
71416,142562
71417,142563
71418,142564
71419,142565
71420,142566
71421,142567
71422,142568
71423,142569
71424,142570
71425,142571
71426,142572
71427,142573
71428,142577
71429,142582
71430,142583
71431,142584
71432,142585
71433,142586
71434,142589
71435,142590
71436,142592
71437,142593
71438,142594
71439,142595
71440,142597
71441,142602
71442,142605
71443,142609
71444,142613
71445,142616
71446,142617
71447,142618
71448,142622
71449,142623
71450,142625
71451,142627
71452,142630
71453,142632
71454,142634
71455,142638
71456,142639
71457,142643
71458,142644
71459,142645
71460,142648
71461,142649
71462,142651
71463,142658
71464,142661
71465,142662
71466,142669
71467,142671
71468,142672
71469,142673
71470,142675
71471,142681
71472,142682
71473,142684
71474,142685
71475,142686
71476,142687
71477,142689
71478,142695
71479,142698
71480,142702
71481,142703
71482,142704
71483,142707
71484,142708
71485,142711
71486,142712
71487,142713
71488,142715
71489,142720
71490,142724
71491,142725
71492,142735
71493,142736
71494,142739
71495,142740
71496,142741
71497,142742
71498,142746
71499,142748
71500,142749
71501,142750
71502,142751
71503,142760
71504,142761
71505,142762
71506,142763
71507,142764
71508,142765
71509,142766
71510,142768
71511,142769
71512,142770
71513,142771
71514,142772
71515,142774
71516,142775
71517,142777
71518,142778
71519,142781
71520,142784
71521,142786
71522,142787
71523,142790
71524,142792
71525,142793
71526,142794
71527,142795
71528,142799
71529,142802
71530,142803
71531,142804
71532,142805
71533,142806
71534,142807
71535,142812
71536,142817
71537,142820
71538,142826
71539,142827
71540,142828
71541,142829
71542,142830
71543,142833
71544,142835
71545,142836
71546,142841
71547,142842
71548,142843
71549,142844
71550,142845
71551,142846
71552,142848
71553,142849
71554,142851
71555,142852
71556,142855
71557,142856
71558,142859
71559,142860
71560,142861
71561,142865
71562,142867
71563,142868
71564,142871
71565,142874
71566,142875
71567,142876
71568,142877
71569,142878
71570,142879
71571,142880
71572,142881
71573,142882
71574,142883
71575,142884
71576,142891
71577,142892
71578,142894
71579,142895
71580,142898
71581,142900
71582,142903
71583,142904
71584,142905
71585,142906
71586,142907
71587,142908
71588,142909
71589,142915
71590,142916
71591,142917
71592,142919
71593,142920
71594,142921
71595,142922
71596,142923
71597,142925
71598,142927
71599,142929
71600,142930
71601,142934
71602,142935
71603,142936
71604,142937
71605,142939
71606,142940
71607,142941
71608,142943
71609,142945
71610,142946
71611,142948
71612,142950
71613,142951
71614,142952
71615,142953
71616,142955
71617,142956
71618,142959
71619,142962
71620,142963
71621,142964
71622,142965
71623,142967
71624,142970
71625,142971
71626,142973
71627,142976
71628,142977
71629,142978
71630,142983
71631,142986
71632,142987
71633,142988
71634,142989
71635,142991
71636,142994
71637,142997
71638,142998
71639,142999
71640,143000
71641,143002
71642,143003
71643,143006
71644,143008
71645,143009
71646,143012
71647,143013
71648,143015
71649,143018
71650,143020
71651,143021
71652,143022
71653,143024
71654,143025
71655,143026
71656,143027
71657,143028
71658,143029
71659,143032
71660,143035
71661,143036
71662,143038
71663,143039
71664,143040
71665,143042
71666,143046
71667,143048
71668,143053
71669,143055
71670,143056
71671,143058
71672,143060
71673,143062
71674,143064
71675,143065
71676,143066
71677,143067
71678,143068
71679,143071
71680,143072
71681,143074
71682,143075
71683,143076
71684,143078
71685,143082
71686,143087
71687,143089
71688,143091
71689,143092
71690,143093
71691,143098
71692,143099
71693,143100
71694,143101
71695,143102
71696,143104
71697,143105
71698,143109
71699,143113
71700,143114
71701,143115
71702,143121
71703,143124
71704,143127
71705,143130
71706,143132
71707,143133
71708,143135
71709,143138
71710,143141
71711,143145
71712,143146
71713,143147
71714,143149
71715,143151
71716,143152
71717,143153
71718,143154
71719,143157
71720,143158
71721,143161
71722,143162
71723,143164
71724,143165
71725,143166
71726,143167
71727,143168
71728,143169
71729,143170
71730,143171
71731,143172
71732,143173
71733,143174
71734,143175
71735,143176
71736,143178
71737,143181
71738,143183
71739,143184
71740,143186
71741,143189
71742,143191
71743,143192
71744,143193
71745,143198
71746,143199
71747,143200
71748,143203
71749,143205
71750,143206
71751,143208
71752,143209
71753,143211
71754,143212
71755,143214
71756,143216
71757,143219
71758,143220
71759,143221
71760,143225
71761,143226
71762,143227
71763,143230
71764,143233
71765,143235
71766,143236
71767,143237
71768,143238
71769,143239
71770,143240
71771,143241
71772,143243
71773,143246
71774,143248
71775,143249
71776,143251
71777,143254
71778,143255
71779,143257
71780,143261
71781,143262
71782,143264
71783,143265
71784,143266
71785,143267
71786,143268
71787,143269
71788,143274
71789,143276
71790,143278
71791,143282
71792,143285
71793,143286
71794,143287
71795,143288
71796,143290
71797,143291
71798,143293
71799,143295
71800,143296
71801,143297
71802,143299
71803,143300
71804,143303
71805,143306
71806,143310
71807,143311
71808,143312
71809,143313
71810,143316
71811,143317
71812,143320
71813,143321
71814,143323
71815,143325
71816,143326
71817,143327
71818,143328
71819,143329
71820,143330
71821,143333
71822,143334
71823,143338
71824,143341
71825,143346
71826,143348
71827,143349
71828,143350
71829,143351
71830,143352
71831,143357
71832,143359
71833,143362
71834,143363
71835,143364
71836,143371
71837,143372
71838,143374
71839,143376
71840,143377
71841,143378
71842,143380
71843,143382
71844,143391
71845,143394
71846,143397
71847,143400
71848,143401
71849,143405
71850,143406
71851,143407
71852,143409
71853,143411
71854,143414
71855,143423
71856,143428
71857,143429
71858,143430
71859,143431
71860,143432
71861,143435
71862,143438
71863,143441
71864,143442
71865,143443
71866,143445
71867,143446
71868,143451
71869,143456
71870,143458
71871,143464
71872,143467
71873,143468
71874,143470
71875,143471
71876,143472
71877,143474
71878,143475
71879,143477
71880,143478
71881,143479
71882,143480
71883,143482
71884,143484
71885,143489
71886,143493
71887,143494
71888,143495
71889,143496
71890,143500
71891,143501
71892,143502
71893,143505
71894,143506
71895,143509
71896,143510
71897,143516
71898,143518
71899,143520
71900,143521
71901,143523
71902,143524
71903,143525
71904,143528
71905,143530
71906,143532
71907,143534
71908,143535
71909,143541
71910,143542
71911,143544
71912,143545
71913,143548
71914,143549
71915,143551
71916,143552
71917,143553
71918,143554
71919,143556
71920,143557
71921,143559
71922,143560
71923,143561
71924,143563
71925,143564
71926,143567
71927,143569
71928,143570
71929,143571
71930,143576
71931,143577
71932,143578
71933,143580
71934,143585
71935,143589
71936,143590
71937,143591
71938,143595
71939,143596
71940,143598
71941,143601
71942,143603
71943,143607
71944,143610
71945,143611
71946,143614
71947,143615
71948,143616
71949,143618
71950,143619
71951,143622
71952,143627
71953,143629
71954,143630
71955,143632
71956,143633
71957,143635
71958,143636
71959,143637
71960,143646
71961,143647
71962,143650
71963,143651
71964,143653
71965,143654
71966,143655
71967,143656
71968,143657
71969,143660
71970,143663
71971,143666
71972,143673
71973,143682
71974,143684
71975,143686
71976,143687
71977,143688
71978,143691
71979,143694
71980,143695
71981,143696
71982,143698
71983,143700
71984,143703
71985,143704
71986,143708
71987,143709
71988,143722
71989,143723
71990,143724
71991,143725
71992,143726
71993,143727
71994,143728
71995,143733
71996,143734
71997,143736
71998,143739
71999,143741
72000,143742
72001,143744
72002,143745
72003,143750
72004,143754
72005,143755
72006,143756
72007,143759
72008,143760
72009,143761
72010,143762
72011,143766
72012,143768
72013,143769
72014,143772
72015,143774
72016,143775
72017,143776
72018,143777
72019,143781
72020,143782
72021,143784
72022,143786
72023,143788
72024,143789
72025,143791
72026,143794
72027,143798
72028,143799
72029,143800
72030,143802
72031,143803
72032,143813
72033,143814
72034,143818
72035,143821
72036,143825
72037,143829
72038,143830
72039,143833
72040,143836
72041,143837
72042,143838
72043,143840
72044,143842
72045,143844
72046,143847
72047,143850
72048,143851
72049,143852
72050,143853
72051,143855
72052,143856
72053,143857
72054,143862
72055,143871
72056,143874
72057,143875
72058,143876
72059,143877
72060,143878
72061,143879
72062,143881
72063,143882
72064,143883
72065,143884
72066,143887
72067,143888
72068,143889
72069,143890
72070,143891
72071,143895
72072,143896
72073,143898
72074,143899
72075,143900
72076,143908
72077,143909
72078,143910
72079,143911
72080,143914
72081,143915
72082,143917
72083,143919
72084,143921
72085,143923
72086,143924
72087,143925
72088,143926
72089,143927
72090,143928
72091,143930
72092,143932
72093,143934
72094,143935
72095,143936
72096,143938
72097,143939
72098,143944
72099,143945
72100,143946
72101,143947
72102,143950
72103,143951
72104,143952
72105,143953
72106,143957
72107,143959
72108,143963
72109,143964
72110,143966
72111,143967
72112,143969
72113,143970
72114,143971
72115,143974
72116,143975
72117,143976
72118,143978
72119,143980
72120,143983
72121,143984
72122,143986
72123,143988
72124,143993
72125,143994
72126,143997
72127,143998
72128,143999
72129,144000
72130,144004
72131,144005
72132,144006
72133,144007
72134,144011
72135,144020
72136,144021
72137,144025
72138,144026
72139,144027
72140,144030
72141,144032
72142,144037
72143,144038
72144,144043
72145,144044
72146,144047
72147,144050
72148,144053
72149,144054
72150,144057
72151,144058
72152,144059
72153,144061
72154,144062
72155,144063
72156,144065
72157,144068
72158,144069
72159,144070
72160,144072
72161,144076
72162,144079
72163,144081
72164,144088
72165,144096
72166,144098
72167,144100
72168,144101
72169,144105
72170,144107
72171,144108
72172,144110
72173,144112
72174,144113
72175,144115
72176,144121
72177,144122
72178,144127
72179,144129
72180,144131
72181,144132
72182,144135
72183,144137
72184,144141
72185,144142
72186,144144
72187,144145
72188,144146
72189,144147
72190,144148
72191,144149
72192,144150
72193,144152
72194,144157
72195,144158
72196,144159
72197,144161
72198,144165
72199,144168
72200,144174
72201,144178
72202,144179
72203,144180
72204,144181
72205,144183
72206,144187
72207,144188
72208,144193
72209,144202
72210,144203
72211,144205
72212,144208
72213,144214
72214,144215
72215,144217
72216,144219
72217,144220
72218,144222
72219,144224
72220,144225
72221,144226
72222,144227
72223,144229
72224,144230
72225,144232
72226,144234
72227,144239
72228,144240
72229,144242
72230,144245
72231,144247
72232,144248
72233,144251
72234,144255
72235,144257
72236,144258
72237,144261
72238,144262
72239,144264
72240,144265
72241,144267
72242,144270
72243,144271
72244,144272
72245,144273
72246,144274
72247,144275
72248,144280
72249,144281
72250,144282
72251,144284
72252,144285
72253,144287
72254,144292
72255,144293
72256,144295
72257,144297
72258,144299
72259,144300
72260,144301
72261,144306
72262,144307
72263,144311
72264,144315
72265,144316
72266,144319
72267,144320
72268,144322
72269,144323
72270,144324
72271,144325
72272,144326
72273,144329
72274,144330
72275,144331
72276,144332
72277,144334
72278,144335
72279,144337
72280,144338
72281,144339
72282,144340
72283,144341
72284,144342
72285,144343
72286,144344
72287,144347
72288,144353
72289,144354
72290,144355
72291,144362
72292,144364
72293,144365
72294,144366
72295,144367
72296,144368
72297,144373
72298,144374
72299,144375
72300,144376
72301,144377
72302,144379
72303,144383
72304,144384
72305,144385
72306,144386
72307,144388
72308,144389
72309,144390
72310,144392
72311,144396
72312,144398
72313,144401
72314,144402
72315,144406
72316,144409
72317,144411
72318,144412
72319,144414
72320,144415
72321,144416
72322,144422
72323,144424
72324,144428
72325,144431
72326,144434
72327,144436
72328,144438
72329,144439
72330,144442
72331,144443
72332,144444
72333,144445
72334,144447
72335,144456
72336,144457
72337,144458
72338,144459
72339,144460
72340,144462
72341,144463
72342,144467
72343,144468
72344,144470
72345,144473
72346,144475
72347,144477
72348,144479
72349,144480
72350,144481
72351,144482
72352,144486
72353,144487
72354,144488
72355,144489
72356,144490
72357,144491
72358,144492
72359,144494
72360,144498
72361,144501
72362,144502
72363,144505
72364,144507
72365,144514
72366,144515
72367,144517
72368,144519
72369,144520
72370,144523
72371,144524
72372,144526
72373,144527
72374,144528
72375,144529
72376,144530
72377,144532
72378,144535
72379,144538
72380,144539
72381,144540
72382,144543
72383,144544
72384,144545
72385,144546
72386,144547
72387,144548
72388,144550
72389,144551
72390,144552
72391,144558
72392,144560
72393,144562
72394,144566
72395,144567
72396,144570
72397,144571
72398,144572
72399,144575
72400,144576
72401,144577
72402,144579
72403,144581
72404,144585
72405,144588
72406,144589
72407,144591
72408,144594
72409,144596
72410,144597
72411,144605
72412,144612
72413,144616
72414,144617
72415,144618
72416,144619
72417,144620
72418,144621
72419,144622
72420,144623
72421,144625
72422,144627
72423,144631
72424,144635
72425,144636
72426,144638
72427,144639
72428,144643
72429,144646
72430,144648
72431,144649
72432,144650
72433,144654
72434,144655
72435,144658
72436,144659
72437,144661
72438,144665
72439,144666
72440,144667
72441,144668
72442,144670
72443,144671
72444,144674
72445,144676
72446,144677
72447,144678
72448,144679
72449,144680
72450,144681
72451,144682
72452,144684
72453,144685
72454,144686
72455,144689
72456,144690
72457,144691
72458,144692
72459,144693
72460,144696
72461,144698
72462,144699
72463,144701
72464,144705
72465,144707
72466,144709
72467,144710
72468,144712
72469,144716
72470,144718
72471,144721
72472,144723
72473,144726
72474,144727
72475,144728
72476,144730
72477,144732
72478,144736
72479,144737
72480,144741
72481,144743
72482,144744
72483,144745
72484,144746
72485,144747
72486,144749
72487,144750
72488,144752
72489,144754
72490,144756
72491,144757
72492,144760
72493,144761
72494,144762
72495,144763
72496,144766
72497,144767
72498,144768
72499,144769
72500,144772
72501,144775
72502,144777
72503,144778
72504,144779
72505,144781
72506,144783
72507,144784
72508,144787
72509,144789
72510,144791
72511,144794
72512,144795
72513,144797
72514,144799
72515,144800
72516,144801
72517,144802
72518,144803
72519,144804
72520,144805
72521,144806
72522,144808
72523,144809
72524,144810
72525,144811
72526,144814
72527,144817
72528,144820
72529,144821
72530,144823
72531,144824
72532,144830
72533,144831
72534,144832
72535,144833
72536,144834
72537,144835
72538,144838
72539,144839
72540,144842
72541,144843
72542,144845
72543,144847
72544,144850
72545,144855
72546,144858
72547,144862
72548,144865
72549,144866
72550,144868
72551,144869
72552,144870
72553,144876
72554,144878
72555,144879
72556,144880
72557,144882
72558,144885
72559,144886
72560,144887
72561,144890
72562,144893
72563,144896
72564,144897
72565,144899
72566,144907
72567,144909
72568,144911
72569,144912
72570,144914
72571,144916
72572,144918
72573,144921
72574,144923
72575,144924
72576,144925
72577,144929
72578,144930
72579,144931
72580,144935
72581,144939
72582,144940
72583,144942
72584,144943
72585,144946
72586,144947
72587,144948
72588,144949
72589,144952
72590,144953
72591,144954
72592,144956
72593,144958
72594,144959
72595,144960
72596,144966
72597,144967
72598,144968
72599,144971
72600,144972
72601,144974
72602,144977
72603,144979
72604,144980
72605,144984
72606,144986
72607,144987
72608,144990
72609,144991
72610,144993
72611,144994
72612,144995
72613,144996
72614,144999
72615,145000
72616,145002
72617,145003
72618,145004
72619,145005
72620,145007
72621,145008
72622,145009
72623,145012
72624,145015
72625,145016
72626,145017
72627,145021
72628,145023
72629,145028
72630,145029
72631,145030
72632,145034
72633,145038
72634,145039
72635,145042
72636,145043
72637,145045
72638,145047
72639,145049
72640,145050
72641,145052
72642,145055
72643,145056
72644,145058
72645,145059
72646,145060
72647,145062
72648,145065
72649,145066
72650,145067
72651,145068
72652,145070
72653,145076
72654,145077
72655,145080
72656,145088
72657,145089
72658,145094
72659,145098
72660,145100
72661,145102
72662,145103
72663,145104
72664,145105
72665,145106
72666,145108
72667,145114
72668,145115
72669,145116
72670,145117
72671,145119
72672,145120
72673,145121
72674,145122
72675,145124
72676,145128
72677,145132
72678,145133
72679,145135
72680,145137
72681,145139
72682,145144
72683,145145
72684,145146
72685,145147
72686,145149
72687,145154
72688,145155
72689,145157
72690,145158
72691,145164
72692,145167
72693,145168
72694,145169
72695,145170
72696,145172
72697,145174
72698,145176
72699,145177
72700,145180
72701,145181
72702,145182
72703,145183
72704,145184
72705,145185
72706,145187
72707,145189
72708,145193
72709,145194
72710,145195
72711,145197
72712,145198
72713,145199
72714,145201
72715,145202
72716,145203
72717,145205
72718,145206
72719,145207
72720,145209
72721,145213
72722,145215
72723,145216
72724,145217
72725,145218
72726,145219
72727,145221
72728,145226
72729,145229
72730,145230
72731,145231
72732,145235
72733,145237
72734,145241
72735,145244
72736,145246
72737,145247
72738,145248
72739,145250
72740,145253
72741,145256
72742,145257
72743,145262
72744,145266
72745,145267
72746,145271
72747,145272
72748,145278
72749,145282
72750,145283
72751,145284
72752,145291
72753,145293
72754,145294
72755,145295
72756,145299
72757,145300
72758,145301
72759,145303
72760,145305
72761,145307
72762,145309
72763,145312
72764,145314
72765,145317
72766,145323
72767,145325
72768,145330
72769,145331
72770,145335
72771,145337
72772,145338
72773,145339
72774,145345
72775,145346
72776,145348
72777,145350
72778,145352
72779,145355
72780,145356
72781,145357
72782,145361
72783,145362
72784,145363
72785,145366
72786,145368
72787,145369
72788,145370
72789,145371
72790,145373
72791,145379
72792,145381
72793,145382
72794,145383
72795,145386
72796,145387
72797,145393
72798,145395
72799,145398
72800,145400
72801,145402
72802,145403
72803,145404
72804,145407
72805,145408
72806,145409
72807,145410
72808,145412
72809,145413
72810,145414
72811,145415
72812,145416
72813,145417
72814,145418
72815,145419
72816,145420
72817,145421
72818,145429
72819,145432
72820,145434
72821,145435
72822,145436
72823,145437
72824,145438
72825,145439
72826,145442
72827,145443
72828,145447
72829,145450
72830,145451
72831,145452
72832,145455
72833,145456
72834,145457
72835,145459
72836,145460
72837,145465
72838,145466
72839,145469
72840,145472
72841,145473
72842,145474
72843,145475
72844,145476
72845,145478
72846,145479
72847,145482
72848,145484
72849,145485
72850,145489
72851,145491
72852,145493
72853,145494
72854,145495
72855,145501
72856,145502
72857,145504
72858,145506
72859,145510
72860,145512
72861,145517
72862,145518
72863,145520
72864,145521
72865,145522
72866,145524
72867,145525
72868,145526
72869,145528
72870,145529
72871,145530
72872,145532
72873,145533
72874,145534
72875,145538
72876,145541
72877,145543
72878,145544
72879,145551
72880,145552
72881,145553
72882,145555
72883,145556
72884,145557
72885,145558
72886,145559
72887,145562
72888,145566
72889,145568
72890,145571
72891,145573
72892,145575
72893,145577
72894,145578
72895,145580
72896,145585
72897,145587
72898,145589
72899,145590
72900,145592
72901,145594
72902,145596
72903,145597
72904,145598
72905,145601
72906,145608
72907,145611
72908,145612
72909,145614
72910,145615
72911,145616
72912,145617
72913,145618
72914,145620
72915,145622
72916,145623
72917,145624
72918,145629
72919,145630
72920,145631
72921,145632
72922,145634
72923,145635
72924,145637
72925,145638
72926,145639
72927,145640
72928,145642
72929,145643
72930,145645
72931,145646
72932,145647
72933,145649
72934,145650
72935,145652
72936,145654
72937,145656
72938,145657
72939,145659
72940,145661
72941,145662
72942,145663
72943,145664
72944,145665
72945,145666
72946,145667
72947,145669
72948,145670
72949,145671
72950,145673
72951,145676
72952,145677
72953,145680
72954,145681
72955,145684
72956,145685
72957,145686
72958,145688
72959,145689
72960,145694
72961,145695
72962,145699
72963,145702
72964,145704
72965,145706
72966,145707
72967,145709
72968,145713
72969,145722
72970,145725
72971,145726
72972,145728
72973,145729
72974,145730
72975,145734
72976,145738
72977,145741
72978,145742
72979,145744
72980,145747
72981,145748
72982,145750
72983,145754
72984,145755
72985,145756
72986,145757
72987,145758
72988,145762
72989,145763
72990,145769
72991,145770
72992,145772
72993,145773
72994,145775
72995,145776
72996,145778
72997,145779
72998,145781
72999,145783
73000,145785
73001,145786
73002,145787
73003,145791
73004,145792
73005,145795
73006,145800
73007,145802
73008,145803
73009,145804
73010,145806
73011,145807
73012,145810
73013,145811
73014,145812
73015,145813
73016,145814
73017,145817
73018,145818
73019,145821
73020,145822
73021,145823
73022,145827
73023,145831
73024,145832
73025,145835
73026,145837
73027,145843
73028,145844
73029,145846
73030,145847
73031,145848
73032,145849
73033,145850
73034,145851
73035,145852
73036,145855
73037,145857
73038,145858
73039,145859
73040,145860
73041,145864
73042,145865
73043,145866
73044,145867
73045,145869
73046,145870
73047,145871
73048,145875
73049,145880
73050,145882
73051,145885
73052,145886
73053,145889
73054,145890
73055,145891
73056,145893
73057,145896
73058,145899
73059,145900
73060,145902
73061,145903
73062,145908
73063,145910
73064,145913
73065,145914
73066,145915
73067,145920
73068,145922
73069,145924
73070,145928
73071,145933
73072,145938
73073,145939
73074,145940
73075,145945
73076,145947
73077,145951
73078,145952
73079,145953
73080,145954
73081,145956
73082,145958
73083,145961
73084,145962
73085,145963
73086,145964
73087,145965
73088,145967
73089,145968
73090,145971
73091,145974
73092,145975
73093,145976
73094,145980
73095,145981
73096,145983
73097,145985
73098,145986
73099,145987
73100,145988
73101,145992
73102,145993
73103,145995
73104,145996
73105,146000
73106,146002
73107,146003
73108,146005
73109,146008
73110,146011
73111,146012
73112,146013
73113,146015
73114,146016
73115,146021
73116,146022
73117,146023
73118,146026
73119,146027
73120,146028
73121,146029
73122,146030
73123,146032
73124,146033
73125,146034
73126,146036
73127,146039
73128,146040
73129,146041
73130,146043
73131,146044
73132,146045
73133,146046
73134,146048
73135,146050
73136,146051
73137,146054
73138,146056
73139,146064
73140,146065
73141,146067
73142,146068
73143,146069
73144,146070
73145,146072
73146,146073
73147,146075
73148,146079
73149,146080
73150,146081
73151,146082
73152,146086
73153,146088
73154,146089
73155,146090
73156,146093
73157,146094
73158,146095
73159,146097
73160,146102
73161,146103
73162,146106
73163,146111
73164,146113
73165,146114
73166,146116
73167,146117
73168,146119
73169,146120
73170,146124
73171,146126
73172,146128
73173,146130
73174,146134
73175,146135
73176,146136
73177,146140
73178,146141
73179,146144
73180,146145
73181,146146
73182,146148
73183,146149
73184,146150
73185,146152
73186,146154
73187,146155
73188,146156
73189,146157
73190,146158
73191,146160
73192,146163
73193,146165
73194,146168
73195,146170
73196,146173
73197,146174
73198,146175
73199,146177
73200,146178
73201,146180
73202,146181
73203,146184
73204,146185
73205,146186
73206,146187
73207,146190
73208,146191
73209,146193
73210,146194
73211,146196
73212,146198
73213,146201
73214,146209
73215,146210
73216,146212
73217,146214
73218,146216
73219,146217
73220,146218
73221,146221
73222,146222
73223,146224
73224,146226
73225,146229
73226,146230
73227,146231
73228,146232
73229,146233
73230,146234
73231,146235
73232,146236
73233,146237
73234,146238
73235,146241
73236,146243
73237,146245
73238,146246
73239,146247
73240,146249
73241,146250
73242,146251
73243,146252
73244,146253
73245,146254
73246,146255
73247,146258
73248,146260
73249,146262
73250,146265
73251,146267
73252,146269
73253,146270
73254,146271
73255,146272
73256,146273
73257,146274
73258,146277
73259,146278
73260,146279
73261,146281
73262,146282
73263,146285
73264,146289
73265,146293
73266,146295
73267,146299
73268,146300
73269,146301
73270,146302
73271,146304
73272,146306
73273,146308
73274,146314
73275,146315
73276,146317
73277,146319
73278,146320
73279,146322
73280,146323
73281,146325
73282,146327
73283,146329
73284,146332
73285,146334
73286,146335
73287,146336
73288,146337
73289,146340
73290,146343
73291,146347
73292,146349
73293,146350
73294,146351
73295,146352
73296,146354
73297,146355
73298,146357
73299,146358
73300,146360
73301,146363
73302,146364
73303,146365
73304,146366
73305,146368
73306,146370
73307,146372
73308,146373
73309,146375
73310,146377
73311,146378
73312,146379
73313,146381
73314,146384
73315,146388
73316,146389
73317,146392
73318,146393
73319,146396
73320,146398
73321,146401
73322,146405
73323,146408
73324,146410
73325,146411
73326,146412
73327,146414
73328,146417
73329,146419
73330,146420
73331,146423
73332,146424
73333,146425
73334,146426
73335,146428
73336,146429
73337,146430
73338,146434
73339,146438
73340,146439
73341,146441
73342,146442
73343,146444
73344,146445
73345,146447
73346,146448
73347,146449
73348,146450
73349,146454
73350,146455
73351,146458
73352,146459
73353,146460
73354,146461
73355,146463
73356,146467
73357,146468
73358,146469
73359,146470
73360,146471
73361,146472
73362,146474
73363,146476
73364,146483
73365,146484
73366,146485
73367,146486
73368,146492
73369,146493
73370,146494
73371,146497
73372,146498
73373,146499
73374,146500
73375,146504
73376,146507
73377,146508
73378,146510
73379,146513
73380,146516
73381,146517
73382,146523
73383,146525
73384,146530
73385,146532
73386,146534
73387,146535
73388,146538
73389,146540
73390,146543
73391,146544
73392,146546
73393,146550
73394,146551
73395,146552
73396,146556
73397,146558
73398,146561
73399,146563
73400,146564
73401,146568
73402,146571
73403,146574
73404,146575
73405,146577
73406,146579
73407,146583
73408,146584
73409,146587
73410,146589
73411,146590
73412,146591
73413,146592
73414,146593
73415,146594
73416,146598
73417,146599
73418,146607
73419,146610
73420,146614
73421,146616
73422,146617
73423,146622
73424,146627
73425,146629
73426,146631
73427,146632
73428,146633
73429,146634
73430,146635
73431,146637
73432,146639
73433,146640
73434,146643
73435,146644
73436,146646
73437,146650
73438,146652
73439,146653
73440,146654
73441,146658
73442,146662
73443,146663
73444,146664
73445,146667
73446,146675
73447,146678
73448,146683
73449,146684
73450,146686
73451,146687
73452,146688
73453,146689
73454,146693
73455,146694
73456,146695
73457,146697
73458,146698
73459,146699
73460,146700
73461,146704
73462,146705
73463,146706
73464,146707
73465,146709
73466,146710
73467,146713
73468,146714
73469,146723
73470,146724
73471,146728
73472,146729
73473,146733
73474,146734
73475,146737
73476,146738
73477,146739
73478,146745
73479,146747
73480,146748
73481,146749
73482,146751
73483,146753
73484,146754
73485,146755
73486,146756
73487,146757
73488,146759
73489,146760
73490,146762
73491,146763
73492,146765
73493,146767
73494,146768
73495,146771
73496,146772
73497,146774
73498,146776
73499,146777
73500,146778
73501,146779
73502,146780
73503,146781
73504,146782
73505,146786
73506,146787
73507,146789
73508,146790
73509,146794
73510,146795
73511,146796
73512,146798
73513,146799
73514,146801
73515,146802
73516,146803
73517,146804
73518,146809
73519,146810
73520,146813
73521,146814
73522,146816
73523,146818
73524,146821
73525,146822
73526,146823
73527,146825
73528,146827
73529,146829
73530,146831
73531,146836
73532,146837
73533,146840
73534,146842
73535,146844
73536,146847
73537,146848
73538,146849
73539,146852
73540,146855
73541,146857
73542,146858
73543,146859
73544,146860
73545,146861
73546,146864
73547,146865
73548,146867
73549,146870
73550,146873
73551,146874
73552,146875
73553,146876
73554,146877
73555,146879
73556,146885
73557,146886
73558,146887
73559,146888
73560,146890
73561,146893
73562,146894
73563,146897
73564,146899
73565,146900
73566,146901
73567,146902
73568,146903
73569,146904
73570,146907
73571,146908
73572,146909
73573,146910
73574,146914
73575,146915
73576,146916
73577,146917
73578,146918
73579,146919
73580,146921
73581,146923
73582,146926
73583,146927
73584,146929
73585,146930
73586,146932
73587,146936
73588,146938
73589,146941
73590,146943
73591,146947
73592,146950
73593,146951
73594,146953
73595,146954
73596,146961
73597,146962
73598,146963
73599,146964
73600,146966
73601,146970
73602,146971
73603,146973
73604,146974
73605,146975
73606,146976
73607,146978
73608,146979
73609,146981
73610,146982
73611,146985
73612,146986
73613,146988
73614,146990
73615,146994
73616,146995
73617,146996
73618,147000
73619,147002
73620,147003
73621,147004
73622,147006
73623,147007
73624,147010
73625,147011
73626,147012
73627,147013
73628,147015
73629,147017
73630,147019
73631,147021
73632,147022
73633,147023
73634,147026
73635,147027
73636,147028
73637,147030
73638,147031
73639,147032
73640,147033
73641,147035
73642,147036
73643,147037
73644,147038
73645,147040
73646,147041
73647,147043
73648,147045
73649,147049
73650,147050
73651,147051
73652,147052
73653,147055
73654,147057
73655,147058
73656,147060
73657,147064
73658,147066
73659,147067
73660,147069
73661,147074
73662,147076
73663,147078
73664,147081
73665,147082
73666,147085
73667,147090
73668,147091
73669,147093
73670,147095
73671,147096
73672,147097
73673,147098
73674,147100
73675,147101
73676,147105
73677,147106
73678,147110
73679,147111
73680,147113
73681,147114
73682,147117
73683,147120
73684,147122
73685,147124
73686,147125
73687,147126
73688,147127
73689,147131
73690,147132
73691,147135
73692,147138
73693,147139
73694,147141
73695,147142
73696,147143
73697,147144
73698,147146
73699,147149
73700,147150
73701,147152
73702,147155
73703,147156
73704,147158
73705,147159
73706,147160
73707,147161
73708,147163
73709,147166
73710,147172
73711,147173
73712,147174
73713,147175
73714,147176
73715,147177
73716,147178
73717,147182
73718,147187
73719,147192
73720,147194
73721,147195
73722,147197
73723,147200
73724,147204
73725,147206
73726,147215
73727,147217
73728,147219
73729,147221
73730,147224
73731,147226
73732,147229
73733,147231
73734,147234
73735,147236
73736,147239
73737,147243
73738,147245
73739,147248
73740,147249
73741,147253
73742,147255
73743,147256
73744,147257
73745,147260
73746,147261
73747,147262
73748,147268
73749,147269
73750,147278
73751,147280
73752,147284
73753,147286
73754,147288
73755,147289
73756,147290
73757,147291
73758,147292
73759,147294
73760,147295
73761,147296
73762,147298
73763,147301
73764,147302
73765,147304
73766,147305
73767,147306
73768,147307
73769,147308
73770,147309
73771,147311
73772,147312
73773,147317
73774,147318
73775,147320
73776,147321
73777,147322
73778,147324
73779,147326
73780,147329
73781,147330
73782,147331
73783,147333
73784,147337
73785,147338
73786,147341
73787,147345
73788,147346
73789,147348
73790,147353
73791,147356
73792,147359
73793,147361
73794,147363
73795,147372
73796,147374
73797,147376
73798,147377
73799,147378
73800,147380
73801,147381
73802,147387
73803,147391
73804,147394
73805,147396
73806,147399
73807,147400
73808,147402
73809,147405
73810,147407
73811,147408
73812,147412
73813,147415
73814,147418
73815,147421
73816,147426
73817,147429
73818,147430
73819,147432
73820,147433
73821,147436
73822,147439
73823,147440
73824,147442
73825,147443
73826,147445
73827,147447
73828,147449
73829,147450
73830,147452
73831,147453
73832,147454
73833,147458
73834,147459
73835,147461
73836,147463
73837,147466
73838,147467
73839,147469
73840,147470
73841,147471
73842,147472
73843,147474
73844,147475
73845,147477
73846,147479
73847,147480
73848,147481
73849,147488
73850,147494
73851,147495
73852,147498
73853,147499
73854,147501
73855,147502
73856,147503
73857,147507
73858,147508
73859,147509
73860,147510
73861,147511
73862,147515
73863,147517
73864,147518
73865,147519
73866,147520
73867,147522
73868,147526
73869,147527
73870,147528
73871,147529
73872,147530
73873,147533
73874,147537
73875,147540
73876,147541
73877,147542
73878,147543
73879,147546
73880,147547
73881,147549
73882,147550
73883,147551
73884,147552
73885,147554
73886,147557
73887,147561
73888,147563
73889,147564
73890,147568
73891,147569
73892,147570
73893,147572
73894,147574
73895,147578
73896,147580
73897,147581
73898,147583
73899,147584
73900,147587
73901,147589
73902,147596
73903,147597
73904,147598
73905,147599
73906,147603
73907,147605
73908,147606
73909,147610
73910,147611
73911,147615
73912,147616
73913,147617
73914,147618
73915,147620
73916,147622
73917,147624
73918,147625
73919,147626
73920,147628
73921,147632
73922,147634
73923,147635
73924,147637
73925,147638
73926,147642
73927,147645
73928,147647
73929,147650
73930,147651
73931,147652
73932,147653
73933,147654
73934,147658
73935,147660
73936,147666
73937,147669
73938,147671
73939,147676
73940,147677
73941,147678
73942,147680
73943,147682
73944,147685
73945,147686
73946,147687
73947,147688
73948,147691
73949,147692
73950,147694
73951,147695
73952,147699
73953,147701
73954,147703
73955,147704
73956,147706
73957,147710
73958,147712
73959,147713
73960,147716
73961,147718
73962,147719
73963,147720
73964,147722
73965,147723
73966,147725
73967,147728
73968,147729
73969,147732
73970,147735
73971,147739
73972,147740
73973,147747
73974,147748
73975,147750
73976,147751
73977,147754
73978,147756
73979,147758
73980,147760
73981,147762
73982,147764
73983,147765
73984,147766
73985,147767
73986,147769
73987,147771
73988,147776
73989,147777
73990,147778
73991,147779
73992,147780
73993,147786
73994,147790
73995,147792
73996,147795
73997,147796
73998,147800
73999,147801
74000,147803
74001,147804
74002,147809
74003,147810
74004,147812
74005,147813
74006,147817
74007,147820
74008,147821
74009,147823
74010,147824
74011,147826
74012,147832
74013,147833
74014,147837
74015,147846
74016,147849
74017,147850
74018,147852
74019,147854
74020,147856
74021,147858
74022,147859
74023,147861
74024,147862
74025,147863
74026,147865
74027,147867
74028,147870
74029,147871
74030,147872
74031,147876
74032,147879
74033,147880
74034,147882
74035,147883
74036,147884
74037,147886
74038,147889
74039,147892
74040,147893
74041,147895
74042,147896
74043,147897
74044,147899
74045,147901
74046,147903
74047,147904
74048,147905
74049,147907
74050,147917
74051,147919
74052,147920
74053,147922
74054,147923
74055,147924
74056,147925
74057,147926
74058,147928
74059,147929
74060,147930
74061,147933
74062,147934
74063,147935
74064,147938
74065,147939
74066,147940
74067,147941
74068,147944
74069,147946
74070,147948
74071,147949
74072,147951
74073,147952
74074,147953
74075,147954
74076,147958
74077,147962
74078,147963
74079,147967
74080,147968
74081,147969
74082,147970
74083,147972
74084,147973
74085,147975
74086,147976
74087,147977
74088,147979
74089,147985
74090,147988
74091,147995
74092,147996
74093,148001
74094,148002
74095,148005
74096,148007
74097,148012
74098,148014
74099,148016
74100,148017
74101,148018
74102,148019
74103,148020
74104,148021
74105,148022
74106,148027
74107,148035
74108,148039
74109,148042
74110,148043
74111,148044
74112,148046
74113,148047
74114,148050
74115,148051
74116,148052
74117,148053
74118,148054
74119,148056
74120,148057
74121,148063
74122,148064
74123,148065
74124,148066
74125,148067
74126,148069
74127,148070
74128,148072
74129,148073
74130,148075
74131,148077
74132,148078
74133,148080
74134,148083
74135,148084
74136,148087
74137,148088
74138,148089
74139,148091
74140,148092
74141,148093
74142,148096
74143,148097
74144,148100
74145,148103
74146,148104
74147,148107
74148,148108
74149,148110
74150,148114
74151,148117
74152,148121
74153,148123
74154,148125
74155,148126
74156,148128
74157,148130
74158,148131
74159,148133
74160,148134
74161,148137
74162,148139
74163,148140
74164,148144
74165,148145
74166,148147
74167,148148
74168,148149
74169,148150
74170,148152
74171,148153
74172,148154
74173,148155
74174,148158
74175,148159
74176,148161
74177,148162
74178,148164
74179,148165
74180,148167
74181,148169
74182,148170
74183,148172
74184,148174
74185,148177
74186,148178
74187,148179
74188,148180
74189,148181
74190,148184
74191,148185
74192,148186
74193,148188
74194,148190
74195,148192
74196,148193
74197,148194
74198,148195
74199,148197
74200,148199
74201,148201
74202,148202
74203,148203
74204,148204
74205,148205
74206,148207
74207,148209
74208,148211
74209,148213
74210,148218
74211,148223
74212,148224
74213,148226
74214,148227
74215,148233
74216,148237
74217,148240
74218,148241
74219,148245
74220,148247
74221,148249
74222,148250
74223,148255
74224,148257
74225,148260
74226,148263
74227,148266
74228,148269
74229,148270
74230,148273
74231,148276
74232,148277
74233,148278
74234,148279
74235,148281
74236,148282
74237,148283
74238,148284
74239,148285
74240,148286
74241,148287
74242,148289
74243,148292
74244,148293
74245,148297
74246,148299
74247,148300
74248,148303
74249,148306
74250,148308
74251,148309
74252,148311
74253,148312
74254,148313
74255,148314
74256,148315
74257,148318
74258,148319
74259,148320
74260,148321
74261,148323
74262,148325
74263,148327
74264,148328
74265,148333
74266,148334
74267,148335
74268,148337
74269,148338
74270,148340
74271,148347
74272,148348
74273,148349
74274,148352
74275,148354
74276,148356
74277,148357
74278,148358
74279,148361
74280,148364
74281,148366
74282,148367
74283,148371
74284,148373
74285,148374
74286,148375
74287,148376
74288,148377
74289,148378
74290,148382
74291,148384
74292,148385
74293,148386
74294,148387
74295,148390
74296,148391
74297,148392
74298,148395
74299,148396
74300,148401
74301,148402
74302,148403
74303,148404
74304,148405
74305,148406
74306,148408
74307,148409
74308,148411
74309,148414
74310,148415
74311,148417
74312,148419
74313,148420
74314,148423
74315,148426
74316,148429
74317,148430
74318,148432
74319,148433
74320,148434
74321,148435
74322,148436
74323,148437
74324,148442
74325,148444
74326,148447
74327,148448
74328,148449
74329,148452
74330,148457
74331,148458
74332,148459
74333,148461
74334,148462
74335,148463
74336,148468
74337,148471
74338,148472
74339,148473
74340,148477
74341,148478
74342,148479
74343,148480
74344,148481
74345,148482
74346,148486
74347,148488
74348,148489
74349,148492
74350,148493
74351,148494
74352,148495
74353,148501
74354,148503
74355,148507
74356,148509
74357,148511
74358,148512
74359,148514
74360,148515
74361,148516
74362,148520
74363,148521
74364,148522
74365,148530
74366,148531
74367,148533
74368,148534
74369,148539
74370,148540
74371,148541
74372,148542
74373,148543
74374,148544
74375,148547
74376,148548
74377,148556
74378,148559
74379,148561
74380,148562
74381,148563
74382,148564
74383,148565
74384,148567
74385,148569
74386,148571
74387,148572
74388,148573
74389,148575
74390,148578
74391,148580
74392,148583
74393,148584
74394,148585
74395,148591
74396,148592
74397,148593
74398,148594
74399,148596
74400,148598
74401,148599
74402,148604
74403,148605
74404,148606
74405,148609
74406,148611
74407,148612
74408,148614
74409,148616
74410,148617
74411,148618
74412,148622
74413,148625
74414,148626
74415,148628
74416,148629
74417,148631
74418,148632
74419,148633
74420,148634
74421,148636
74422,148638
74423,148643
74424,148644
74425,148646
74426,148649
74427,148651
74428,148652
74429,148653
74430,148654
74431,148655
74432,148656
74433,148657
74434,148658
74435,148660
74436,148661
74437,148662
74438,148663
74439,148664
74440,148666
74441,148667
74442,148669
74443,148671
74444,148672
74445,148678
74446,148680
74447,148685
74448,148686
74449,148687
74450,148689
74451,148690
74452,148693
74453,148694
74454,148695
74455,148696
74456,148697
74457,148700
74458,148702
74459,148703
74460,148705
74461,148706
74462,148708
74463,148709
74464,148712
74465,148713
74466,148716
74467,148718
74468,148719
74469,148720
74470,148721
74471,148724
74472,148727
74473,148728
74474,148729
74475,148730
74476,148731
74477,148732
74478,148734
74479,148735
74480,148744
74481,148750
74482,148753
74483,148756
74484,148757
74485,148758
74486,148759
74487,148761
74488,148765
74489,148768
74490,148770
74491,148772
74492,148774
74493,148775
74494,148776
74495,148779
74496,148782
74497,148783
74498,148785
74499,148786
74500,148788
74501,148789
74502,148791
74503,148792
74504,148794
74505,148795
74506,148797
74507,148799
74508,148800
74509,148801
74510,148803
74511,148806
74512,148808
74513,148809
74514,148811
74515,148814
74516,148816
74517,148817
74518,148818
74519,148819
74520,148820
74521,148821
74522,148825
74523,148826
74524,148827
74525,148828
74526,148832
74527,148834
74528,148835
74529,148839
74530,148845
74531,148848
74532,148850
74533,148852
74534,148855
74535,148856
74536,148858
74537,148859
74538,148864
74539,148865
74540,148870
74541,148873
74542,148874
74543,148876
74544,148877
74545,148878
74546,148879
74547,148880
74548,148883
74549,148884
74550,148885
74551,148886
74552,148887
74553,148891
74554,148892
74555,148893
74556,148895
74557,148898
74558,148899
74559,148900
74560,148901
74561,148904
74562,148905
74563,148906
74564,148907
74565,148908
74566,148909
74567,148915
74568,148917
74569,148918
74570,148919
74571,148927
74572,148928
74573,148929
74574,148930
74575,148936
74576,148938
74577,148939
74578,148940
74579,148941
74580,148945
74581,148946
74582,148947
74583,148948
74584,148951
74585,148954
74586,148955
74587,148956
74588,148957
74589,148961
74590,148966
74591,148969
74592,148972
74593,148973
74594,148975
74595,148977
74596,148979
74597,148980
74598,148982
74599,148984
74600,148986
74601,148987
74602,148991
74603,148992
74604,148996
74605,148998
74606,149000
74607,149002
74608,149005
74609,149006
74610,149008
74611,149010
74612,149011
74613,149012
74614,149014
74615,149015
74616,149018
74617,149019
74618,149020
74619,149023
74620,149026
74621,149028
74622,149030
74623,149031
74624,149034
74625,149035
74626,149036
74627,149038
74628,149040
74629,149041
74630,149045
74631,149047
74632,149048
74633,149050
74634,149052
74635,149054
74636,149055
74637,149056
74638,149057
74639,149058
74640,149063
74641,149064
74642,149065
74643,149070
74644,149071
74645,149073
74646,149075
74647,149077
74648,149078
74649,149080
74650,149082
74651,149084
74652,149088
74653,149090
74654,149091
74655,149093
74656,149094
74657,149095
74658,149096
74659,149097
74660,149098
74661,149099
74662,149100
74663,149103
74664,149104
74665,149105
74666,149106
74667,149107
74668,149111
74669,149112
74670,149113
74671,149114
74672,149115
74673,149116
74674,149120
74675,149121
74676,149122
74677,149123
74678,149124
74679,149127
74680,149128
74681,149130
74682,149133
74683,149136
74684,149140
74685,149143
74686,149144
74687,149146
74688,149149
74689,149153
74690,149154
74691,149156
74692,149160
74693,149162
74694,149163
74695,149164
74696,149167
74697,149168
74698,149169
74699,149170
74700,149172
74701,149175
74702,149176
74703,149178
74704,149179
74705,149180
74706,149182
74707,149183
74708,149184
74709,149186
74710,149189
74711,149190
74712,149191
74713,149194
74714,149195
74715,149200
74716,149201
74717,149202
74718,149207
74719,149208
74720,149210
74721,149211
74722,149212
74723,149213
74724,149214
74725,149218
74726,149219
74727,149220
74728,149221
74729,149222
74730,149223
74731,149225
74732,149228
74733,149229
74734,149232
74735,149234
74736,149235
74737,149238
74738,149241
74739,149243
74740,149244
74741,149246
74742,149251
74743,149253
74744,149256
74745,149257
74746,149260
74747,149262
74748,149265
74749,149268
74750,149269
74751,149270
74752,149271
74753,149275
74754,149278
74755,149280
74756,149284
74757,149285
74758,149286
74759,149287
74760,149288
74761,149290
74762,149291
74763,149293
74764,149298
74765,149300
74766,149301
74767,149302
74768,149304
74769,149306
74770,149307
74771,149308
74772,149310
74773,149313
74774,149314
74775,149316
74776,149317
74777,149319
74778,149320
74779,149321
74780,149322
74781,149324
74782,149330
74783,149333
74784,149335
74785,149336
74786,149337
74787,149341
74788,149347
74789,149351
74790,149355
74791,149358
74792,149360
74793,149363
74794,149366
74795,149367
74796,149368
74797,149370
74798,149375
74799,149376
74800,149379
74801,149380
74802,149385
74803,149387
74804,149388
74805,149391
74806,149397
74807,149400
74808,149401
74809,149403
74810,149404
74811,149409
74812,149410
74813,149411
74814,149412
74815,149413
74816,149416
74817,149419
74818,149422
74819,149425
74820,149426
74821,149428
74822,149429
74823,149432
74824,149433
74825,149434
74826,149435
74827,149436
74828,149437
74829,149438
74830,149439
74831,149440
74832,149442
74833,149448
74834,149449
74835,149450
74836,149451
74837,149452
74838,149453
74839,149454
74840,149456
74841,149460
74842,149462
74843,149464
74844,149465
74845,149466
74846,149467
74847,149468
74848,149471
74849,149473
74850,149474
74851,149475
74852,149476
74853,149477
74854,149478
74855,149480
74856,149482
74857,149484
74858,149487
74859,149488
74860,149490
74861,149492
74862,149493
74863,149494
74864,149495
74865,149499
74866,149501
74867,149503
74868,149504
74869,149506
74870,149507
74871,149508
74872,149510
74873,149511
74874,149515
74875,149517
74876,149519
74877,149520
74878,149521
74879,149522
74880,149524
74881,149526
74882,149527
74883,149528
74884,149530
74885,149532
74886,149533
74887,149535
74888,149536
74889,149537
74890,149538
74891,149542
74892,149543
74893,149544
74894,149550
74895,149551
74896,149552
74897,149555
74898,149556
74899,149557
74900,149561
74901,149565
74902,149566
74903,149572
74904,149573
74905,149574
74906,149577
74907,149579
74908,149582
74909,149583
74910,149584
74911,149585
74912,149588
74913,149589
74914,149591
74915,149592
74916,149594
74917,149597
74918,149600
74919,149601
74920,149604
74921,149606
74922,149608
74923,149609
74924,149613
74925,149614
74926,149616
74927,149617
74928,149618
74929,149620
74930,149623
74931,149624
74932,149625
74933,149627
74934,149629
74935,149632
74936,149633
74937,149634
74938,149635
74939,149636
74940,149639
74941,149640
74942,149644
74943,149645
74944,149646
74945,149647
74946,149648
74947,149649
74948,149651
74949,149655
74950,149659
74951,149660
74952,149662
74953,149663
74954,149665
74955,149666
74956,149669
74957,149670
74958,149671
74959,149672
74960,149673
74961,149676
74962,149678
74963,149682
74964,149684
74965,149687
74966,149688
74967,149689
74968,149690
74969,149692
74970,149693
74971,149694
74972,149695
74973,149696
74974,149697
74975,149703
74976,149704
74977,149705
74978,149706
74979,149709
74980,149711
74981,149720
74982,149721
74983,149722
74984,149723
74985,149724
74986,149725
74987,149728
74988,149731
74989,149732
74990,149733
74991,149735
74992,149742
74993,149743
74994,149744
74995,149745
74996,149746
74997,149747
74998,149748
74999,149749
75000,149752
75001,149753
75002,149755
75003,149757
75004,149758
75005,149760
75006,149761
75007,149762
75008,149764
75009,149767
75010,149770
75011,149771
75012,149774
75013,149775
75014,149779
75015,149782
75016,149784
75017,149787
75018,149788
75019,149789
75020,149790
75021,149791
75022,149792
75023,149793
75024,149796
75025,149800
75026,149803
75027,149808
75028,149812
75029,149813
75030,149814
75031,149815
75032,149825
75033,149828
75034,149832
75035,149835
75036,149836
75037,149837
75038,149842
75039,149843
75040,149844
75041,149845
75042,149847
75043,149848
75044,149849
75045,149850
75046,149852
75047,149853
75048,149855
75049,149860
75050,149861
75051,149862
75052,149865
75053,149867
75054,149868
75055,149869
75056,149871
75057,149874
75058,149875
75059,149876
75060,149881
75061,149882
75062,149883
75063,149885
75064,149886
75065,149887
75066,149888
75067,149889
75068,149890
75069,149892
75070,149894
75071,149899
75072,149901
75073,149903
75074,149905
75075,149907
75076,149910
75077,149913
75078,149914
75079,149915
75080,149918
75081,149921
75082,149924
75083,149926
75084,149929
75085,149933
75086,149935
75087,149936
75088,149937
75089,149939
75090,149941
75091,149944
75092,149945
75093,149946
75094,149950
75095,149951
75096,149955
75097,149956
75098,149959
75099,149962
75100,149963
75101,149964
75102,149967
75103,149968
75104,149971
75105,149972
75106,149973
75107,149975
75108,149976
75109,149980
75110,149985
75111,149986
75112,149987
75113,149992
75114,149994
75115,149996
75116,150005
75117,150006
75118,150007
75119,150009
75120,150010
75121,150011
75122,150012
75123,150015
75124,150017
75125,150018
75126,150019
75127,150023
75128,150024
75129,150025
75130,150029
75131,150031
75132,150033
75133,150036
75134,150037
75135,150040
75136,150042
75137,150043
75138,150044
75139,150045
75140,150047
75141,150048
75142,150049
75143,150051
75144,150052
75145,150053
75146,150056
75147,150057
75148,150058
75149,150061
75150,150062
75151,150063
75152,150075
75153,150077
75154,150080
75155,150081
75156,150082
75157,150088
75158,150090
75159,150091
75160,150093
75161,150094
75162,150095
75163,150097
75164,150101
75165,150103
75166,150106
75167,150108
75168,150109
75169,150111
75170,150112
75171,150114
75172,150115
75173,150116
75174,150119
75175,150120
75176,150121
75177,150122
75178,150129
75179,150130
75180,150131
75181,150133
75182,150134
75183,150135
75184,150136
75185,150137
75186,150138
75187,150139
75188,150142
75189,150143
75190,150146
75191,150147
75192,150148
75193,150150
75194,150154
75195,150157
75196,150158
75197,150161
75198,150162
75199,150164
75200,150165
75201,150166
75202,150167
75203,150168
75204,150170
75205,150171
75206,150174
75207,150175
75208,150176
75209,150177
75210,150178
75211,150181
75212,150183
75213,150186
75214,150188
75215,150190
75216,150194
75217,150196
75218,150197
75219,150198
75220,150199
75221,150201
75222,150202
75223,150203
75224,150204
75225,150208
75226,150209
75227,150210
75228,150211
75229,150214
75230,150215
75231,150218
75232,150220
75233,150223
75234,150224
75235,150225
75236,150226
75237,150227
75238,150229
75239,150230
75240,150231
75241,150232
75242,150234
75243,150235
75244,150236
75245,150238
75246,150239
75247,150240
75248,150241
75249,150246
75250,150248
75251,150250
75252,150251
75253,150252
75254,150254
75255,150258
75256,150260
75257,150261
75258,150264
75259,150265
75260,150268
75261,150270
75262,150273
75263,150275
75264,150276
75265,150281
75266,150284
75267,150287
75268,150288
75269,150293
75270,150299
75271,150304
75272,150308
75273,150310
75274,150314
75275,150316
75276,150318
75277,150320
75278,150323
75279,150324
75280,150327
75281,150329
75282,150330
75283,150331
75284,150335
75285,150339
75286,150340
75287,150341
75288,150344
75289,150346
75290,150354
75291,150356
75292,150358
75293,150363
75294,150365
75295,150367
75296,150371
75297,150373
75298,150374
75299,150375
75300,150376
75301,150377
75302,150382
75303,150383
75304,150384
75305,150386
75306,150387
75307,150389
75308,150390
75309,150391
75310,150393
75311,150394
75312,150397
75313,150401
75314,150404
75315,150406
75316,150411
75317,150413
75318,150415
75319,150416
75320,150417
75321,150418
75322,150420
75323,150422
75324,150423
75325,150427
75326,150429
75327,150430
75328,150431
75329,150433
75330,150435
75331,150441
75332,150446
75333,150447
75334,150449
75335,150451
75336,150452
75337,150453
75338,150454
75339,150455
75340,150456
75341,150458
75342,150459
75343,150463
75344,150464
75345,150468
75346,150469
75347,150474
75348,150477
75349,150479
75350,150480
75351,150483
75352,150486
75353,150488
75354,150489
75355,150490
75356,150492
75357,150497
75358,150499
75359,150503
75360,150504
75361,150505
75362,150506
75363,150507
75364,150508
75365,150509
75366,150511
75367,150514
75368,150516
75369,150517
75370,150521
75371,150523
75372,150526
75373,150528
75374,150530
75375,150531
75376,150537
75377,150539
75378,150541
75379,150542
75380,150544
75381,150546
75382,150547
75383,150548
75384,150550
75385,150557
75386,150558
75387,150562
75388,150564
75389,150565
75390,150567
75391,150570
75392,150571
75393,150573
75394,150574
75395,150579
75396,150580
75397,150581
75398,150583
75399,150585
75400,150591
75401,150592
75402,150597
75403,150598
75404,150601
75405,150603
75406,150604
75407,150605
75408,150606
75409,150613
75410,150615
75411,150616
75412,150620
75413,150622
75414,150627
75415,150631
75416,150632
75417,150633
75418,150641
75419,150643
75420,150644
75421,150647
75422,150650
75423,150652
75424,150653
75425,150654
75426,150656
75427,150659
75428,150662
75429,150663
75430,150666
75431,150667
75432,150672
75433,150674
75434,150675
75435,150676
75436,150677
75437,150679
75438,150680
75439,150681
75440,150684
75441,150685
75442,150686
75443,150688
75444,150689
75445,150691
75446,150692
75447,150693
75448,150696
75449,150698
75450,150699
75451,150701
75452,150704
75453,150710
75454,150715
75455,150716
75456,150718
75457,150719
75458,150721
75459,150723
75460,150726
75461,150729
75462,150730
75463,150731
75464,150735
75465,150743
75466,150745
75467,150746
75468,150748
75469,150749
75470,150753
75471,150757
75472,150758
75473,150760
75474,150761
75475,150762
75476,150765
75477,150767
75478,150768
75479,150774
75480,150777
75481,150778
75482,150779
75483,150783
75484,150787
75485,150792
75486,150793
75487,150794
75488,150796
75489,150798
75490,150799
75491,150801
75492,150803
75493,150805
75494,150806
75495,150808
75496,150810
75497,150811
75498,150813
75499,150815
75500,150818
75501,150819
75502,150820
75503,150821
75504,150823
75505,150825
75506,150826
75507,150828
75508,150830
75509,150837
75510,150838
75511,150840
75512,150842
75513,150844
75514,150845
75515,150846
75516,150850
75517,150851
75518,150852
75519,150853
75520,150854
75521,150856
75522,150857
75523,150859
75524,150864
75525,150866
75526,150867
75527,150868
75528,150870
75529,150871
75530,150874
75531,150875
75532,150876
75533,150878
75534,150880
75535,150881
75536,150882
75537,150884
75538,150885
75539,150892
75540,150894
75541,150896
75542,150898
75543,150901
75544,150903
75545,150904
75546,150905
75547,150906
75548,150907
75549,150908
75550,150911
75551,150914
75552,150916
75553,150921
75554,150922
75555,150924
75556,150925
75557,150927
75558,150930
75559,150932
75560,150936
75561,150937
75562,150938
75563,150940
75564,150943
75565,150944
75566,150945
75567,150949
75568,150953
75569,150954
75570,150958
75571,150960
75572,150961
75573,150963
75574,150964
75575,150965
75576,150967
75577,150971
75578,150972
75579,150973
75580,150975
75581,150977
75582,150983
75583,150985
75584,150987
75585,150988
75586,150989
75587,150990
75588,150992
75589,150994
75590,150995
75591,150996
75592,150998
75593,151000
75594,151001
75595,151002
75596,151003
75597,151006
75598,151007
75599,151008
75600,151011
75601,151014
75602,151017
75603,151018
75604,151019
75605,151024
75606,151026
75607,151027
75608,151031
75609,151034
75610,151035
75611,151038
75612,151039
75613,151040
75614,151042
75615,151043
75616,151044
75617,151046
75618,151051
75619,151052
75620,151053
75621,151054
75622,151055
75623,151057
75624,151058
75625,151061
75626,151062
75627,151064
75628,151067
75629,151073
75630,151074
75631,151076
75632,151077
75633,151081
75634,151082
75635,151085
75636,151086
75637,151087
75638,151089
75639,151096
75640,151099
75641,151100
75642,151103
75643,151104
75644,151105
75645,151106
75646,151107
75647,151110
75648,151111
75649,151112
75650,151114
75651,151121
75652,151122
75653,151123
75654,151125
75655,151127
75656,151128
75657,151129
75658,151130
75659,151133
75660,151134
75661,151136
75662,151137
75663,151138
75664,151139
75665,151143
75666,151144
75667,151146
75668,151148
75669,151149
75670,151150
75671,151153
75672,151154
75673,151155
75674,151157
75675,151159
75676,151160
75677,151161
75678,151166
75679,151170
75680,151172
75681,151173
75682,151177
75683,151179
75684,151182
75685,151184
75686,151188
75687,151189
75688,151193
75689,151194
75690,151196
75691,151197
75692,151198
75693,151200
75694,151201
75695,151202
75696,151203
75697,151204
75698,151205
75699,151209
75700,151210
75701,151211
75702,151215
75703,151218
75704,151219
75705,151221
75706,151226
75707,151227
75708,151228
75709,151229
75710,151231
75711,151238
75712,151239
75713,151242
75714,151245
75715,151249
75716,151251
75717,151254
75718,151257
75719,151258
75720,151259
75721,151261
75722,151263
75723,151265
75724,151266
75725,151269
75726,151271
75727,151272
75728,151275
75729,151279
75730,151283
75731,151285
75732,151287
75733,151288
75734,151293
75735,151294
75736,151295
75737,151299
75738,151303
75739,151306
75740,151308
75741,151317
75742,151319
75743,151320
75744,151321
75745,151323
75746,151326
75747,151331
75748,151332
75749,151335
75750,151338
75751,151339
75752,151341
75753,151342
75754,151345
75755,151349
75756,151351
75757,151352
75758,151353
75759,151354
75760,151355
75761,151357
75762,151359
75763,151362
75764,151363
75765,151365
75766,151368
75767,151369
75768,151370
75769,151371
75770,151374
75771,151376
75772,151377
75773,151378
75774,151381
75775,151382
75776,151385
75777,151386
75778,151387
75779,151388
75780,151389
75781,151390
75782,151392
75783,151396
75784,151398
75785,151399
75786,151400
75787,151403
75788,151405
75789,151406
75790,151407
75791,151408
75792,151410
75793,151413
75794,151414
75795,151415
75796,151416
75797,151417
75798,151419
75799,151420
75800,151423
75801,151424
75802,151425
75803,151426
75804,151427
75805,151428
75806,151430
75807,151431
75808,151432
75809,151433
75810,151436
75811,151437
75812,151439
75813,151440
75814,151441
75815,151442
75816,151443
75817,151444
75818,151447
75819,151452
75820,151453
75821,151456
75822,151459
75823,151460
75824,151461
75825,151466
75826,151467
75827,151468
75828,151474
75829,151475
75830,151477
75831,151479
75832,151481
75833,151483
75834,151485
75835,151486
75836,151488
75837,151491
75838,151492
75839,151493
75840,151494
75841,151497
75842,151498
75843,151499
75844,151501
75845,151502
75846,151505
75847,151506
75848,151508
75849,151510
75850,151511
75851,151512
75852,151513
75853,151515
75854,151516
75855,151520
75856,151521
75857,151522
75858,151523
75859,151525
75860,151530
75861,151531
75862,151532
75863,151534
75864,151537
75865,151538
75866,151540
75867,151541
75868,151542
75869,151544
75870,151547
75871,151549
75872,151550
75873,151552
75874,151553
75875,151554
75876,151555
75877,151560
75878,151561
75879,151562
75880,151563
75881,151564
75882,151566
75883,151571
75884,151573
75885,151575
75886,151576
75887,151577
75888,151578
75889,151580
75890,151582
75891,151584
75892,151585
75893,151586
75894,151587
75895,151590
75896,151591
75897,151593
75898,151595
75899,151598
75900,151599
75901,151600
75902,151601
75903,151605
75904,151609
75905,151610
75906,151616
75907,151617
75908,151618
75909,151621
75910,151622
75911,151624
75912,151627
75913,151628
75914,151629
75915,151631
75916,151633
75917,151634
75918,151636
75919,151640
75920,151641
75921,151642
75922,151644
75923,151645
75924,151647
75925,151649
75926,151651
75927,151655
75928,151656
75929,151657
75930,151658
75931,151659
75932,151662
75933,151663
75934,151664
75935,151666
75936,151669
75937,151671
75938,151674
75939,151675
75940,151676
75941,151679
75942,151683
75943,151685
75944,151687
75945,151689
75946,151690
75947,151691
75948,151694
75949,151695
75950,151698
75951,151701
75952,151702
75953,151704
75954,151708
75955,151712
75956,151716
75957,151720
75958,151721
75959,151722
75960,151725
75961,151728
75962,151731
75963,151732
75964,151733
75965,151735
75966,151736
75967,151738
75968,151740
75969,151742
75970,151743
75971,151745
75972,151754
75973,151755
75974,151757
75975,151758
75976,151759
75977,151760
75978,151762
75979,151763
75980,151764
75981,151767
75982,151770
75983,151774
75984,151775
75985,151778
75986,151779
75987,151783
75988,151787
75989,151792
75990,151793
75991,151794
75992,151795
75993,151796
75994,151797
75995,151798
75996,151799
75997,151800
75998,151801
75999,151802
76000,151804
76001,151805
76002,151806
76003,151807
76004,151808
76005,151809
76006,151810
76007,151811
76008,151813
76009,151815
76010,151816
76011,151818
76012,151820
76013,151821
76014,151825
76015,151829
76016,151830
76017,151835
76018,151836
76019,151838
